id,group,asset,variant,size,transparent,priority,source_status,notes
icon,brand,App icon master,,256x256,yes,1,explicit,
icon_16,brand,App icon export,16px,16x16,yes,1,explicit,
icon_32,brand,App icon export,32px,32x32,yes,1,explicit,
icon_48,brand,App icon export,48px,48x48,yes,1,explicit,
icon_64,brand,App icon export,64px,64x64,yes,1,explicit,
icon_128,brand,App icon export,128px,128x128,yes,1,explicit,
icon_256,brand,App icon export,256px,256x256,yes,1,explicit,
title_wordmark,brand,ONE MORE LIFE wordmark,,256x256,yes,1,explicit,
title_emblem,brand,Title emblem,,256x256,yes,1,explicit,
mode_emblem_human,brand,Mode emblem,human,256x256,yes,1,explicit,
share_frame_human,brand,Share-card frame,human,9-slice,yes,1,explicit,
mode_emblem_pets,brand,Mode emblem,pets,256x256,yes,1,explicit,
share_frame_pets,brand,Share-card frame,pets,9-slice,yes,1,explicit,
mode_emblem_prison,brand,Mode emblem,prison,256x256,yes,1,explicit,
share_frame_prison,brand,Share-card frame,prison,9-slice,yes,1,explicit,
share_stamp_modified,brand,Modified life stamp,,256x256,yes,1,explicit,
spot_empty_log,brand,Loading / empty-state spot art,empty_log,256x256,yes,1,explicit,
spot_empty_inventory,brand,Loading / empty-state spot art,empty_inventory,256x256,yes,1,explicit,
spot_empty_graveyard,brand,Loading / empty-state spot art,empty_graveyard,256x256,yes,1,explicit,
spot_empty_attic,brand,Loading / empty-state spot art,empty_attic,256x256,yes,1,explicit,
spot_no_pets,brand,Loading / empty-state spot art,no_pets,256x256,yes,1,explicit,
spot_no_applications,brand,Loading / empty-state spot art,no_applications,256x256,yes,1,explicit,
body_baby_slim,avatar/base,Base body,"baby, slim",512x512,yes,1,explicit,
body_baby_average,avatar/base,Base body,"baby, average",512x512,yes,1,explicit,
body_baby_broad,avatar/base,Base body,"baby, broad",512x512,yes,1,explicit,
body_child_slim,avatar/base,Base body,"child, slim",512x512,yes,1,explicit,
body_child_average,avatar/base,Base body,"child, average",512x512,yes,1,explicit,
body_child_broad,avatar/base,Base body,"child, broad",512x512,yes,1,explicit,
body_teen_slim,avatar/base,Base body,"teen, slim",512x512,yes,1,explicit,
body_teen_average,avatar/base,Base body,"teen, average",512x512,yes,1,explicit,
body_teen_broad,avatar/base,Base body,"teen, broad",512x512,yes,1,explicit,
body_young_adult_slim,avatar/base,Base body,"young_adult, slim",512x512,yes,1,explicit,
body_young_adult_average,avatar/base,Base body,"young_adult, average",512x512,yes,1,explicit,
body_young_adult_broad,avatar/base,Base body,"young_adult, broad",512x512,yes,1,explicit,
body_adult_slim,avatar/base,Base body,"adult, slim",512x512,yes,1,explicit,
body_adult_average,avatar/base,Base body,"adult, average",512x512,yes,1,explicit,
body_adult_broad,avatar/base,Base body,"adult, broad",512x512,yes,1,explicit,
body_elder_slim,avatar/base,Base body,"elder, slim",512x512,yes,1,explicit,
body_elder_average,avatar/base,Base body,"elder, average",512x512,yes,1,explicit,
body_elder_broad,avatar/base,Base body,"elder, broad",512x512,yes,1,explicit,
skin_tone_classic_yellow,avatar/palette,Skin tone swatch,classic_yellow,256x256,yes,1,explicit,
skin_tone_light,avatar/palette,Skin tone swatch,light,256x256,yes,1,explicit,
skin_tone_medium_light,avatar/palette,Skin tone swatch,medium_light,256x256,yes,1,explicit,
skin_tone_medium,avatar/palette,Skin tone swatch,medium,256x256,yes,1,explicit,
skin_tone_medium_dark,avatar/palette,Skin tone swatch,medium_dark,256x256,yes,1,explicit,
skin_tone_dark,avatar/palette,Skin tone swatch,dark,256x256,yes,1,explicit,
face_shape_round,avatar/face,Face shape,round,512x512,yes,1,explicit,
face_shape_oval,avatar/face,Face shape,oval,512x512,yes,1,explicit,
face_shape_square,avatar/face,Face shape,square,512x512,yes,1,explicit,
face_shape_heart,avatar/face,Face shape,heart,512x512,yes,1,explicit,
expression_neutral,avatar/face,Expression,neutral,512x512,yes,1,explicit,
expression_happy,avatar/face,Expression,happy,512x512,yes,1,explicit,
expression_sad,avatar/face,Expression,sad,512x512,yes,1,explicit,
expression_angry,avatar/face,Expression,angry,512x512,yes,1,explicit,
expression_worried,avatar/face,Expression,worried,512x512,yes,1,explicit,
expression_in_love,avatar/face,Expression,in_love,512x512,yes,1,explicit,
expression_sick,avatar/face,Expression,sick,512x512,yes,1,explicit,
expression_proud,avatar/face,Expression,proud,512x512,yes,1,explicit,
eyes_01,avatar/face,Eyes,set 1,512x512,yes,1,explicit,
eyes_02,avatar/face,Eyes,set 2,512x512,yes,1,explicit,
eyes_03,avatar/face,Eyes,set 3,512x512,yes,1,explicit,
eyes_04,avatar/face,Eyes,set 4,512x512,yes,1,explicit,
eyes_05,avatar/face,Eyes,set 5,512x512,yes,1,explicit,
eyes_06,avatar/face,Eyes,set 6,512x512,yes,1,explicit,
brows_01,avatar/face,Brows,set 1,512x512,yes,1,explicit,
brows_02,avatar/face,Brows,set 2,512x512,yes,1,explicit,
brows_03,avatar/face,Brows,set 3,512x512,yes,1,explicit,
brows_04,avatar/face,Brows,set 4,512x512,yes,1,explicit,
mouth_01,avatar/face,Mouth,set 1,512x512,yes,1,explicit,
mouth_02,avatar/face,Mouth,set 2,512x512,yes,1,explicit,
mouth_03,avatar/face,Mouth,set 3,512x512,yes,1,explicit,
mouth_04,avatar/face,Mouth,set 4,512x512,yes,1,explicit,
mouth_05,avatar/face,Mouth,set 5,512x512,yes,1,explicit,
mouth_06,avatar/face,Mouth,set 6,512x512,yes,1,explicit,
nose_01,avatar/face,Nose,set 1,512x512,yes,1,explicit,
nose_02,avatar/face,Nose,set 2,512x512,yes,1,explicit,
nose_03,avatar/face,Nose,set 3,512x512,yes,1,explicit,
nose_04,avatar/face,Nose,set 4,512x512,yes,1,explicit,
aging_freckles,avatar/face,Aging / face mark,freckles,512x512,yes,1,explicit,
aging_laugh_lines,avatar/face,Aging / face mark,laugh_lines,512x512,yes,1,explicit,
aging_deep_wrinkles,avatar/face,Aging / face mark,deep_wrinkles,512x512,yes,1,explicit,
aging_scar_1,avatar/face,Aging / face mark,scar_1,512x512,yes,1,explicit,
aging_scar_2,avatar/face,Aging / face mark,scar_2,512x512,yes,1,explicit,
aging_scar_3,avatar/face,Aging / face mark,scar_3,512x512,yes,1,explicit,
hair_bald,avatar/hair,Hair style,bald,512x512,yes,1,explicit,
hair_buzz,avatar/hair,Hair style,buzz,512x512,yes,1,explicit,
hair_short,avatar/hair,Hair style,short,512x512,yes,1,explicit,
hair_side_part,avatar/hair,Hair style,side_part,512x512,yes,1,explicit,
hair_curls,avatar/hair,Hair style,curls,512x512,yes,1,explicit,
hair_afro,avatar/hair,Hair style,afro,512x512,yes,1,explicit,
hair_long_straight,avatar/hair,Hair style,long_straight,512x512,yes,1,explicit,
hair_long_wavy,avatar/hair,Hair style,long_wavy,512x512,yes,1,explicit,
hair_ponytail,avatar/hair,Hair style,ponytail,512x512,yes,1,explicit,
hair_bun,avatar/hair,Hair style,bun,512x512,yes,1,explicit,
hair_braids,avatar/hair,Hair style,braids,512x512,yes,1,explicit,
hair_cornrows,avatar/hair,Hair style,cornrows,512x512,yes,1,explicit,
hair_locs,avatar/hair,Hair style,locs,512x512,yes,1,explicit,
hair_mohawk,avatar/hair,Hair style,mohawk,512x512,yes,1,explicit,
hair_bob,avatar/hair,Hair style,bob,512x512,yes,1,explicit,
hair_pixie,avatar/hair,Hair style,pixie,512x512,yes,1,explicit,
hair_spikes,avatar/hair,Hair style,spikes,512x512,yes,1,explicit,
hair_undercut,avatar/hair,Hair style,undercut,512x512,yes,1,explicit,
hair_top_knot,avatar/hair,Hair style,top_knot,512x512,yes,1,explicit,
hair_headwrap,avatar/hair,Hair style,headwrap,512x512,yes,1,explicit,
hair_colour_black,avatar/palette,Hair colour swatch,black,256x256,yes,1,explicit,
hair_colour_dark_brown,avatar/palette,Hair colour swatch,dark_brown,256x256,yes,1,explicit,
hair_colour_brown,avatar/palette,Hair colour swatch,brown,256x256,yes,1,explicit,
hair_colour_auburn,avatar/palette,Hair colour swatch,auburn,256x256,yes,1,explicit,
hair_colour_blond,avatar/palette,Hair colour swatch,blond,256x256,yes,1,explicit,
hair_colour_ginger,avatar/palette,Hair colour swatch,ginger,256x256,yes,1,explicit,
hair_colour_grey,avatar/palette,Hair colour swatch,grey,256x256,yes,1,explicit,
hair_colour_white,avatar/palette,Hair colour swatch,white,256x256,yes,1,explicit,
hair_colour_pink,avatar/palette,Hair colour swatch,pink,256x256,yes,1,explicit,
hair_colour_blue,avatar/palette,Hair colour swatch,blue,256x256,yes,1,explicit,
hair_colour_green,avatar/palette,Hair colour swatch,green,256x256,yes,1,explicit,
hair_colour_purple,avatar/palette,Hair colour swatch,purple,256x256,yes,1,explicit,
facial_hair_stubble,avatar/hair,Facial hair,stubble,512x512,yes,1,explicit,
facial_hair_goatee,avatar/hair,Facial hair,goatee,512x512,yes,1,explicit,
facial_hair_full_beard,avatar/hair,Facial hair,full_beard,512x512,yes,1,explicit,
facial_hair_moustache,avatar/hair,Facial hair,moustache,512x512,yes,1,explicit,
facial_hair_handlebar,avatar/hair,Facial hair,handlebar,512x512,yes,1,explicit,
facial_hair_chinstrap,avatar/hair,Facial hair,chinstrap,512x512,yes,1,explicit,
headwear_cap,avatar/headwear,Headwear,cap,512x512,yes,1,explicit,
headwear_beanie,avatar/headwear,Headwear,beanie,512x512,yes,1,explicit,
headwear_sun_hat,avatar/headwear,Headwear,sun_hat,512x512,yes,1,explicit,
headwear_bucket_hat,avatar/headwear,Headwear,bucket_hat,512x512,yes,1,explicit,
headwear_cowboy_hat,avatar/headwear,Headwear,cowboy_hat,512x512,yes,1,explicit,
headwear_top_hat,avatar/headwear,Headwear,top_hat,512x512,yes,1,explicit,
headwear_bowler,avatar/headwear,Headwear,bowler,512x512,yes,1,explicit,
headwear_beret,avatar/headwear,Headwear,beret,512x512,yes,1,explicit,
headwear_flat_cap,avatar/headwear,Headwear,flat_cap,512x512,yes,1,explicit,
headwear_graduation_cap,avatar/headwear,Headwear,graduation_cap,512x512,yes,1,explicit,
headwear_hard_hat,avatar/headwear,Headwear,hard_hat,512x512,yes,1,explicit,
headwear_helmet,avatar/headwear,Headwear,helmet,512x512,yes,1,explicit,
headwear_crown,avatar/headwear,Headwear,crown,512x512,yes,1,explicit,
headwear_tiara,avatar/headwear,Headwear,tiara,512x512,yes,1,explicit,
headwear_turban,avatar/headwear,Headwear,turban,512x512,yes,1,explicit,
headwear_headscarf,avatar/headwear,Headwear,headscarf,512x512,yes,1,explicit,
headwear_hijab,avatar/headwear,Headwear,hijab,512x512,yes,1,explicit,
headwear_kippah,avatar/headwear,Headwear,kippah,512x512,yes,1,explicit,
headwear_headband,avatar/headwear,Headwear,headband,512x512,yes,1,explicit,
headwear_bandana,avatar/headwear,Headwear,bandana,512x512,yes,1,explicit,
headwear_party_hat,avatar/headwear,Headwear,party_hat,512x512,yes,1,explicit,
headwear_santa_hat,avatar/headwear,Headwear,santa_hat,512x512,yes,1,explicit,
headwear_pirate_hat,avatar/headwear,Headwear,pirate_hat,512x512,yes,1,explicit,
headwear_wizard_hat,avatar/headwear,Headwear,wizard_hat,512x512,yes,1,explicit,
eyewear_round_glasses,avatar/eyewear,Eyewear,round_glasses,512x512,yes,1,explicit,
eyewear_square_glasses,avatar/eyewear,Eyewear,square_glasses,512x512,yes,1,explicit,
eyewear_cat_eye,avatar/eyewear,Eyewear,cat_eye,512x512,yes,1,explicit,
eyewear_shades,avatar/eyewear,Eyewear,shades,512x512,yes,1,explicit,
eyewear_aviators,avatar/eyewear,Eyewear,aviators,512x512,yes,1,explicit,
eyewear_monocle,avatar/eyewear,Eyewear,monocle,512x512,yes,1,explicit,
eyewear_goggles,avatar/eyewear,Eyewear,goggles,512x512,yes,1,explicit,
eyewear_3d_glasses,avatar/eyewear,Eyewear,3d_glasses,512x512,yes,1,explicit,
eyewear_eye_patch,avatar/eyewear,Eyewear,eye_patch,512x512,yes,1,explicit,
eyewear_heart_glasses,avatar/eyewear,Eyewear,heart_glasses,512x512,yes,1,explicit,
top_t_shirt,avatar/clothes,Top,t_shirt,512x512,yes,1,explicit,
top_hoodie,avatar/clothes,Top,hoodie,512x512,yes,1,explicit,
top_shirt,avatar/clothes,Top,shirt,512x512,yes,1,explicit,
top_blouse,avatar/clothes,Top,blouse,512x512,yes,1,explicit,
top_jumper,avatar/clothes,Top,jumper,512x512,yes,1,explicit,
top_suit_jacket,avatar/clothes,Top,suit_jacket,512x512,yes,1,explicit,
top_tuxedo,avatar/clothes,Top,tuxedo,512x512,yes,1,explicit,
top_dress,avatar/clothes,Top,dress,512x512,yes,1,explicit,
top_uniform,avatar/clothes,Top,uniform,512x512,yes,1,explicit,
top_lab_coat,avatar/clothes,Top,lab_coat,512x512,yes,1,explicit,
top_apron,avatar/clothes,Top,apron,512x512,yes,1,explicit,
top_hi_vis_vest,avatar/clothes,Top,hi_vis_vest,512x512,yes,1,explicit,
top_leather_jacket,avatar/clothes,Top,leather_jacket,512x512,yes,1,explicit,
top_tracksuit,avatar/clothes,Top,tracksuit,512x512,yes,1,explicit,
top_robe,avatar/clothes,Top,robe,512x512,yes,1,explicit,
top_prison_jumpsuit,avatar/clothes,Top,prison_jumpsuit,512x512,yes,1,explicit,
uniform_doctor,avatar/clothes,Career uniform,doctor,512x512,yes,1,explicit,Military family may have army/navy/air-force subvariants.
uniform_nurse,avatar/clothes,Career uniform,nurse,512x512,yes,1,explicit,Military family may have army/navy/air-force subvariants.
uniform_police,avatar/clothes,Career uniform,police,512x512,yes,1,explicit,Military family may have army/navy/air-force subvariants.
uniform_firefighter,avatar/clothes,Career uniform,firefighter,512x512,yes,1,explicit,Military family may have army/navy/air-force subvariants.
uniform_military,avatar/clothes,Career uniform,military,512x512,yes,1,explicit,Military family may have army/navy/air-force subvariants.
uniform_chef,avatar/clothes,Career uniform,chef,512x512,yes,1,explicit,Military family may have army/navy/air-force subvariants.
uniform_pilot,avatar/clothes,Career uniform,pilot,512x512,yes,1,explicit,Military family may have army/navy/air-force subvariants.
uniform_judge,avatar/clothes,Career uniform,judge,512x512,yes,1,explicit,Military family may have army/navy/air-force subvariants.
uniform_teacher,avatar/clothes,Career uniform,teacher,512x512,yes,1,explicit,Military family may have army/navy/air-force subvariants.
uniform_scientist,avatar/clothes,Career uniform,scientist,512x512,yes,1,explicit,Military family may have army/navy/air-force subvariants.
uniform_athlete,avatar/clothes,Career uniform,athlete,512x512,yes,1,explicit,Military family may have army/navy/air-force subvariants.
uniform_astronaut,avatar/clothes,Career uniform,astronaut,512x512,yes,1,explicit,Military family may have army/navy/air-force subvariants.
uniform_mechanic,avatar/clothes,Career uniform,mechanic,512x512,yes,1,explicit,Military family may have army/navy/air-force subvariants.
uniform_office,avatar/clothes,Career uniform,office,512x512,yes,1,explicit,Military family may have army/navy/air-force subvariants.
outfit_royal_robes,avatar/clothes,Life-path outfit,royal_robes,512x512,yes,1,explicit,
outfit_vampire_cape,avatar/clothes,Life-path outfit,vampire_cape,512x512,yes,1,explicit,
outfit_witch_robes,avatar/clothes,Life-path outfit,witch_robes,512x512,yes,1,explicit,
outfit_superhero_costume,avatar/clothes,Life-path outfit,superhero_costume,512x512,yes,1,explicit,
outfit_pirate_coat,avatar/clothes,Life-path outfit,pirate_coat,512x512,yes,1,explicit,
outfit_spacesuit,avatar/clothes,Life-path outfit,spacesuit,512x512,yes,1,explicit,
outfit_time_traveller_coat,avatar/clothes,Life-path outfit,time_traveller_coat,512x512,yes,1,explicit,
outfit_prisoner_orange,avatar/clothes,Life-path outfit,prisoner_orange,512x512,yes,1,explicit,
outfit_guard_uniform,avatar/clothes,Life-path outfit,guard_uniform,512x512,yes,1,explicit,
outfit_undead_rags,avatar/clothes,Life-path outfit,undead_rags,512x512,yes,1,explicit,
clothes_colour_red,avatar/palette,Clothing tint swatch,red,256x256,yes,1,explicit,
clothes_colour_orange,avatar/palette,Clothing tint swatch,orange,256x256,yes,1,explicit,
clothes_colour_yellow,avatar/palette,Clothing tint swatch,yellow,256x256,yes,1,explicit,
clothes_colour_green,avatar/palette,Clothing tint swatch,green,256x256,yes,1,explicit,
clothes_colour_teal,avatar/palette,Clothing tint swatch,teal,256x256,yes,1,explicit,
clothes_colour_blue,avatar/palette,Clothing tint swatch,blue,256x256,yes,1,explicit,
clothes_colour_purple,avatar/palette,Clothing tint swatch,purple,256x256,yes,1,explicit,
clothes_colour_pink,avatar/palette,Clothing tint swatch,pink,256x256,yes,1,explicit,
clothes_colour_brown,avatar/palette,Clothing tint swatch,brown,256x256,yes,1,explicit,
clothes_colour_grey,avatar/palette,Clothing tint swatch,grey,256x256,yes,1,explicit,
clothes_colour_black,avatar/palette,Clothing tint swatch,black,256x256,yes,1,explicit,
clothes_colour_white,avatar/palette,Clothing tint swatch,white,256x256,yes,1,explicit,
accessory_headphones,avatar/accessories,Accessory / extra,headphones,512x512,yes,1,explicit,
accessory_earrings,avatar/accessories,Accessory / extra,earrings,512x512,yes,1,explicit,
accessory_nose_ring,avatar/accessories,Accessory / extra,nose_ring,512x512,yes,1,explicit,
accessory_necklace,avatar/accessories,Accessory / extra,necklace,512x512,yes,1,explicit,
accessory_chain,avatar/accessories,Accessory / extra,chain,512x512,yes,1,explicit,
accessory_scarf,avatar/accessories,Accessory / extra,scarf,512x512,yes,1,explicit,
accessory_tie,avatar/accessories,Accessory / extra,tie,512x512,yes,1,explicit,
accessory_bow_tie,avatar/accessories,Accessory / extra,bow_tie,512x512,yes,1,explicit,
accessory_medal,avatar/accessories,Accessory / extra,medal,512x512,yes,1,explicit,
accessory_badge,avatar/accessories,Accessory / extra,badge,512x512,yes,1,explicit,
accessory_flower,avatar/accessories,Accessory / extra,flower,512x512,yes,1,explicit,
accessory_ribbon,avatar/accessories,Accessory / extra,ribbon,512x512,yes,1,explicit,
accessory_gem,avatar/accessories,Accessory / extra,gem,512x512,yes,1,explicit,
accessory_star,avatar/accessories,Accessory / extra,star,512x512,yes,1,explicit,
accessory_tattoo_sleeve,avatar/accessories,Accessory / extra,tattoo_sleeve,512x512,yes,1,explicit,
accessory_face_tattoo,avatar/accessories,Accessory / extra,face_tattoo,512x512,yes,1,explicit,
accessory_face_paint,avatar/accessories,Accessory / extra,face_paint,512x512,yes,1,explicit,
accessory_mask,avatar/accessories,Accessory / extra,mask,512x512,yes,1,explicit,
accessory_bandage,avatar/accessories,Accessory / extra,bandage,512x512,yes,1,explicit,
accessory_glow_eyes,avatar/accessories,Accessory / extra,glow_eyes,512x512,yes,1,explicit,
accessory_fangs,avatar/accessories,Accessory / extra,fangs,512x512,yes,1,explicit,
accessory_halo,avatar/accessories,Accessory / extra,halo,512x512,yes,1,explicit,
accessory_devil_horns,avatar/accessories,Accessory / extra,devil_horns,512x512,yes,1,explicit,
accessory_angel_wings,avatar/accessories,Accessory / extra,angel_wings,512x512,yes,1,explicit,
backdrop_colour_01,avatar/backdrops,Plain avatar backdrop,colour 1,512x512,yes,2,explicit,
backdrop_colour_02,avatar/backdrops,Plain avatar backdrop,colour 2,512x512,yes,2,explicit,
backdrop_colour_03,avatar/backdrops,Plain avatar backdrop,colour 3,512x512,yes,2,explicit,
backdrop_colour_04,avatar/backdrops,Plain avatar backdrop,colour 4,512x512,yes,2,explicit,
backdrop_colour_05,avatar/backdrops,Plain avatar backdrop,colour 5,512x512,yes,2,explicit,
backdrop_colour_06,avatar/backdrops,Plain avatar backdrop,colour 6,512x512,yes,2,explicit,
backdrop_colour_07,avatar/backdrops,Plain avatar backdrop,colour 7,512x512,yes,2,explicit,
backdrop_colour_08,avatar/backdrops,Plain avatar backdrop,colour 8,512x512,yes,2,explicit,
backdrop_scene_city,avatar/backdrops,Scene avatar backdrop,city,512x512,yes,2,explicit,
backdrop_scene_beach,avatar/backdrops,Scene avatar backdrop,beach,512x512,yes,2,explicit,
backdrop_scene_forest,avatar/backdrops,Scene avatar backdrop,forest,512x512,yes,2,explicit,
backdrop_scene_space,avatar/backdrops,Scene avatar backdrop,space,512x512,yes,2,explicit,
backdrop_scene_stage,avatar/backdrops,Scene avatar backdrop,stage,512x512,yes,2,explicit,
backdrop_scene_prison_yard,avatar/backdrops,Scene avatar backdrop,prison_yard,512x512,yes,2,explicit,
backdrop_scene_castle,avatar/backdrops,Scene avatar backdrop,castle,512x512,yes,2,explicit,
backdrop_scene_home,avatar/backdrops,Scene avatar backdrop,home,512x512,yes,2,explicit,
portrait_frame_circle,avatar/frames,Portrait frame,circle,512x512,yes,2,explicit,
portrait_frame_rounded_square,avatar/frames,Portrait frame,rounded_square,512x512,yes,2,explicit,
portrait_frame_bronze,avatar/frames,Portrait frame,bronze,512x512,yes,2,explicit,
portrait_frame_silver,avatar/frames,Portrait frame,silver,512x512,yes,2,explicit,
portrait_frame_gold,avatar/frames,Portrait frame,gold,512x512,yes,2,explicit,
portrait_frame_platinum,avatar/frames,Portrait frame,platinum,512x512,yes,2,explicit,
portrait_frame_diamond,avatar/frames,Portrait frame,diamond,512x512,yes,2,explicit,
portrait_frame_royal,avatar/frames,Portrait frame,royal,512x512,yes,2,explicit,
portrait_frame_vampire,avatar/frames,Portrait frame,vampire,512x512,yes,2,explicit,
portrait_frame_witch,avatar/frames,Portrait frame,witch,512x512,yes,2,explicit,
portrait_frame_superhero,avatar/frames,Portrait frame,superhero,512x512,yes,2,explicit,
portrait_frame_celebrity,avatar/frames,Portrait frame,celebrity,512x512,yes,2,explicit,
relationship_badge_friend,avatar/npc,Relationship state badge,friend,256x256,yes,2,explicit,
relationship_badge_best_friend,avatar/npc,Relationship state badge,best_friend,256x256,yes,2,explicit,
relationship_badge_partner,avatar/npc,Relationship state badge,partner,256x256,yes,2,explicit,
relationship_badge_spouse,avatar/npc,Relationship state badge,spouse,256x256,yes,2,explicit,
relationship_badge_ex,avatar/npc,Relationship state badge,ex,256x256,yes,2,explicit,
relationship_badge_rival,avatar/npc,Relationship state badge,rival,256x256,yes,2,explicit,
relationship_badge_enemy,avatar/npc,Relationship state badge,enemy,256x256,yes,2,explicit,
relationship_badge_estranged,avatar/npc,Relationship state badge,estranged,256x256,yes,2,explicit,
relationship_badge_deceased,avatar/npc,Relationship state badge,deceased,256x256,yes,2,explicit,
relationship_badge_in_prison,avatar/npc,Relationship state badge,in_prison,256x256,yes,2,explicit,
npc_silhouette_stranger,avatar/npc,NPC silhouette,stranger,512x512,yes,2,explicit,
npc_silhouette_unknown_caller,avatar/npc,NPC silhouette,unknown_caller,512x512,yes,2,explicit,
pet_dog_baby_coat_1,animals/portraits,dog portrait,"baby, coat_1",512x512,yes,1,explicit,
pet_dog_baby_coat_2,animals/portraits,dog portrait,"baby, coat_2",512x512,yes,1,explicit,
pet_dog_baby_coat_3,animals/portraits,dog portrait,"baby, coat_3",512x512,yes,1,explicit,
pet_dog_baby_coat_4,animals/portraits,dog portrait,"baby, coat_4",512x512,yes,1,explicit,
pet_dog_baby_coat_5,animals/portraits,dog portrait,"baby, coat_5",512x512,yes,1,explicit,
pet_dog_baby_coat_6,animals/portraits,dog portrait,"baby, coat_6",512x512,yes,1,explicit,
pet_dog_young_coat_1,animals/portraits,dog portrait,"young, coat_1",512x512,yes,1,explicit,
pet_dog_young_coat_2,animals/portraits,dog portrait,"young, coat_2",512x512,yes,1,explicit,
pet_dog_young_coat_3,animals/portraits,dog portrait,"young, coat_3",512x512,yes,1,explicit,
pet_dog_young_coat_4,animals/portraits,dog portrait,"young, coat_4",512x512,yes,1,explicit,
pet_dog_young_coat_5,animals/portraits,dog portrait,"young, coat_5",512x512,yes,1,explicit,
pet_dog_young_coat_6,animals/portraits,dog portrait,"young, coat_6",512x512,yes,1,explicit,
pet_dog_adult_coat_1,animals/portraits,dog portrait,"adult, coat_1",512x512,yes,1,explicit,
pet_dog_adult_coat_2,animals/portraits,dog portrait,"adult, coat_2",512x512,yes,1,explicit,
pet_dog_adult_coat_3,animals/portraits,dog portrait,"adult, coat_3",512x512,yes,1,explicit,
pet_dog_adult_coat_4,animals/portraits,dog portrait,"adult, coat_4",512x512,yes,1,explicit,
pet_dog_adult_coat_5,animals/portraits,dog portrait,"adult, coat_5",512x512,yes,1,explicit,
pet_dog_adult_coat_6,animals/portraits,dog portrait,"adult, coat_6",512x512,yes,1,explicit,
pet_dog_senior_coat_1,animals/portraits,dog portrait,"senior, coat_1",512x512,yes,1,explicit,
pet_dog_senior_coat_2,animals/portraits,dog portrait,"senior, coat_2",512x512,yes,1,explicit,
pet_dog_senior_coat_3,animals/portraits,dog portrait,"senior, coat_3",512x512,yes,1,explicit,
pet_dog_senior_coat_4,animals/portraits,dog portrait,"senior, coat_4",512x512,yes,1,explicit,
pet_dog_senior_coat_5,animals/portraits,dog portrait,"senior, coat_5",512x512,yes,1,explicit,
pet_dog_senior_coat_6,animals/portraits,dog portrait,"senior, coat_6",512x512,yes,1,explicit,
pet_cat_baby_coat_1,animals/portraits,cat portrait,"baby, coat_1",512x512,yes,1,explicit,
pet_cat_baby_coat_2,animals/portraits,cat portrait,"baby, coat_2",512x512,yes,1,explicit,
pet_cat_baby_coat_3,animals/portraits,cat portrait,"baby, coat_3",512x512,yes,1,explicit,
pet_cat_baby_coat_4,animals/portraits,cat portrait,"baby, coat_4",512x512,yes,1,explicit,
pet_cat_baby_coat_5,animals/portraits,cat portrait,"baby, coat_5",512x512,yes,1,explicit,
pet_cat_baby_coat_6,animals/portraits,cat portrait,"baby, coat_6",512x512,yes,1,explicit,
pet_cat_young_coat_1,animals/portraits,cat portrait,"young, coat_1",512x512,yes,1,explicit,
pet_cat_young_coat_2,animals/portraits,cat portrait,"young, coat_2",512x512,yes,1,explicit,
pet_cat_young_coat_3,animals/portraits,cat portrait,"young, coat_3",512x512,yes,1,explicit,
pet_cat_young_coat_4,animals/portraits,cat portrait,"young, coat_4",512x512,yes,1,explicit,
pet_cat_young_coat_5,animals/portraits,cat portrait,"young, coat_5",512x512,yes,1,explicit,
pet_cat_young_coat_6,animals/portraits,cat portrait,"young, coat_6",512x512,yes,1,explicit,
pet_cat_adult_coat_1,animals/portraits,cat portrait,"adult, coat_1",512x512,yes,1,explicit,
pet_cat_adult_coat_2,animals/portraits,cat portrait,"adult, coat_2",512x512,yes,1,explicit,
pet_cat_adult_coat_3,animals/portraits,cat portrait,"adult, coat_3",512x512,yes,1,explicit,
pet_cat_adult_coat_4,animals/portraits,cat portrait,"adult, coat_4",512x512,yes,1,explicit,
pet_cat_adult_coat_5,animals/portraits,cat portrait,"adult, coat_5",512x512,yes,1,explicit,
pet_cat_adult_coat_6,animals/portraits,cat portrait,"adult, coat_6",512x512,yes,1,explicit,
pet_cat_senior_coat_1,animals/portraits,cat portrait,"senior, coat_1",512x512,yes,1,explicit,
pet_cat_senior_coat_2,animals/portraits,cat portrait,"senior, coat_2",512x512,yes,1,explicit,
pet_cat_senior_coat_3,animals/portraits,cat portrait,"senior, coat_3",512x512,yes,1,explicit,
pet_cat_senior_coat_4,animals/portraits,cat portrait,"senior, coat_4",512x512,yes,1,explicit,
pet_cat_senior_coat_5,animals/portraits,cat portrait,"senior, coat_5",512x512,yes,1,explicit,
pet_cat_senior_coat_6,animals/portraits,cat portrait,"senior, coat_6",512x512,yes,1,explicit,
pet_rabbit_baby_coat_1,animals/portraits,rabbit portrait,"baby, coat_1",512x512,yes,1,explicit,
pet_rabbit_baby_coat_2,animals/portraits,rabbit portrait,"baby, coat_2",512x512,yes,1,explicit,
pet_rabbit_baby_coat_3,animals/portraits,rabbit portrait,"baby, coat_3",512x512,yes,1,explicit,
pet_rabbit_baby_coat_4,animals/portraits,rabbit portrait,"baby, coat_4",512x512,yes,1,explicit,
pet_rabbit_baby_coat_5,animals/portraits,rabbit portrait,"baby, coat_5",512x512,yes,1,explicit,
pet_rabbit_baby_coat_6,animals/portraits,rabbit portrait,"baby, coat_6",512x512,yes,1,explicit,
pet_rabbit_young_coat_1,animals/portraits,rabbit portrait,"young, coat_1",512x512,yes,1,explicit,
pet_rabbit_young_coat_2,animals/portraits,rabbit portrait,"young, coat_2",512x512,yes,1,explicit,
pet_rabbit_young_coat_3,animals/portraits,rabbit portrait,"young, coat_3",512x512,yes,1,explicit,
pet_rabbit_young_coat_4,animals/portraits,rabbit portrait,"young, coat_4",512x512,yes,1,explicit,
pet_rabbit_young_coat_5,animals/portraits,rabbit portrait,"young, coat_5",512x512,yes,1,explicit,
pet_rabbit_young_coat_6,animals/portraits,rabbit portrait,"young, coat_6",512x512,yes,1,explicit,
pet_rabbit_adult_coat_1,animals/portraits,rabbit portrait,"adult, coat_1",512x512,yes,1,explicit,
pet_rabbit_adult_coat_2,animals/portraits,rabbit portrait,"adult, coat_2",512x512,yes,1,explicit,
pet_rabbit_adult_coat_3,animals/portraits,rabbit portrait,"adult, coat_3",512x512,yes,1,explicit,
pet_rabbit_adult_coat_4,animals/portraits,rabbit portrait,"adult, coat_4",512x512,yes,1,explicit,
pet_rabbit_adult_coat_5,animals/portraits,rabbit portrait,"adult, coat_5",512x512,yes,1,explicit,
pet_rabbit_adult_coat_6,animals/portraits,rabbit portrait,"adult, coat_6",512x512,yes,1,explicit,
pet_rabbit_senior_coat_1,animals/portraits,rabbit portrait,"senior, coat_1",512x512,yes,1,explicit,
pet_rabbit_senior_coat_2,animals/portraits,rabbit portrait,"senior, coat_2",512x512,yes,1,explicit,
pet_rabbit_senior_coat_3,animals/portraits,rabbit portrait,"senior, coat_3",512x512,yes,1,explicit,
pet_rabbit_senior_coat_4,animals/portraits,rabbit portrait,"senior, coat_4",512x512,yes,1,explicit,
pet_rabbit_senior_coat_5,animals/portraits,rabbit portrait,"senior, coat_5",512x512,yes,1,explicit,
pet_rabbit_senior_coat_6,animals/portraits,rabbit portrait,"senior, coat_6",512x512,yes,1,explicit,
pet_parrot_baby_coat_1,animals/portraits,parrot portrait,"baby, coat_1",512x512,yes,1,explicit,
pet_parrot_baby_coat_2,animals/portraits,parrot portrait,"baby, coat_2",512x512,yes,1,explicit,
pet_parrot_baby_coat_3,animals/portraits,parrot portrait,"baby, coat_3",512x512,yes,1,explicit,
pet_parrot_baby_coat_4,animals/portraits,parrot portrait,"baby, coat_4",512x512,yes,1,explicit,
pet_parrot_baby_coat_5,animals/portraits,parrot portrait,"baby, coat_5",512x512,yes,1,explicit,
pet_parrot_baby_coat_6,animals/portraits,parrot portrait,"baby, coat_6",512x512,yes,1,explicit,
pet_parrot_young_coat_1,animals/portraits,parrot portrait,"young, coat_1",512x512,yes,1,explicit,
pet_parrot_young_coat_2,animals/portraits,parrot portrait,"young, coat_2",512x512,yes,1,explicit,
pet_parrot_young_coat_3,animals/portraits,parrot portrait,"young, coat_3",512x512,yes,1,explicit,
pet_parrot_young_coat_4,animals/portraits,parrot portrait,"young, coat_4",512x512,yes,1,explicit,
pet_parrot_young_coat_5,animals/portraits,parrot portrait,"young, coat_5",512x512,yes,1,explicit,
pet_parrot_young_coat_6,animals/portraits,parrot portrait,"young, coat_6",512x512,yes,1,explicit,
pet_parrot_adult_coat_1,animals/portraits,parrot portrait,"adult, coat_1",512x512,yes,1,explicit,
pet_parrot_adult_coat_2,animals/portraits,parrot portrait,"adult, coat_2",512x512,yes,1,explicit,
pet_parrot_adult_coat_3,animals/portraits,parrot portrait,"adult, coat_3",512x512,yes,1,explicit,
pet_parrot_adult_coat_4,animals/portraits,parrot portrait,"adult, coat_4",512x512,yes,1,explicit,
pet_parrot_adult_coat_5,animals/portraits,parrot portrait,"adult, coat_5",512x512,yes,1,explicit,
pet_parrot_adult_coat_6,animals/portraits,parrot portrait,"adult, coat_6",512x512,yes,1,explicit,
pet_parrot_senior_coat_1,animals/portraits,parrot portrait,"senior, coat_1",512x512,yes,1,explicit,
pet_parrot_senior_coat_2,animals/portraits,parrot portrait,"senior, coat_2",512x512,yes,1,explicit,
pet_parrot_senior_coat_3,animals/portraits,parrot portrait,"senior, coat_3",512x512,yes,1,explicit,
pet_parrot_senior_coat_4,animals/portraits,parrot portrait,"senior, coat_4",512x512,yes,1,explicit,
pet_parrot_senior_coat_5,animals/portraits,parrot portrait,"senior, coat_5",512x512,yes,1,explicit,
pet_parrot_senior_coat_6,animals/portraits,parrot portrait,"senior, coat_6",512x512,yes,1,explicit,
pet_horse_baby_coat_1,animals/portraits,horse portrait,"baby, coat_1",512x512,yes,1,explicit,
pet_horse_baby_coat_2,animals/portraits,horse portrait,"baby, coat_2",512x512,yes,1,explicit,
pet_horse_baby_coat_3,animals/portraits,horse portrait,"baby, coat_3",512x512,yes,1,explicit,
pet_horse_baby_coat_4,animals/portraits,horse portrait,"baby, coat_4",512x512,yes,1,explicit,
pet_horse_baby_coat_5,animals/portraits,horse portrait,"baby, coat_5",512x512,yes,1,explicit,
pet_horse_baby_coat_6,animals/portraits,horse portrait,"baby, coat_6",512x512,yes,1,explicit,
pet_horse_young_coat_1,animals/portraits,horse portrait,"young, coat_1",512x512,yes,1,explicit,
pet_horse_young_coat_2,animals/portraits,horse portrait,"young, coat_2",512x512,yes,1,explicit,
pet_horse_young_coat_3,animals/portraits,horse portrait,"young, coat_3",512x512,yes,1,explicit,
pet_horse_young_coat_4,animals/portraits,horse portrait,"young, coat_4",512x512,yes,1,explicit,
pet_horse_young_coat_5,animals/portraits,horse portrait,"young, coat_5",512x512,yes,1,explicit,
pet_horse_young_coat_6,animals/portraits,horse portrait,"young, coat_6",512x512,yes,1,explicit,
pet_horse_adult_coat_1,animals/portraits,horse portrait,"adult, coat_1",512x512,yes,1,explicit,
pet_horse_adult_coat_2,animals/portraits,horse portrait,"adult, coat_2",512x512,yes,1,explicit,
pet_horse_adult_coat_3,animals/portraits,horse portrait,"adult, coat_3",512x512,yes,1,explicit,
pet_horse_adult_coat_4,animals/portraits,horse portrait,"adult, coat_4",512x512,yes,1,explicit,
pet_horse_adult_coat_5,animals/portraits,horse portrait,"adult, coat_5",512x512,yes,1,explicit,
pet_horse_adult_coat_6,animals/portraits,horse portrait,"adult, coat_6",512x512,yes,1,explicit,
pet_horse_senior_coat_1,animals/portraits,horse portrait,"senior, coat_1",512x512,yes,1,explicit,
pet_horse_senior_coat_2,animals/portraits,horse portrait,"senior, coat_2",512x512,yes,1,explicit,
pet_horse_senior_coat_3,animals/portraits,horse portrait,"senior, coat_3",512x512,yes,1,explicit,
pet_horse_senior_coat_4,animals/portraits,horse portrait,"senior, coat_4",512x512,yes,1,explicit,
pet_horse_senior_coat_5,animals/portraits,horse portrait,"senior, coat_5",512x512,yes,1,explicit,
pet_horse_senior_coat_6,animals/portraits,horse portrait,"senior, coat_6",512x512,yes,1,explicit,
pet_hamster_baby_coat_1,animals/portraits,hamster portrait,"baby, coat_1",512x512,yes,1,explicit,
pet_hamster_baby_coat_2,animals/portraits,hamster portrait,"baby, coat_2",512x512,yes,1,explicit,
pet_hamster_baby_coat_3,animals/portraits,hamster portrait,"baby, coat_3",512x512,yes,1,explicit,
pet_hamster_baby_coat_4,animals/portraits,hamster portrait,"baby, coat_4",512x512,yes,1,explicit,
pet_hamster_baby_coat_5,animals/portraits,hamster portrait,"baby, coat_5",512x512,yes,1,explicit,
pet_hamster_baby_coat_6,animals/portraits,hamster portrait,"baby, coat_6",512x512,yes,1,explicit,
pet_hamster_young_coat_1,animals/portraits,hamster portrait,"young, coat_1",512x512,yes,1,explicit,
pet_hamster_young_coat_2,animals/portraits,hamster portrait,"young, coat_2",512x512,yes,1,explicit,
pet_hamster_young_coat_3,animals/portraits,hamster portrait,"young, coat_3",512x512,yes,1,explicit,
pet_hamster_young_coat_4,animals/portraits,hamster portrait,"young, coat_4",512x512,yes,1,explicit,
pet_hamster_young_coat_5,animals/portraits,hamster portrait,"young, coat_5",512x512,yes,1,explicit,
pet_hamster_young_coat_6,animals/portraits,hamster portrait,"young, coat_6",512x512,yes,1,explicit,
pet_hamster_adult_coat_1,animals/portraits,hamster portrait,"adult, coat_1",512x512,yes,1,explicit,
pet_hamster_adult_coat_2,animals/portraits,hamster portrait,"adult, coat_2",512x512,yes,1,explicit,
pet_hamster_adult_coat_3,animals/portraits,hamster portrait,"adult, coat_3",512x512,yes,1,explicit,
pet_hamster_adult_coat_4,animals/portraits,hamster portrait,"adult, coat_4",512x512,yes,1,explicit,
pet_hamster_adult_coat_5,animals/portraits,hamster portrait,"adult, coat_5",512x512,yes,1,explicit,
pet_hamster_adult_coat_6,animals/portraits,hamster portrait,"adult, coat_6",512x512,yes,1,explicit,
pet_hamster_senior_coat_1,animals/portraits,hamster portrait,"senior, coat_1",512x512,yes,1,explicit,
pet_hamster_senior_coat_2,animals/portraits,hamster portrait,"senior, coat_2",512x512,yes,1,explicit,
pet_hamster_senior_coat_3,animals/portraits,hamster portrait,"senior, coat_3",512x512,yes,1,explicit,
pet_hamster_senior_coat_4,animals/portraits,hamster portrait,"senior, coat_4",512x512,yes,1,explicit,
pet_hamster_senior_coat_5,animals/portraits,hamster portrait,"senior, coat_5",512x512,yes,1,explicit,
pet_hamster_senior_coat_6,animals/portraits,hamster portrait,"senior, coat_6",512x512,yes,1,explicit,
pet_guinea_pig_baby_coat_1,animals/portraits,guinea_pig portrait,"baby, coat_1",512x512,yes,1,explicit,
pet_guinea_pig_baby_coat_2,animals/portraits,guinea_pig portrait,"baby, coat_2",512x512,yes,1,explicit,
pet_guinea_pig_baby_coat_3,animals/portraits,guinea_pig portrait,"baby, coat_3",512x512,yes,1,explicit,
pet_guinea_pig_baby_coat_4,animals/portraits,guinea_pig portrait,"baby, coat_4",512x512,yes,1,explicit,
pet_guinea_pig_baby_coat_5,animals/portraits,guinea_pig portrait,"baby, coat_5",512x512,yes,1,explicit,
pet_guinea_pig_baby_coat_6,animals/portraits,guinea_pig portrait,"baby, coat_6",512x512,yes,1,explicit,
pet_guinea_pig_young_coat_1,animals/portraits,guinea_pig portrait,"young, coat_1",512x512,yes,1,explicit,
pet_guinea_pig_young_coat_2,animals/portraits,guinea_pig portrait,"young, coat_2",512x512,yes,1,explicit,
pet_guinea_pig_young_coat_3,animals/portraits,guinea_pig portrait,"young, coat_3",512x512,yes,1,explicit,
pet_guinea_pig_young_coat_4,animals/portraits,guinea_pig portrait,"young, coat_4",512x512,yes,1,explicit,
pet_guinea_pig_young_coat_5,animals/portraits,guinea_pig portrait,"young, coat_5",512x512,yes,1,explicit,
pet_guinea_pig_young_coat_6,animals/portraits,guinea_pig portrait,"young, coat_6",512x512,yes,1,explicit,
pet_guinea_pig_adult_coat_1,animals/portraits,guinea_pig portrait,"adult, coat_1",512x512,yes,1,explicit,
pet_guinea_pig_adult_coat_2,animals/portraits,guinea_pig portrait,"adult, coat_2",512x512,yes,1,explicit,
pet_guinea_pig_adult_coat_3,animals/portraits,guinea_pig portrait,"adult, coat_3",512x512,yes,1,explicit,
pet_guinea_pig_adult_coat_4,animals/portraits,guinea_pig portrait,"adult, coat_4",512x512,yes,1,explicit,
pet_guinea_pig_adult_coat_5,animals/portraits,guinea_pig portrait,"adult, coat_5",512x512,yes,1,explicit,
pet_guinea_pig_adult_coat_6,animals/portraits,guinea_pig portrait,"adult, coat_6",512x512,yes,1,explicit,
pet_guinea_pig_senior_coat_1,animals/portraits,guinea_pig portrait,"senior, coat_1",512x512,yes,1,explicit,
pet_guinea_pig_senior_coat_2,animals/portraits,guinea_pig portrait,"senior, coat_2",512x512,yes,1,explicit,
pet_guinea_pig_senior_coat_3,animals/portraits,guinea_pig portrait,"senior, coat_3",512x512,yes,1,explicit,
pet_guinea_pig_senior_coat_4,animals/portraits,guinea_pig portrait,"senior, coat_4",512x512,yes,1,explicit,
pet_guinea_pig_senior_coat_5,animals/portraits,guinea_pig portrait,"senior, coat_5",512x512,yes,1,explicit,
pet_guinea_pig_senior_coat_6,animals/portraits,guinea_pig portrait,"senior, coat_6",512x512,yes,1,explicit,
pet_goldfish_baby_coat_1,animals/portraits,goldfish portrait,"baby, coat_1",512x512,yes,1,explicit,
pet_goldfish_baby_coat_2,animals/portraits,goldfish portrait,"baby, coat_2",512x512,yes,1,explicit,
pet_goldfish_baby_coat_3,animals/portraits,goldfish portrait,"baby, coat_3",512x512,yes,1,explicit,
pet_goldfish_baby_coat_4,animals/portraits,goldfish portrait,"baby, coat_4",512x512,yes,1,explicit,
pet_goldfish_baby_coat_5,animals/portraits,goldfish portrait,"baby, coat_5",512x512,yes,1,explicit,
pet_goldfish_baby_coat_6,animals/portraits,goldfish portrait,"baby, coat_6",512x512,yes,1,explicit,
pet_goldfish_young_coat_1,animals/portraits,goldfish portrait,"young, coat_1",512x512,yes,1,explicit,
pet_goldfish_young_coat_2,animals/portraits,goldfish portrait,"young, coat_2",512x512,yes,1,explicit,
pet_goldfish_young_coat_3,animals/portraits,goldfish portrait,"young, coat_3",512x512,yes,1,explicit,
pet_goldfish_young_coat_4,animals/portraits,goldfish portrait,"young, coat_4",512x512,yes,1,explicit,
pet_goldfish_young_coat_5,animals/portraits,goldfish portrait,"young, coat_5",512x512,yes,1,explicit,
pet_goldfish_young_coat_6,animals/portraits,goldfish portrait,"young, coat_6",512x512,yes,1,explicit,
pet_goldfish_adult_coat_1,animals/portraits,goldfish portrait,"adult, coat_1",512x512,yes,1,explicit,
pet_goldfish_adult_coat_2,animals/portraits,goldfish portrait,"adult, coat_2",512x512,yes,1,explicit,
pet_goldfish_adult_coat_3,animals/portraits,goldfish portrait,"adult, coat_3",512x512,yes,1,explicit,
pet_goldfish_adult_coat_4,animals/portraits,goldfish portrait,"adult, coat_4",512x512,yes,1,explicit,
pet_goldfish_adult_coat_5,animals/portraits,goldfish portrait,"adult, coat_5",512x512,yes,1,explicit,
pet_goldfish_adult_coat_6,animals/portraits,goldfish portrait,"adult, coat_6",512x512,yes,1,explicit,
pet_goldfish_senior_coat_1,animals/portraits,goldfish portrait,"senior, coat_1",512x512,yes,1,explicit,
pet_goldfish_senior_coat_2,animals/portraits,goldfish portrait,"senior, coat_2",512x512,yes,1,explicit,
pet_goldfish_senior_coat_3,animals/portraits,goldfish portrait,"senior, coat_3",512x512,yes,1,explicit,
pet_goldfish_senior_coat_4,animals/portraits,goldfish portrait,"senior, coat_4",512x512,yes,1,explicit,
pet_goldfish_senior_coat_5,animals/portraits,goldfish portrait,"senior, coat_5",512x512,yes,1,explicit,
pet_goldfish_senior_coat_6,animals/portraits,goldfish portrait,"senior, coat_6",512x512,yes,1,explicit,
pet_turtle_baby_coat_1,animals/portraits,turtle portrait,"baby, coat_1",512x512,yes,1,explicit,
pet_turtle_baby_coat_2,animals/portraits,turtle portrait,"baby, coat_2",512x512,yes,1,explicit,
pet_turtle_baby_coat_3,animals/portraits,turtle portrait,"baby, coat_3",512x512,yes,1,explicit,
pet_turtle_baby_coat_4,animals/portraits,turtle portrait,"baby, coat_4",512x512,yes,1,explicit,
pet_turtle_baby_coat_5,animals/portraits,turtle portrait,"baby, coat_5",512x512,yes,1,explicit,
pet_turtle_baby_coat_6,animals/portraits,turtle portrait,"baby, coat_6",512x512,yes,1,explicit,
pet_turtle_young_coat_1,animals/portraits,turtle portrait,"young, coat_1",512x512,yes,1,explicit,
pet_turtle_young_coat_2,animals/portraits,turtle portrait,"young, coat_2",512x512,yes,1,explicit,
pet_turtle_young_coat_3,animals/portraits,turtle portrait,"young, coat_3",512x512,yes,1,explicit,
pet_turtle_young_coat_4,animals/portraits,turtle portrait,"young, coat_4",512x512,yes,1,explicit,
pet_turtle_young_coat_5,animals/portraits,turtle portrait,"young, coat_5",512x512,yes,1,explicit,
pet_turtle_young_coat_6,animals/portraits,turtle portrait,"young, coat_6",512x512,yes,1,explicit,
pet_turtle_adult_coat_1,animals/portraits,turtle portrait,"adult, coat_1",512x512,yes,1,explicit,
pet_turtle_adult_coat_2,animals/portraits,turtle portrait,"adult, coat_2",512x512,yes,1,explicit,
pet_turtle_adult_coat_3,animals/portraits,turtle portrait,"adult, coat_3",512x512,yes,1,explicit,
pet_turtle_adult_coat_4,animals/portraits,turtle portrait,"adult, coat_4",512x512,yes,1,explicit,
pet_turtle_adult_coat_5,animals/portraits,turtle portrait,"adult, coat_5",512x512,yes,1,explicit,
pet_turtle_adult_coat_6,animals/portraits,turtle portrait,"adult, coat_6",512x512,yes,1,explicit,
pet_turtle_senior_coat_1,animals/portraits,turtle portrait,"senior, coat_1",512x512,yes,1,explicit,
pet_turtle_senior_coat_2,animals/portraits,turtle portrait,"senior, coat_2",512x512,yes,1,explicit,
pet_turtle_senior_coat_3,animals/portraits,turtle portrait,"senior, coat_3",512x512,yes,1,explicit,
pet_turtle_senior_coat_4,animals/portraits,turtle portrait,"senior, coat_4",512x512,yes,1,explicit,
pet_turtle_senior_coat_5,animals/portraits,turtle portrait,"senior, coat_5",512x512,yes,1,explicit,
pet_turtle_senior_coat_6,animals/portraits,turtle portrait,"senior, coat_6",512x512,yes,1,explicit,
pet_ferret_baby_coat_1,animals/portraits,ferret portrait,"baby, coat_1",512x512,yes,1,explicit,
pet_ferret_baby_coat_2,animals/portraits,ferret portrait,"baby, coat_2",512x512,yes,1,explicit,
pet_ferret_baby_coat_3,animals/portraits,ferret portrait,"baby, coat_3",512x512,yes,1,explicit,
pet_ferret_baby_coat_4,animals/portraits,ferret portrait,"baby, coat_4",512x512,yes,1,explicit,
pet_ferret_baby_coat_5,animals/portraits,ferret portrait,"baby, coat_5",512x512,yes,1,explicit,
pet_ferret_baby_coat_6,animals/portraits,ferret portrait,"baby, coat_6",512x512,yes,1,explicit,
pet_ferret_young_coat_1,animals/portraits,ferret portrait,"young, coat_1",512x512,yes,1,explicit,
pet_ferret_young_coat_2,animals/portraits,ferret portrait,"young, coat_2",512x512,yes,1,explicit,
pet_ferret_young_coat_3,animals/portraits,ferret portrait,"young, coat_3",512x512,yes,1,explicit,
pet_ferret_young_coat_4,animals/portraits,ferret portrait,"young, coat_4",512x512,yes,1,explicit,
pet_ferret_young_coat_5,animals/portraits,ferret portrait,"young, coat_5",512x512,yes,1,explicit,
pet_ferret_young_coat_6,animals/portraits,ferret portrait,"young, coat_6",512x512,yes,1,explicit,
pet_ferret_adult_coat_1,animals/portraits,ferret portrait,"adult, coat_1",512x512,yes,1,explicit,
pet_ferret_adult_coat_2,animals/portraits,ferret portrait,"adult, coat_2",512x512,yes,1,explicit,
pet_ferret_adult_coat_3,animals/portraits,ferret portrait,"adult, coat_3",512x512,yes,1,explicit,
pet_ferret_adult_coat_4,animals/portraits,ferret portrait,"adult, coat_4",512x512,yes,1,explicit,
pet_ferret_adult_coat_5,animals/portraits,ferret portrait,"adult, coat_5",512x512,yes,1,explicit,
pet_ferret_adult_coat_6,animals/portraits,ferret portrait,"adult, coat_6",512x512,yes,1,explicit,
pet_ferret_senior_coat_1,animals/portraits,ferret portrait,"senior, coat_1",512x512,yes,1,explicit,
pet_ferret_senior_coat_2,animals/portraits,ferret portrait,"senior, coat_2",512x512,yes,1,explicit,
pet_ferret_senior_coat_3,animals/portraits,ferret portrait,"senior, coat_3",512x512,yes,1,explicit,
pet_ferret_senior_coat_4,animals/portraits,ferret portrait,"senior, coat_4",512x512,yes,1,explicit,
pet_ferret_senior_coat_5,animals/portraits,ferret portrait,"senior, coat_5",512x512,yes,1,explicit,
pet_ferret_senior_coat_6,animals/portraits,ferret portrait,"senior, coat_6",512x512,yes,1,explicit,
pet_lizard_baby_coat_1,animals/portraits,lizard portrait,"baby, coat_1",512x512,yes,1,explicit,
pet_lizard_baby_coat_2,animals/portraits,lizard portrait,"baby, coat_2",512x512,yes,1,explicit,
pet_lizard_baby_coat_3,animals/portraits,lizard portrait,"baby, coat_3",512x512,yes,1,explicit,
pet_lizard_baby_coat_4,animals/portraits,lizard portrait,"baby, coat_4",512x512,yes,1,explicit,
pet_lizard_baby_coat_5,animals/portraits,lizard portrait,"baby, coat_5",512x512,yes,1,explicit,
pet_lizard_baby_coat_6,animals/portraits,lizard portrait,"baby, coat_6",512x512,yes,1,explicit,
pet_lizard_young_coat_1,animals/portraits,lizard portrait,"young, coat_1",512x512,yes,1,explicit,
pet_lizard_young_coat_2,animals/portraits,lizard portrait,"young, coat_2",512x512,yes,1,explicit,
pet_lizard_young_coat_3,animals/portraits,lizard portrait,"young, coat_3",512x512,yes,1,explicit,
pet_lizard_young_coat_4,animals/portraits,lizard portrait,"young, coat_4",512x512,yes,1,explicit,
pet_lizard_young_coat_5,animals/portraits,lizard portrait,"young, coat_5",512x512,yes,1,explicit,
pet_lizard_young_coat_6,animals/portraits,lizard portrait,"young, coat_6",512x512,yes,1,explicit,
pet_lizard_adult_coat_1,animals/portraits,lizard portrait,"adult, coat_1",512x512,yes,1,explicit,
pet_lizard_adult_coat_2,animals/portraits,lizard portrait,"adult, coat_2",512x512,yes,1,explicit,
pet_lizard_adult_coat_3,animals/portraits,lizard portrait,"adult, coat_3",512x512,yes,1,explicit,
pet_lizard_adult_coat_4,animals/portraits,lizard portrait,"adult, coat_4",512x512,yes,1,explicit,
pet_lizard_adult_coat_5,animals/portraits,lizard portrait,"adult, coat_5",512x512,yes,1,explicit,
pet_lizard_adult_coat_6,animals/portraits,lizard portrait,"adult, coat_6",512x512,yes,1,explicit,
pet_lizard_senior_coat_1,animals/portraits,lizard portrait,"senior, coat_1",512x512,yes,1,explicit,
pet_lizard_senior_coat_2,animals/portraits,lizard portrait,"senior, coat_2",512x512,yes,1,explicit,
pet_lizard_senior_coat_3,animals/portraits,lizard portrait,"senior, coat_3",512x512,yes,1,explicit,
pet_lizard_senior_coat_4,animals/portraits,lizard portrait,"senior, coat_4",512x512,yes,1,explicit,
pet_lizard_senior_coat_5,animals/portraits,lizard portrait,"senior, coat_5",512x512,yes,1,explicit,
pet_lizard_senior_coat_6,animals/portraits,lizard portrait,"senior, coat_6",512x512,yes,1,explicit,
pet_snake_baby_coat_1,animals/portraits,snake portrait,"baby, coat_1",512x512,yes,1,explicit,
pet_snake_baby_coat_2,animals/portraits,snake portrait,"baby, coat_2",512x512,yes,1,explicit,
pet_snake_baby_coat_3,animals/portraits,snake portrait,"baby, coat_3",512x512,yes,1,explicit,
pet_snake_baby_coat_4,animals/portraits,snake portrait,"baby, coat_4",512x512,yes,1,explicit,
pet_snake_baby_coat_5,animals/portraits,snake portrait,"baby, coat_5",512x512,yes,1,explicit,
pet_snake_baby_coat_6,animals/portraits,snake portrait,"baby, coat_6",512x512,yes,1,explicit,
pet_snake_young_coat_1,animals/portraits,snake portrait,"young, coat_1",512x512,yes,1,explicit,
pet_snake_young_coat_2,animals/portraits,snake portrait,"young, coat_2",512x512,yes,1,explicit,
pet_snake_young_coat_3,animals/portraits,snake portrait,"young, coat_3",512x512,yes,1,explicit,
pet_snake_young_coat_4,animals/portraits,snake portrait,"young, coat_4",512x512,yes,1,explicit,
pet_snake_young_coat_5,animals/portraits,snake portrait,"young, coat_5",512x512,yes,1,explicit,
pet_snake_young_coat_6,animals/portraits,snake portrait,"young, coat_6",512x512,yes,1,explicit,
pet_snake_adult_coat_1,animals/portraits,snake portrait,"adult, coat_1",512x512,yes,1,explicit,
pet_snake_adult_coat_2,animals/portraits,snake portrait,"adult, coat_2",512x512,yes,1,explicit,
pet_snake_adult_coat_3,animals/portraits,snake portrait,"adult, coat_3",512x512,yes,1,explicit,
pet_snake_adult_coat_4,animals/portraits,snake portrait,"adult, coat_4",512x512,yes,1,explicit,
pet_snake_adult_coat_5,animals/portraits,snake portrait,"adult, coat_5",512x512,yes,1,explicit,
pet_snake_adult_coat_6,animals/portraits,snake portrait,"adult, coat_6",512x512,yes,1,explicit,
pet_snake_senior_coat_1,animals/portraits,snake portrait,"senior, coat_1",512x512,yes,1,explicit,
pet_snake_senior_coat_2,animals/portraits,snake portrait,"senior, coat_2",512x512,yes,1,explicit,
pet_snake_senior_coat_3,animals/portraits,snake portrait,"senior, coat_3",512x512,yes,1,explicit,
pet_snake_senior_coat_4,animals/portraits,snake portrait,"senior, coat_4",512x512,yes,1,explicit,
pet_snake_senior_coat_5,animals/portraits,snake portrait,"senior, coat_5",512x512,yes,1,explicit,
pet_snake_senior_coat_6,animals/portraits,snake portrait,"senior, coat_6",512x512,yes,1,explicit,
pet_mood_happy,animals/expressions,Pet mood overlay,happy,512x512,yes,2,explicit,
pet_mood_sleepy,animals/expressions,Pet mood overlay,sleepy,512x512,yes,2,explicit,
pet_mood_hungry,animals/expressions,Pet mood overlay,hungry,512x512,yes,2,explicit,
pet_mood_sick,animals/expressions,Pet mood overlay,sick,512x512,yes,2,explicit,
pet_mood_scared,animals/expressions,Pet mood overlay,scared,512x512,yes,2,explicit,
pet_mood_bonded,animals/expressions,Pet mood overlay,bonded,512x512,yes,2,explicit,
pet_cosmetic_collar_plain,animals/cosmetics,Pet cosmetic,collar_plain,512x512,yes,2,explicit,
pet_cosmetic_collar_spiked,animals/cosmetics,Pet cosmetic,collar_spiked,512x512,yes,2,explicit,
pet_cosmetic_collar_bell,animals/cosmetics,Pet cosmetic,collar_bell,512x512,yes,2,explicit,
pet_cosmetic_collar_gem,animals/cosmetics,Pet cosmetic,collar_gem,512x512,yes,2,explicit,
pet_cosmetic_bandana,animals/cosmetics,Pet cosmetic,bandana,512x512,yes,2,explicit,
pet_cosmetic_bow,animals/cosmetics,Pet cosmetic,bow,512x512,yes,2,explicit,
pet_cosmetic_cape,animals/cosmetics,Pet cosmetic,cape,512x512,yes,2,explicit,
pet_cosmetic_sweater,animals/cosmetics,Pet cosmetic,sweater,512x512,yes,2,explicit,
pet_cosmetic_hat,animals/cosmetics,Pet cosmetic,hat,512x512,yes,2,explicit,
pet_cosmetic_saddle,animals/cosmetics,Pet cosmetic,saddle,512x512,yes,2,explicit,
pet_cosmetic_show_ribbon,animals/cosmetics,Pet cosmetic,show_ribbon,512x512,yes,2,explicit,
pet_cosmetic_cone,animals/cosmetics,Pet cosmetic,cone,512x512,yes,2,explicit,
pet_cosmetic_glasses,animals/cosmetics,Pet cosmetic,glasses,512x512,yes,2,explicit,
pet_cosmetic_bed,animals/cosmetics,Pet cosmetic,bed,512x512,yes,2,explicit,
pet_cosmetic_bowl,animals/cosmetics,Pet cosmetic,bowl,512x512,yes,2,explicit,
pet_cosmetic_toy,animals/cosmetics,Pet cosmetic,toy,512x512,yes,2,explicit,
pet_cosmetic_leash,animals/cosmetics,Pet cosmetic,leash,512x512,yes,2,explicit,
pet_cosmetic_harness,animals/cosmetics,Pet cosmetic,harness,512x512,yes,2,explicit,
pet_cosmetic_tag,animals/cosmetics,Pet cosmetic,tag,512x512,yes,2,explicit,
pet_origin_loving_house,animals/origins,Pet origin spot art,loving_house,512x512,yes,2,explicit,
pet_origin_farm_litter,animals/origins,Pet origin spot art,farm_litter,512x512,yes,2,explicit,
pet_origin_mill,animals/origins,Pet origin spot art,mill,512x512,yes,2,explicit,
pet_origin_shelter,animals/origins,Pet origin spot art,shelter,512x512,yes,2,explicit,
pet_origin_street,animals/origins,Pet origin spot art,street,512x512,yes,2,explicit,
pet_origin_working_line,animals/origins,Pet origin spot art,working_line,512x512,yes,2,explicit,
pet_origin_show_line,animals/origins,Pet origin spot art,show_line,512x512,yes,2,explicit,
minigame_stalk_and_pounce_icon,minigames/pets,Pet minigame icon,stalk_and_pounce,256x256,yes,3,explicit,
minigame_stalk_and_pounce_board,minigames/pets,Pet minigame board,stalk_and_pounce,1000x540,yes,3,explicit,
minigame_stalk_and_pounce_sprite_01,minigames/pets,Pet minigame sprite,stalk_and_pounce sprite 1,256x256,yes,3,explicit,
minigame_stalk_and_pounce_sprite_02,minigames/pets,Pet minigame sprite,stalk_and_pounce sprite 2,256x256,yes,3,explicit,
minigame_stalk_and_pounce_sprite_03,minigames/pets,Pet minigame sprite,stalk_and_pounce sprite 3,256x256,yes,3,explicit,
minigame_stalk_and_pounce_sprite_04,minigames/pets,Pet minigame sprite,stalk_and_pounce sprite 4,256x256,yes,3,explicit,
minigame_scent_work_icon,minigames/pets,Pet minigame icon,scent_work,256x256,yes,3,explicit,
minigame_scent_work_board,minigames/pets,Pet minigame board,scent_work,1000x540,yes,3,explicit,
minigame_scent_work_sprite_01,minigames/pets,Pet minigame sprite,scent_work sprite 1,256x256,yes,3,explicit,
minigame_scent_work_sprite_02,minigames/pets,Pet minigame sprite,scent_work sprite 2,256x256,yes,3,explicit,
minigame_scent_work_sprite_03,minigames/pets,Pet minigame sprite,scent_work sprite 3,256x256,yes,3,explicit,
minigame_scent_work_sprite_04,minigames/pets,Pet minigame sprite,scent_work sprite 4,256x256,yes,3,explicit,
minigame_sneak_icon,minigames/pets,Pet minigame icon,sneak,256x256,yes,3,explicit,
minigame_sneak_board,minigames/pets,Pet minigame board,sneak,1000x540,yes,3,explicit,
minigame_sneak_sprite_01,minigames/pets,Pet minigame sprite,sneak sprite 1,256x256,yes,3,explicit,
minigame_sneak_sprite_02,minigames/pets,Pet minigame sprite,sneak sprite 2,256x256,yes,3,explicit,
minigame_sneak_sprite_03,minigames/pets,Pet minigame sprite,sneak sprite 3,256x256,yes,3,explicit,
minigame_sneak_sprite_04,minigames/pets,Pet minigame sprite,sneak sprite 4,256x256,yes,3,explicit,
minigame_agility_icon,minigames/pets,Pet minigame icon,agility,256x256,yes,3,explicit,
minigame_agility_board,minigames/pets,Pet minigame board,agility,1000x540,yes,3,explicit,
minigame_agility_sprite_01,minigames/pets,Pet minigame sprite,agility sprite 1,256x256,yes,3,explicit,
minigame_agility_sprite_02,minigames/pets,Pet minigame sprite,agility sprite 2,256x256,yes,3,explicit,
minigame_agility_sprite_03,minigames/pets,Pet minigame sprite,agility sprite 3,256x256,yes,3,explicit,
minigame_agility_sprite_04,minigames/pets,Pet minigame sprite,agility sprite 4,256x256,yes,3,explicit,
minigame_herding_icon,minigames/pets,Pet minigame icon,herding,256x256,yes,3,explicit,
minigame_herding_board,minigames/pets,Pet minigame board,herding,1000x540,yes,3,explicit,
minigame_herding_sprite_01,minigames/pets,Pet minigame sprite,herding sprite 1,256x256,yes,3,explicit,
minigame_herding_sprite_02,minigames/pets,Pet minigame sprite,herding sprite 2,256x256,yes,3,explicit,
minigame_herding_sprite_03,minigames/pets,Pet minigame sprite,herding sprite 3,256x256,yes,3,explicit,
minigame_herding_sprite_04,minigames/pets,Pet minigame sprite,herding sprite 4,256x256,yes,3,explicit,
star_item_do_over,star_shop/items,Star Shop item,do_over,256x256,yes,2,explicit,
star_item_first_aid_kit,star_shop/items,Star Shop item,first_aid_kit,256x256,yes,2,explicit,
star_item_spa_voucher,star_shop/items,Star Shop item,spa_voucher,256x256,yes,2,explicit,
star_item_study_guide,star_shop/items,Star Shop item,study_guide,256x256,yes,2,explicit,
star_item_elixir_of_youth,star_shop/items,Star Shop item,elixir_of_youth,256x256,yes,2,explicit,
star_item_fine_wine,star_shop/items,Star Shop item,fine_wine,256x256,yes,2,explicit,
star_item_spare_hours,star_shop/items,Star Shop item,spare_hours,256x256,yes,2,explicit,
star_item_cash_envelope,star_shop/items,Star Shop item,cash_envelope,256x256,yes,2,explicit,
star_item_favour_card,star_shop/items,Star Shop item,favour_card,256x256,yes,2,explicit,
star_item_pardon_letter,star_shop/items,Star Shop item,pardon_letter,256x256,yes,2,explicit,
star_item_golden_ticket,star_shop/items,Star Shop item,golden_ticket,256x256,yes,2,explicit,
star_item_glowing_reference,star_shop/items,Star Shop item,glowing_reference,256x256,yes,2,explicit,
star_item_resume_polish,star_shop/items,Star Shop item,resume_polish,256x256,yes,2,explicit,
star_item_cure_all_tonic,star_shop/items,Star Shop item,cure_all_tonic,256x256,yes,2,explicit,
star_item_pet_care_bundle,star_shop/items,Star Shop item,pet_care_bundle,256x256,yes,2,explicit,
star_item_travel_pass,star_shop/items,Star Shop item,travel_pass,256x256,yes,2,explicit,
star_item_lucky_charm,star_shop/items,Star Shop item,lucky_charm,256x256,yes,2,explicit,
star_item_makeover,star_shop/items,Star Shop item,makeover,256x256,yes,2,explicit,
star_item_frame_common,star_shop/frames,Star item rarity frame,common,256x256,yes,2,explicit,
star_item_frame_rare,star_shop/frames,Star item rarity frame,rare,256x256,yes,2,explicit,
star_item_frame_legendary,star_shop/frames,Star item rarity frame,legendary,256x256,yes,2,explicit,
star_item_new_extra_life_charm,star_shop/items,New Star Shop item,extra_life_charm,256x256,yes,3,explicit,
star_item_new_name_change_token,star_shop/items,New Star Shop item,name_change_token,256x256,yes,3,explicit,
star_item_new_time_skip_candle,star_shop/items,New Star Shop item,time_skip_candle,256x256,yes,3,explicit,
star_item_new_lottery_ticket,star_shop/items,New Star Shop item,lottery_ticket,256x256,yes,3,explicit,
star_item_new_first_class_upgrade,star_shop/items,New Star Shop item,first_class_upgrade,256x256,yes,3,explicit,
star_item_new_lawyer_on_retainer,star_shop/items,New Star Shop item,lawyer_on_retainer,256x256,yes,3,explicit,
star_item_new_apology_card,star_shop/items,New Star Shop item,apology_card,256x256,yes,3,explicit,
star_item_new_second_wind,star_shop/items,New Star Shop item,second_wind,256x256,yes,3,explicit,
star_item_new_mentor_introduction,star_shop/items,New Star Shop item,mentor_introduction,256x256,yes,3,explicit,
star_item_new_house_blessing,star_shop/items,New Star Shop item,house_blessing,256x256,yes,3,explicit,
star_item_new_fortune_cookie,star_shop/items,New Star Shop item,fortune_cookie,256x256,yes,3,explicit,
star_item_new_mystery_box,star_shop/items,New Star Shop item,mystery_box,256x256,yes,3,explicit,
shop_ui_shelf_background,star_shop/ui,Star Shop UI,shelf_background,256x256,yes,2,explicit,
shop_ui_sold_out_stamp,star_shop/ui,Star Shop UI,sold_out_stamp,256x256,yes,2,explicit,
shop_ui_new_stock_ribbon,star_shop/ui,Star Shop UI,new_stock_ribbon,256x256,yes,2,explicit,
shop_ui_star_currency_small,star_shop/ui,Star Shop UI,star_currency_small,256x256,yes,2,explicit,
shop_ui_star_currency_medium,star_shop/ui,Star Shop UI,star_currency_medium,256x256,yes,2,explicit,
shop_ui_star_currency_large,star_shop/ui,Star Shop UI,star_currency_large,256x256,yes,2,explicit,
shop_ui_rotation_timer_clock,star_shop/ui,Star Shop UI,rotation_timer_clock,256x256,yes,2,explicit,
storefront_jeweler,shopping/storefronts,Store front,jeweler,256x256,yes,3,explicit,
storefront_alley_dealer,shopping/storefronts,Store front,alley_dealer,256x256,yes,3,explicit,
storefront_electronics,shopping/storefronts,Store front,electronics,256x256,yes,3,explicit,
storefront_sporting_goods,shopping/storefronts,Store front,sporting_goods,256x256,yes,3,explicit,
storefront_music_shop,shopping/storefronts,Store front,music_shop,256x256,yes,3,explicit,
storefront_clothing,shopping/storefronts,Store front,clothing,256x256,yes,3,explicit,
storefront_novelty,shopping/storefronts,Store front,novelty,256x256,yes,3,explicit,
storefront_bookstore,shopping/storefronts,Store front,bookstore,256x256,yes,3,explicit,
storefront_motorcycle_dealer,shopping/storefronts,Store front,motorcycle_dealer,256x256,yes,3,explicit,
storefront_boat_dealer,shopping/storefronts,Store front,boat_dealer,256x256,yes,3,explicit,
storefront_aircraft_broker,shopping/storefronts,Store front,aircraft_broker,256x256,yes,3,explicit,
storefront_art_collectibles,shopping/storefronts,Store front,art_collectibles,256x256,yes,3,explicit,
brand_logo_marrow_lint,shopping/brands,Invented brand-house logo,marrow_lint,256x256,yes,3,explicit,
brand_tag_marrow_lint_numbered_edition,shopping/brands,Numbered edition tag,marrow_lint,256x256,yes,3,explicit,
brand_tag_marrow_lint_archive_reissue,shopping/brands,Archive reissue tag,marrow_lint,256x256,yes,3,explicit,
brand_logo_harrowgate,shopping/brands,Invented brand-house logo,harrowgate,256x256,yes,3,explicit,
brand_tag_harrowgate_numbered_edition,shopping/brands,Numbered edition tag,harrowgate,256x256,yes,3,explicit,
brand_tag_harrowgate_archive_reissue,shopping/brands,Archive reissue tag,harrowgate,256x256,yes,3,explicit,
brand_logo_voss_aurel,shopping/brands,Invented brand-house logo,voss_aurel,256x256,yes,3,explicit,
brand_tag_voss_aurel_numbered_edition,shopping/brands,Numbered edition tag,voss_aurel,256x256,yes,3,explicit,
brand_tag_voss_aurel_archive_reissue,shopping/brands,Archive reissue tag,voss_aurel,256x256,yes,3,explicit,
brand_logo_castellane_freres,shopping/brands,Invented brand-house logo,castellane_freres,256x256,yes,3,explicit,
brand_tag_castellane_freres_numbered_edition,shopping/brands,Numbered edition tag,castellane_freres,256x256,yes,3,explicit,
brand_tag_castellane_freres_archive_reissue,shopping/brands,Archive reissue tag,castellane_freres,256x256,yes,3,explicit,
brand_logo_nocturne,shopping/brands,Invented brand-house logo,nocturne,256x256,yes,3,explicit,
brand_tag_nocturne_numbered_edition,shopping/brands,Numbered edition tag,nocturne,256x256,yes,3,explicit,
brand_tag_nocturne_archive_reissue,shopping/brands,Archive reissue tag,nocturne,256x256,yes,3,explicit,
brand_logo_aldridge_wray,shopping/brands,Invented brand-house logo,aldridge_wray,256x256,yes,3,explicit,
brand_tag_aldridge_wray_numbered_edition,shopping/brands,Numbered edition tag,aldridge_wray,256x256,yes,3,explicit,
brand_tag_aldridge_wray_archive_reissue,shopping/brands,Archive reissue tag,aldridge_wray,256x256,yes,3,explicit,
goods_rings_watches_01,shopping/goods,Goods illustration slot,rings_watches #1,256x256,yes,3,slot,Brief specifies 8–12 pieces per category but does not name every individual piece.
goods_rings_watches_02,shopping/goods,Goods illustration slot,rings_watches #2,256x256,yes,3,slot,Brief specifies 8–12 pieces per category but does not name every individual piece.
goods_rings_watches_03,shopping/goods,Goods illustration slot,rings_watches #3,256x256,yes,3,slot,Brief specifies 8–12 pieces per category but does not name every individual piece.
goods_rings_watches_04,shopping/goods,Goods illustration slot,rings_watches #4,256x256,yes,3,slot,Brief specifies 8–12 pieces per category but does not name every individual piece.
goods_rings_watches_05,shopping/goods,Goods illustration slot,rings_watches #5,256x256,yes,3,slot,Brief specifies 8–12 pieces per category but does not name every individual piece.
goods_rings_watches_06,shopping/goods,Goods illustration slot,rings_watches #6,256x256,yes,3,slot,Brief specifies 8–12 pieces per category but does not name every individual piece.
goods_rings_watches_07,shopping/goods,Goods illustration slot,rings_watches #7,256x256,yes,3,slot,Brief specifies 8–12 pieces per category but does not name every individual piece.
goods_rings_watches_08,shopping/goods,Goods illustration slot,rings_watches #8,256x256,yes,3,slot,Brief specifies 8–12 pieces per category but does not name every individual piece.
goods_rings_watches_09,shopping/goods,Goods illustration slot,rings_watches #9,256x256,yes,3,slot,Brief specifies 8–12 pieces per category but does not name every individual piece.
goods_rings_watches_10,shopping/goods,Goods illustration slot,rings_watches #10,256x256,yes,3,slot,Brief specifies 8–12 pieces per category but does not name every individual piece.
goods_phones_computers_cameras_consoles_01,shopping/goods,Goods illustration slot,phones_computers_cameras_consoles #1,256x256,yes,3,slot,Brief specifies 8–12 pieces per category but does not name every individual piece.
goods_phones_computers_cameras_consoles_02,shopping/goods,Goods illustration slot,phones_computers_cameras_consoles #2,256x256,yes,3,slot,Brief specifies 8–12 pieces per category but does not name every individual piece.
goods_phones_computers_cameras_consoles_03,shopping/goods,Goods illustration slot,phones_computers_cameras_consoles #3,256x256,yes,3,slot,Brief specifies 8–12 pieces per category but does not name every individual piece.
goods_phones_computers_cameras_consoles_04,shopping/goods,Goods illustration slot,phones_computers_cameras_consoles #4,256x256,yes,3,slot,Brief specifies 8–12 pieces per category but does not name every individual piece.
goods_phones_computers_cameras_consoles_05,shopping/goods,Goods illustration slot,phones_computers_cameras_consoles #5,256x256,yes,3,slot,Brief specifies 8–12 pieces per category but does not name every individual piece.
goods_phones_computers_cameras_consoles_06,shopping/goods,Goods illustration slot,phones_computers_cameras_consoles #6,256x256,yes,3,slot,Brief specifies 8–12 pieces per category but does not name every individual piece.
goods_phones_computers_cameras_consoles_07,shopping/goods,Goods illustration slot,phones_computers_cameras_consoles #7,256x256,yes,3,slot,Brief specifies 8–12 pieces per category but does not name every individual piece.
goods_phones_computers_cameras_consoles_08,shopping/goods,Goods illustration slot,phones_computers_cameras_consoles #8,256x256,yes,3,slot,Brief specifies 8–12 pieces per category but does not name every individual piece.
goods_phones_computers_cameras_consoles_09,shopping/goods,Goods illustration slot,phones_computers_cameras_consoles #9,256x256,yes,3,slot,Brief specifies 8–12 pieces per category but does not name every individual piece.
goods_phones_computers_cameras_consoles_10,shopping/goods,Goods illustration slot,phones_computers_cameras_consoles #10,256x256,yes,3,slot,Brief specifies 8–12 pieces per category but does not name every individual piece.
goods_bikes_gym_rods_bows_01,shopping/goods,Goods illustration slot,bikes_gym_rods_bows #1,256x256,yes,3,slot,Brief specifies 8–12 pieces per category but does not name every individual piece.
goods_bikes_gym_rods_bows_02,shopping/goods,Goods illustration slot,bikes_gym_rods_bows #2,256x256,yes,3,slot,Brief specifies 8–12 pieces per category but does not name every individual piece.
goods_bikes_gym_rods_bows_03,shopping/goods,Goods illustration slot,bikes_gym_rods_bows #3,256x256,yes,3,slot,Brief specifies 8–12 pieces per category but does not name every individual piece.
goods_bikes_gym_rods_bows_04,shopping/goods,Goods illustration slot,bikes_gym_rods_bows #4,256x256,yes,3,slot,Brief specifies 8–12 pieces per category but does not name every individual piece.
goods_bikes_gym_rods_bows_05,shopping/goods,Goods illustration slot,bikes_gym_rods_bows #5,256x256,yes,3,slot,Brief specifies 8–12 pieces per category but does not name every individual piece.
goods_bikes_gym_rods_bows_06,shopping/goods,Goods illustration slot,bikes_gym_rods_bows #6,256x256,yes,3,slot,Brief specifies 8–12 pieces per category but does not name every individual piece.
goods_bikes_gym_rods_bows_07,shopping/goods,Goods illustration slot,bikes_gym_rods_bows #7,256x256,yes,3,slot,Brief specifies 8–12 pieces per category but does not name every individual piece.
goods_bikes_gym_rods_bows_08,shopping/goods,Goods illustration slot,bikes_gym_rods_bows #8,256x256,yes,3,slot,Brief specifies 8–12 pieces per category but does not name every individual piece.
goods_bikes_gym_rods_bows_09,shopping/goods,Goods illustration slot,bikes_gym_rods_bows #9,256x256,yes,3,slot,Brief specifies 8–12 pieces per category but does not name every individual piece.
goods_bikes_gym_rods_bows_10,shopping/goods,Goods illustration slot,bikes_gym_rods_bows #10,256x256,yes,3,slot,Brief specifies 8–12 pieces per category but does not name every individual piece.
goods_music_instruments_dj_01,shopping/goods,Goods illustration slot,music_instruments_dj #1,256x256,yes,3,slot,Brief specifies 8–12 pieces per category but does not name every individual piece.
goods_music_instruments_dj_02,shopping/goods,Goods illustration slot,music_instruments_dj #2,256x256,yes,3,slot,Brief specifies 8–12 pieces per category but does not name every individual piece.
goods_music_instruments_dj_03,shopping/goods,Goods illustration slot,music_instruments_dj #3,256x256,yes,3,slot,Brief specifies 8–12 pieces per category but does not name every individual piece.
goods_music_instruments_dj_04,shopping/goods,Goods illustration slot,music_instruments_dj #4,256x256,yes,3,slot,Brief specifies 8–12 pieces per category but does not name every individual piece.
goods_music_instruments_dj_05,shopping/goods,Goods illustration slot,music_instruments_dj #5,256x256,yes,3,slot,Brief specifies 8–12 pieces per category but does not name every individual piece.
goods_music_instruments_dj_06,shopping/goods,Goods illustration slot,music_instruments_dj #6,256x256,yes,3,slot,Brief specifies 8–12 pieces per category but does not name every individual piece.
goods_music_instruments_dj_07,shopping/goods,Goods illustration slot,music_instruments_dj #7,256x256,yes,3,slot,Brief specifies 8–12 pieces per category but does not name every individual piece.
goods_music_instruments_dj_08,shopping/goods,Goods illustration slot,music_instruments_dj #8,256x256,yes,3,slot,Brief specifies 8–12 pieces per category but does not name every individual piece.
goods_music_instruments_dj_09,shopping/goods,Goods illustration slot,music_instruments_dj #9,256x256,yes,3,slot,Brief specifies 8–12 pieces per category but does not name every individual piece.
goods_music_instruments_dj_10,shopping/goods,Goods illustration slot,music_instruments_dj #10,256x256,yes,3,slot,Brief specifies 8–12 pieces per category but does not name every individual piece.
goods_suits_designer_outfits_01,shopping/goods,Goods illustration slot,suits_designer_outfits #1,256x256,yes,3,slot,Brief specifies 8–12 pieces per category but does not name every individual piece.
goods_suits_designer_outfits_02,shopping/goods,Goods illustration slot,suits_designer_outfits #2,256x256,yes,3,slot,Brief specifies 8–12 pieces per category but does not name every individual piece.
goods_suits_designer_outfits_03,shopping/goods,Goods illustration slot,suits_designer_outfits #3,256x256,yes,3,slot,Brief specifies 8–12 pieces per category but does not name every individual piece.
goods_suits_designer_outfits_04,shopping/goods,Goods illustration slot,suits_designer_outfits #4,256x256,yes,3,slot,Brief specifies 8–12 pieces per category but does not name every individual piece.
goods_suits_designer_outfits_05,shopping/goods,Goods illustration slot,suits_designer_outfits #5,256x256,yes,3,slot,Brief specifies 8–12 pieces per category but does not name every individual piece.
goods_suits_designer_outfits_06,shopping/goods,Goods illustration slot,suits_designer_outfits #6,256x256,yes,3,slot,Brief specifies 8–12 pieces per category but does not name every individual piece.
goods_suits_designer_outfits_07,shopping/goods,Goods illustration slot,suits_designer_outfits #7,256x256,yes,3,slot,Brief specifies 8–12 pieces per category but does not name every individual piece.
goods_suits_designer_outfits_08,shopping/goods,Goods illustration slot,suits_designer_outfits #8,256x256,yes,3,slot,Brief specifies 8–12 pieces per category but does not name every individual piece.
goods_suits_designer_outfits_09,shopping/goods,Goods illustration slot,suits_designer_outfits #9,256x256,yes,3,slot,Brief specifies 8–12 pieces per category but does not name every individual piece.
goods_suits_designer_outfits_10,shopping/goods,Goods illustration slot,suits_designer_outfits #10,256x256,yes,3,slot,Brief specifies 8–12 pieces per category but does not name every individual piece.
goods_lucky_charms_gadgets_01,shopping/goods,Goods illustration slot,lucky_charms_gadgets #1,256x256,yes,3,slot,Brief specifies 8–12 pieces per category but does not name every individual piece.
goods_lucky_charms_gadgets_02,shopping/goods,Goods illustration slot,lucky_charms_gadgets #2,256x256,yes,3,slot,Brief specifies 8–12 pieces per category but does not name every individual piece.
goods_lucky_charms_gadgets_03,shopping/goods,Goods illustration slot,lucky_charms_gadgets #3,256x256,yes,3,slot,Brief specifies 8–12 pieces per category but does not name every individual piece.
goods_lucky_charms_gadgets_04,shopping/goods,Goods illustration slot,lucky_charms_gadgets #4,256x256,yes,3,slot,Brief specifies 8–12 pieces per category but does not name every individual piece.
goods_lucky_charms_gadgets_05,shopping/goods,Goods illustration slot,lucky_charms_gadgets #5,256x256,yes,3,slot,Brief specifies 8–12 pieces per category but does not name every individual piece.
goods_lucky_charms_gadgets_06,shopping/goods,Goods illustration slot,lucky_charms_gadgets #6,256x256,yes,3,slot,Brief specifies 8–12 pieces per category but does not name every individual piece.
goods_lucky_charms_gadgets_07,shopping/goods,Goods illustration slot,lucky_charms_gadgets #7,256x256,yes,3,slot,Brief specifies 8–12 pieces per category but does not name every individual piece.
goods_lucky_charms_gadgets_08,shopping/goods,Goods illustration slot,lucky_charms_gadgets #8,256x256,yes,3,slot,Brief specifies 8–12 pieces per category but does not name every individual piece.
goods_lucky_charms_gadgets_09,shopping/goods,Goods illustration slot,lucky_charms_gadgets #9,256x256,yes,3,slot,Brief specifies 8–12 pieces per category but does not name every individual piece.
goods_lucky_charms_gadgets_10,shopping/goods,Goods illustration slot,lucky_charms_gadgets #10,256x256,yes,3,slot,Brief specifies 8–12 pieces per category but does not name every individual piece.
goods_books_01,shopping/goods,Goods illustration slot,books #1,256x256,yes,3,slot,Brief specifies 8–12 pieces per category but does not name every individual piece.
goods_books_02,shopping/goods,Goods illustration slot,books #2,256x256,yes,3,slot,Brief specifies 8–12 pieces per category but does not name every individual piece.
goods_books_03,shopping/goods,Goods illustration slot,books #3,256x256,yes,3,slot,Brief specifies 8–12 pieces per category but does not name every individual piece.
goods_books_04,shopping/goods,Goods illustration slot,books #4,256x256,yes,3,slot,Brief specifies 8–12 pieces per category but does not name every individual piece.
goods_books_05,shopping/goods,Goods illustration slot,books #5,256x256,yes,3,slot,Brief specifies 8–12 pieces per category but does not name every individual piece.
goods_books_06,shopping/goods,Goods illustration slot,books #6,256x256,yes,3,slot,Brief specifies 8–12 pieces per category but does not name every individual piece.
goods_books_07,shopping/goods,Goods illustration slot,books #7,256x256,yes,3,slot,Brief specifies 8–12 pieces per category but does not name every individual piece.
goods_books_08,shopping/goods,Goods illustration slot,books #8,256x256,yes,3,slot,Brief specifies 8–12 pieces per category but does not name every individual piece.
goods_books_09,shopping/goods,Goods illustration slot,books #9,256x256,yes,3,slot,Brief specifies 8–12 pieces per category but does not name every individual piece.
goods_books_10,shopping/goods,Goods illustration slot,books #10,256x256,yes,3,slot,Brief specifies 8–12 pieces per category but does not name every individual piece.
goods_scooters_motorbikes_01,shopping/goods,Goods illustration slot,scooters_motorbikes #1,256x256,yes,3,slot,Brief specifies 8–12 pieces per category but does not name every individual piece.
goods_scooters_motorbikes_02,shopping/goods,Goods illustration slot,scooters_motorbikes #2,256x256,yes,3,slot,Brief specifies 8–12 pieces per category but does not name every individual piece.
goods_scooters_motorbikes_03,shopping/goods,Goods illustration slot,scooters_motorbikes #3,256x256,yes,3,slot,Brief specifies 8–12 pieces per category but does not name every individual piece.
goods_scooters_motorbikes_04,shopping/goods,Goods illustration slot,scooters_motorbikes #4,256x256,yes,3,slot,Brief specifies 8–12 pieces per category but does not name every individual piece.
goods_scooters_motorbikes_05,shopping/goods,Goods illustration slot,scooters_motorbikes #5,256x256,yes,3,slot,Brief specifies 8–12 pieces per category but does not name every individual piece.
goods_scooters_motorbikes_06,shopping/goods,Goods illustration slot,scooters_motorbikes #6,256x256,yes,3,slot,Brief specifies 8–12 pieces per category but does not name every individual piece.
goods_scooters_motorbikes_07,shopping/goods,Goods illustration slot,scooters_motorbikes #7,256x256,yes,3,slot,Brief specifies 8–12 pieces per category but does not name every individual piece.
goods_scooters_motorbikes_08,shopping/goods,Goods illustration slot,scooters_motorbikes #8,256x256,yes,3,slot,Brief specifies 8–12 pieces per category but does not name every individual piece.
goods_scooters_motorbikes_09,shopping/goods,Goods illustration slot,scooters_motorbikes #9,256x256,yes,3,slot,Brief specifies 8–12 pieces per category but does not name every individual piece.
goods_scooters_motorbikes_10,shopping/goods,Goods illustration slot,scooters_motorbikes #10,256x256,yes,3,slot,Brief specifies 8–12 pieces per category but does not name every individual piece.
goods_kayaks_to_yachts_01,shopping/goods,Goods illustration slot,kayaks_to_yachts #1,256x256,yes,3,slot,Brief specifies 8–12 pieces per category but does not name every individual piece.
goods_kayaks_to_yachts_02,shopping/goods,Goods illustration slot,kayaks_to_yachts #2,256x256,yes,3,slot,Brief specifies 8–12 pieces per category but does not name every individual piece.
goods_kayaks_to_yachts_03,shopping/goods,Goods illustration slot,kayaks_to_yachts #3,256x256,yes,3,slot,Brief specifies 8–12 pieces per category but does not name every individual piece.
goods_kayaks_to_yachts_04,shopping/goods,Goods illustration slot,kayaks_to_yachts #4,256x256,yes,3,slot,Brief specifies 8–12 pieces per category but does not name every individual piece.
goods_kayaks_to_yachts_05,shopping/goods,Goods illustration slot,kayaks_to_yachts #5,256x256,yes,3,slot,Brief specifies 8–12 pieces per category but does not name every individual piece.
goods_kayaks_to_yachts_06,shopping/goods,Goods illustration slot,kayaks_to_yachts #6,256x256,yes,3,slot,Brief specifies 8–12 pieces per category but does not name every individual piece.
goods_kayaks_to_yachts_07,shopping/goods,Goods illustration slot,kayaks_to_yachts #7,256x256,yes,3,slot,Brief specifies 8–12 pieces per category but does not name every individual piece.
goods_kayaks_to_yachts_08,shopping/goods,Goods illustration slot,kayaks_to_yachts #8,256x256,yes,3,slot,Brief specifies 8–12 pieces per category but does not name every individual piece.
goods_kayaks_to_yachts_09,shopping/goods,Goods illustration slot,kayaks_to_yachts #9,256x256,yes,3,slot,Brief specifies 8–12 pieces per category but does not name every individual piece.
goods_kayaks_to_yachts_10,shopping/goods,Goods illustration slot,kayaks_to_yachts #10,256x256,yes,3,slot,Brief specifies 8–12 pieces per category but does not name every individual piece.
goods_ultralights_to_jets_01,shopping/goods,Goods illustration slot,ultralights_to_jets #1,256x256,yes,3,slot,Brief specifies 8–12 pieces per category but does not name every individual piece.
goods_ultralights_to_jets_02,shopping/goods,Goods illustration slot,ultralights_to_jets #2,256x256,yes,3,slot,Brief specifies 8–12 pieces per category but does not name every individual piece.
goods_ultralights_to_jets_03,shopping/goods,Goods illustration slot,ultralights_to_jets #3,256x256,yes,3,slot,Brief specifies 8–12 pieces per category but does not name every individual piece.
goods_ultralights_to_jets_04,shopping/goods,Goods illustration slot,ultralights_to_jets #4,256x256,yes,3,slot,Brief specifies 8–12 pieces per category but does not name every individual piece.
goods_ultralights_to_jets_05,shopping/goods,Goods illustration slot,ultralights_to_jets #5,256x256,yes,3,slot,Brief specifies 8–12 pieces per category but does not name every individual piece.
goods_ultralights_to_jets_06,shopping/goods,Goods illustration slot,ultralights_to_jets #6,256x256,yes,3,slot,Brief specifies 8–12 pieces per category but does not name every individual piece.
goods_ultralights_to_jets_07,shopping/goods,Goods illustration slot,ultralights_to_jets #7,256x256,yes,3,slot,Brief specifies 8–12 pieces per category but does not name every individual piece.
goods_ultralights_to_jets_08,shopping/goods,Goods illustration slot,ultralights_to_jets #8,256x256,yes,3,slot,Brief specifies 8–12 pieces per category but does not name every individual piece.
goods_ultralights_to_jets_09,shopping/goods,Goods illustration slot,ultralights_to_jets #9,256x256,yes,3,slot,Brief specifies 8–12 pieces per category but does not name every individual piece.
goods_ultralights_to_jets_10,shopping/goods,Goods illustration slot,ultralights_to_jets #10,256x256,yes,3,slot,Brief specifies 8–12 pieces per category but does not name every individual piece.
goods_art_antiques_01,shopping/goods,Goods illustration slot,art_antiques #1,256x256,yes,3,slot,Brief specifies 8–12 pieces per category but does not name every individual piece.
goods_art_antiques_02,shopping/goods,Goods illustration slot,art_antiques #2,256x256,yes,3,slot,Brief specifies 8–12 pieces per category but does not name every individual piece.
goods_art_antiques_03,shopping/goods,Goods illustration slot,art_antiques #3,256x256,yes,3,slot,Brief specifies 8–12 pieces per category but does not name every individual piece.
goods_art_antiques_04,shopping/goods,Goods illustration slot,art_antiques #4,256x256,yes,3,slot,Brief specifies 8–12 pieces per category but does not name every individual piece.
goods_art_antiques_05,shopping/goods,Goods illustration slot,art_antiques #5,256x256,yes,3,slot,Brief specifies 8–12 pieces per category but does not name every individual piece.
goods_art_antiques_06,shopping/goods,Goods illustration slot,art_antiques #6,256x256,yes,3,slot,Brief specifies 8–12 pieces per category but does not name every individual piece.
goods_art_antiques_07,shopping/goods,Goods illustration slot,art_antiques #7,256x256,yes,3,slot,Brief specifies 8–12 pieces per category but does not name every individual piece.
goods_art_antiques_08,shopping/goods,Goods illustration slot,art_antiques #8,256x256,yes,3,slot,Brief specifies 8–12 pieces per category but does not name every individual piece.
goods_art_antiques_09,shopping/goods,Goods illustration slot,art_antiques #9,256x256,yes,3,slot,Brief specifies 8–12 pieces per category but does not name every individual piece.
goods_art_antiques_10,shopping/goods,Goods illustration slot,art_antiques #10,256x256,yes,3,slot,Brief specifies 8–12 pieces per category but does not name every individual piece.
vehicle_bicycle,shopping/vehicles,Vehicle / transit icon,bicycle,256x256,yes,3,explicit,
vehicle_used_hatchback,shopping/vehicles,Vehicle / transit icon,used_hatchback,256x256,yes,3,explicit,
vehicle_new_sedan,shopping/vehicles,Vehicle / transit icon,new_sedan,256x256,yes,3,explicit,
vehicle_sports_car,shopping/vehicles,Vehicle / transit icon,sports_car,256x256,yes,3,explicit,
vehicle_suv,shopping/vehicles,Vehicle / transit icon,suv,256x256,yes,3,explicit,
vehicle_van,shopping/vehicles,Vehicle / transit icon,van,256x256,yes,3,explicit,
vehicle_truck,shopping/vehicles,Vehicle / transit icon,truck,256x256,yes,3,explicit,
vehicle_motorbike,shopping/vehicles,Vehicle / transit icon,motorbike,256x256,yes,3,explicit,
vehicle_scooter,shopping/vehicles,Vehicle / transit icon,scooter,256x256,yes,3,explicit,
vehicle_boat,shopping/vehicles,Vehicle / transit icon,boat,256x256,yes,3,explicit,
vehicle_yacht,shopping/vehicles,Vehicle / transit icon,yacht,256x256,yes,3,explicit,
vehicle_small_plane,shopping/vehicles,Vehicle / transit icon,small_plane,256x256,yes,3,explicit,
vehicle_jet,shopping/vehicles,Vehicle / transit icon,jet,256x256,yes,3,explicit,
vehicle_bus,shopping/vehicles,Vehicle / transit icon,bus,256x256,yes,3,explicit,
vehicle_train,shopping/vehicles,Vehicle / transit icon,train,256x256,yes,3,explicit,
vehicle_walking,shopping/vehicles,Vehicle / transit icon,walking,256x256,yes,3,explicit,
home_family_home,shopping/homes,Home / dwelling,family_home,256x256,yes,3,explicit,
home_rented_flat,shopping/homes,Home / dwelling,rented_flat,256x256,yes,3,explicit,
home_shared_flat,shopping/homes,Home / dwelling,shared_flat,256x256,yes,3,explicit,
home_student_room,shopping/homes,Home / dwelling,student_room,256x256,yes,3,explicit,
home_house,shopping/homes,Home / dwelling,house,256x256,yes,3,explicit,
home_mansion,shopping/homes,Home / dwelling,mansion,256x256,yes,3,explicit,
home_penthouse,shopping/homes,Home / dwelling,penthouse,256x256,yes,3,explicit,
home_mobile_home,shopping/homes,Home / dwelling,mobile_home,256x256,yes,3,explicit,
home_prison_cell,shopping/homes,Home / dwelling,prison_cell,256x256,yes,3,explicit,
home_pet_kennel_basket,shopping/homes,Home / dwelling,pet_kennel_basket,256x256,yes,3,explicit,
ui_happiness,ui,UI/stat icon,happiness,256x256,yes,2,explicit,
ui_health,ui,UI/stat icon,health,256x256,yes,2,explicit,
ui_smarts,ui,UI/stat icon,smarts,256x256,yes,2,explicit,
ui_looks,ui,UI/stat icon,looks,256x256,yes,2,explicit,
ui_stress,ui,UI/stat icon,stress,256x256,yes,2,explicit,
ui_money,ui,UI/stat icon,money,256x256,yes,2,explicit,
ui_net_worth,ui,UI/stat icon,net_worth,256x256,yes,2,explicit,
ui_fame,ui,UI/stat icon,fame,256x256,yes,2,explicit,
ui_heat,ui,UI/stat icon,heat,256x256,yes,2,explicit,
ui_time_points,ui,UI/stat icon,time_points,256x256,yes,2,explicit,
ui_stars,ui,UI/stat icon,stars,256x256,yes,2,explicit,
ui_age,ui,UI/stat icon,age,256x256,yes,2,explicit,
ui_year,ui,UI/stat icon,year,256x256,yes,2,explicit,
ui_settings,ui,UI/stat icon,settings,256x256,yes,2,explicit,
ui_save,ui,UI/stat icon,save,256x256,yes,2,explicit,
ui_load,ui,UI/stat icon,load,256x256,yes,2,explicit,
ui_share,ui,UI/stat icon,share,256x256,yes,2,explicit,
ui_help,ui,UI/stat icon,help,256x256,yes,2,explicit,
ui_tab_activities,ui,UI/stat icon,tab_activities,256x256,yes,2,explicit,
ui_tab_people,ui,UI/stat icon,tab_people,256x256,yes,2,explicit,
ui_tab_work,ui,UI/stat icon,tab_work,256x256,yes,2,explicit,
ui_tab_assets,ui,UI/stat icon,tab_assets,256x256,yes,2,explicit,
ui_tab_more,ui,UI/stat icon,tab_more,256x256,yes,2,explicit,
ui_filter_all,ui,UI/stat icon,filter_all,256x256,yes,2,explicit,
ui_filter_money,ui,UI/stat icon,filter_money,256x256,yes,2,explicit,
ui_filter_people,ui,UI/stat icon,filter_people,256x256,yes,2,explicit,
ui_filter_work,ui,UI/stat icon,filter_work,256x256,yes,2,explicit,
ui_filter_health,ui,UI/stat icon,filter_health,256x256,yes,2,explicit,
achievement_001,achievements/icons,Achievement icon slot,achievement 1,256x256,yes,2,slot,Exact achievement id/name not included in uploaded brief.
achievement_002,achievements/icons,Achievement icon slot,achievement 2,256x256,yes,2,slot,Exact achievement id/name not included in uploaded brief.
achievement_003,achievements/icons,Achievement icon slot,achievement 3,256x256,yes,2,slot,Exact achievement id/name not included in uploaded brief.
achievement_004,achievements/icons,Achievement icon slot,achievement 4,256x256,yes,2,slot,Exact achievement id/name not included in uploaded brief.
achievement_005,achievements/icons,Achievement icon slot,achievement 5,256x256,yes,2,slot,Exact achievement id/name not included in uploaded brief.
achievement_006,achievements/icons,Achievement icon slot,achievement 6,256x256,yes,2,slot,Exact achievement id/name not included in uploaded brief.
achievement_007,achievements/icons,Achievement icon slot,achievement 7,256x256,yes,2,slot,Exact achievement id/name not included in uploaded brief.
achievement_008,achievements/icons,Achievement icon slot,achievement 8,256x256,yes,2,slot,Exact achievement id/name not included in uploaded brief.
achievement_009,achievements/icons,Achievement icon slot,achievement 9,256x256,yes,2,slot,Exact achievement id/name not included in uploaded brief.
achievement_010,achievements/icons,Achievement icon slot,achievement 10,256x256,yes,2,slot,Exact achievement id/name not included in uploaded brief.
achievement_011,achievements/icons,Achievement icon slot,achievement 11,256x256,yes,2,slot,Exact achievement id/name not included in uploaded brief.
achievement_012,achievements/icons,Achievement icon slot,achievement 12,256x256,yes,2,slot,Exact achievement id/name not included in uploaded brief.
achievement_013,achievements/icons,Achievement icon slot,achievement 13,256x256,yes,2,slot,Exact achievement id/name not included in uploaded brief.
achievement_014,achievements/icons,Achievement icon slot,achievement 14,256x256,yes,2,slot,Exact achievement id/name not included in uploaded brief.
achievement_015,achievements/icons,Achievement icon slot,achievement 15,256x256,yes,2,slot,Exact achievement id/name not included in uploaded brief.
achievement_016,achievements/icons,Achievement icon slot,achievement 16,256x256,yes,2,slot,Exact achievement id/name not included in uploaded brief.
achievement_017,achievements/icons,Achievement icon slot,achievement 17,256x256,yes,2,slot,Exact achievement id/name not included in uploaded brief.
achievement_018,achievements/icons,Achievement icon slot,achievement 18,256x256,yes,2,slot,Exact achievement id/name not included in uploaded brief.
achievement_019,achievements/icons,Achievement icon slot,achievement 19,256x256,yes,2,slot,Exact achievement id/name not included in uploaded brief.
achievement_020,achievements/icons,Achievement icon slot,achievement 20,256x256,yes,2,slot,Exact achievement id/name not included in uploaded brief.
achievement_021,achievements/icons,Achievement icon slot,achievement 21,256x256,yes,2,slot,Exact achievement id/name not included in uploaded brief.
achievement_022,achievements/icons,Achievement icon slot,achievement 22,256x256,yes,2,slot,Exact achievement id/name not included in uploaded brief.
achievement_023,achievements/icons,Achievement icon slot,achievement 23,256x256,yes,2,slot,Exact achievement id/name not included in uploaded brief.
achievement_024,achievements/icons,Achievement icon slot,achievement 24,256x256,yes,2,slot,Exact achievement id/name not included in uploaded brief.
achievement_025,achievements/icons,Achievement icon slot,achievement 25,256x256,yes,2,slot,Exact achievement id/name not included in uploaded brief.
achievement_026,achievements/icons,Achievement icon slot,achievement 26,256x256,yes,2,slot,Exact achievement id/name not included in uploaded brief.
achievement_027,achievements/icons,Achievement icon slot,achievement 27,256x256,yes,2,slot,Exact achievement id/name not included in uploaded brief.
achievement_028,achievements/icons,Achievement icon slot,achievement 28,256x256,yes,2,slot,Exact achievement id/name not included in uploaded brief.
achievement_029,achievements/icons,Achievement icon slot,achievement 29,256x256,yes,2,slot,Exact achievement id/name not included in uploaded brief.
achievement_030,achievements/icons,Achievement icon slot,achievement 30,256x256,yes,2,slot,Exact achievement id/name not included in uploaded brief.
achievement_031,achievements/icons,Achievement icon slot,achievement 31,256x256,yes,2,slot,Exact achievement id/name not included in uploaded brief.
achievement_032,achievements/icons,Achievement icon slot,achievement 32,256x256,yes,2,slot,Exact achievement id/name not included in uploaded brief.
achievement_033,achievements/icons,Achievement icon slot,achievement 33,256x256,yes,2,slot,Exact achievement id/name not included in uploaded brief.
achievement_034,achievements/icons,Achievement icon slot,achievement 34,256x256,yes,2,slot,Exact achievement id/name not included in uploaded brief.
achievement_035,achievements/icons,Achievement icon slot,achievement 35,256x256,yes,2,slot,Exact achievement id/name not included in uploaded brief.
achievement_036,achievements/icons,Achievement icon slot,achievement 36,256x256,yes,2,slot,Exact achievement id/name not included in uploaded brief.
achievement_037,achievements/icons,Achievement icon slot,achievement 37,256x256,yes,2,slot,Exact achievement id/name not included in uploaded brief.
achievement_038,achievements/icons,Achievement icon slot,achievement 38,256x256,yes,2,slot,Exact achievement id/name not included in uploaded brief.
achievement_039,achievements/icons,Achievement icon slot,achievement 39,256x256,yes,2,slot,Exact achievement id/name not included in uploaded brief.
achievement_040,achievements/icons,Achievement icon slot,achievement 40,256x256,yes,2,slot,Exact achievement id/name not included in uploaded brief.
achievement_041,achievements/icons,Achievement icon slot,achievement 41,256x256,yes,2,slot,Exact achievement id/name not included in uploaded brief.
achievement_042,achievements/icons,Achievement icon slot,achievement 42,256x256,yes,2,slot,Exact achievement id/name not included in uploaded brief.
achievement_043,achievements/icons,Achievement icon slot,achievement 43,256x256,yes,2,slot,Exact achievement id/name not included in uploaded brief.
achievement_044,achievements/icons,Achievement icon slot,achievement 44,256x256,yes,2,slot,Exact achievement id/name not included in uploaded brief.
achievement_045,achievements/icons,Achievement icon slot,achievement 45,256x256,yes,2,slot,Exact achievement id/name not included in uploaded brief.
achievement_046,achievements/icons,Achievement icon slot,achievement 46,256x256,yes,2,slot,Exact achievement id/name not included in uploaded brief.
achievement_047,achievements/icons,Achievement icon slot,achievement 47,256x256,yes,2,slot,Exact achievement id/name not included in uploaded brief.
achievement_048,achievements/icons,Achievement icon slot,achievement 48,256x256,yes,2,slot,Exact achievement id/name not included in uploaded brief.
achievement_049,achievements/icons,Achievement icon slot,achievement 49,256x256,yes,2,slot,Exact achievement id/name not included in uploaded brief.
achievement_050,achievements/icons,Achievement icon slot,achievement 50,256x256,yes,2,slot,Exact achievement id/name not included in uploaded brief.
achievement_051,achievements/icons,Achievement icon slot,achievement 51,256x256,yes,2,slot,Exact achievement id/name not included in uploaded brief.
achievement_052,achievements/icons,Achievement icon slot,achievement 52,256x256,yes,2,slot,Exact achievement id/name not included in uploaded brief.
achievement_053,achievements/icons,Achievement icon slot,achievement 53,256x256,yes,2,slot,Exact achievement id/name not included in uploaded brief.
achievement_054,achievements/icons,Achievement icon slot,achievement 54,256x256,yes,2,slot,Exact achievement id/name not included in uploaded brief.
achievement_055,achievements/icons,Achievement icon slot,achievement 55,256x256,yes,2,slot,Exact achievement id/name not included in uploaded brief.
achievement_056,achievements/icons,Achievement icon slot,achievement 56,256x256,yes,2,slot,Exact achievement id/name not included in uploaded brief.
achievement_057,achievements/icons,Achievement icon slot,achievement 57,256x256,yes,2,slot,Exact achievement id/name not included in uploaded brief.
achievement_058,achievements/icons,Achievement icon slot,achievement 58,256x256,yes,2,slot,Exact achievement id/name not included in uploaded brief.
achievement_059,achievements/icons,Achievement icon slot,achievement 59,256x256,yes,2,slot,Exact achievement id/name not included in uploaded brief.
achievement_060,achievements/icons,Achievement icon slot,achievement 60,256x256,yes,2,slot,Exact achievement id/name not included in uploaded brief.
achievement_061,achievements/icons,Achievement icon slot,achievement 61,256x256,yes,2,slot,Exact achievement id/name not included in uploaded brief.
achievement_062,achievements/icons,Achievement icon slot,achievement 62,256x256,yes,2,slot,Exact achievement id/name not included in uploaded brief.
achievement_063,achievements/icons,Achievement icon slot,achievement 63,256x256,yes,2,slot,Exact achievement id/name not included in uploaded brief.
achievement_064,achievements/icons,Achievement icon slot,achievement 64,256x256,yes,2,slot,Exact achievement id/name not included in uploaded brief.
achievement_065,achievements/icons,Achievement icon slot,achievement 65,256x256,yes,2,slot,Exact achievement id/name not included in uploaded brief.
achievement_066,achievements/icons,Achievement icon slot,achievement 66,256x256,yes,2,slot,Exact achievement id/name not included in uploaded brief.
achievement_067,achievements/icons,Achievement icon slot,achievement 67,256x256,yes,2,slot,Exact achievement id/name not included in uploaded brief.
achievement_068,achievements/icons,Achievement icon slot,achievement 68,256x256,yes,2,slot,Exact achievement id/name not included in uploaded brief.
achievement_069,achievements/icons,Achievement icon slot,achievement 69,256x256,yes,2,slot,Exact achievement id/name not included in uploaded brief.
achievement_070,achievements/icons,Achievement icon slot,achievement 70,256x256,yes,2,slot,Exact achievement id/name not included in uploaded brief.
achievement_071,achievements/icons,Achievement icon slot,achievement 71,256x256,yes,2,slot,Exact achievement id/name not included in uploaded brief.
achievement_072,achievements/icons,Achievement icon slot,achievement 72,256x256,yes,2,slot,Exact achievement id/name not included in uploaded brief.
achievement_073,achievements/icons,Achievement icon slot,achievement 73,256x256,yes,2,slot,Exact achievement id/name not included in uploaded brief.
achievement_074,achievements/icons,Achievement icon slot,achievement 74,256x256,yes,2,slot,Exact achievement id/name not included in uploaded brief.
achievement_075,achievements/icons,Achievement icon slot,achievement 75,256x256,yes,2,slot,Exact achievement id/name not included in uploaded brief.
achievement_076,achievements/icons,Achievement icon slot,achievement 76,256x256,yes,2,slot,Exact achievement id/name not included in uploaded brief.
achievement_077,achievements/icons,Achievement icon slot,achievement 77,256x256,yes,2,slot,Exact achievement id/name not included in uploaded brief.
achievement_078,achievements/icons,Achievement icon slot,achievement 78,256x256,yes,2,slot,Exact achievement id/name not included in uploaded brief.
achievement_079,achievements/icons,Achievement icon slot,achievement 79,256x256,yes,2,slot,Exact achievement id/name not included in uploaded brief.
achievement_080,achievements/icons,Achievement icon slot,achievement 80,256x256,yes,2,slot,Exact achievement id/name not included in uploaded brief.
achievement_081,achievements/icons,Achievement icon slot,achievement 81,256x256,yes,2,slot,Exact achievement id/name not included in uploaded brief.
achievement_082,achievements/icons,Achievement icon slot,achievement 82,256x256,yes,2,slot,Exact achievement id/name not included in uploaded brief.
achievement_083,achievements/icons,Achievement icon slot,achievement 83,256x256,yes,2,slot,Exact achievement id/name not included in uploaded brief.
achievement_084,achievements/icons,Achievement icon slot,achievement 84,256x256,yes,2,slot,Exact achievement id/name not included in uploaded brief.
achievement_085,achievements/icons,Achievement icon slot,achievement 85,256x256,yes,2,slot,Exact achievement id/name not included in uploaded brief.
achievement_086,achievements/icons,Achievement icon slot,achievement 86,256x256,yes,2,slot,Exact achievement id/name not included in uploaded brief.
achievement_087,achievements/icons,Achievement icon slot,achievement 87,256x256,yes,2,slot,Exact achievement id/name not included in uploaded brief.
achievement_088,achievements/icons,Achievement icon slot,achievement 88,256x256,yes,2,slot,Exact achievement id/name not included in uploaded brief.
achievement_089,achievements/icons,Achievement icon slot,achievement 89,256x256,yes,2,slot,Exact achievement id/name not included in uploaded brief.
achievement_090,achievements/icons,Achievement icon slot,achievement 90,256x256,yes,2,slot,Exact achievement id/name not included in uploaded brief.
achievement_091,achievements/icons,Achievement icon slot,achievement 91,256x256,yes,2,slot,Exact achievement id/name not included in uploaded brief.
achievement_092,achievements/icons,Achievement icon slot,achievement 92,256x256,yes,2,slot,Exact achievement id/name not included in uploaded brief.
achievement_093,achievements/icons,Achievement icon slot,achievement 93,256x256,yes,2,slot,Exact achievement id/name not included in uploaded brief.
achievement_094,achievements/icons,Achievement icon slot,achievement 94,256x256,yes,2,slot,Exact achievement id/name not included in uploaded brief.
achievement_095,achievements/icons,Achievement icon slot,achievement 95,256x256,yes,2,slot,Exact achievement id/name not included in uploaded brief.
achievement_096,achievements/icons,Achievement icon slot,achievement 96,256x256,yes,2,slot,Exact achievement id/name not included in uploaded brief.
achievement_097,achievements/icons,Achievement icon slot,achievement 97,256x256,yes,2,slot,Exact achievement id/name not included in uploaded brief.
achievement_098,achievements/icons,Achievement icon slot,achievement 98,256x256,yes,2,slot,Exact achievement id/name not included in uploaded brief.
achievement_099,achievements/icons,Achievement icon slot,achievement 99,256x256,yes,2,slot,Exact achievement id/name not included in uploaded brief.
achievement_100,achievements/icons,Achievement icon slot,achievement 100,256x256,yes,2,slot,Exact achievement id/name not included in uploaded brief.
achievement_101,achievements/icons,Achievement icon slot,achievement 101,256x256,yes,2,slot,Exact achievement id/name not included in uploaded brief.
achievement_102,achievements/icons,Achievement icon slot,achievement 102,256x256,yes,2,slot,Exact achievement id/name not included in uploaded brief.
achievement_103,achievements/icons,Achievement icon slot,achievement 103,256x256,yes,2,slot,Exact achievement id/name not included in uploaded brief.
achievement_104,achievements/icons,Achievement icon slot,achievement 104,256x256,yes,2,slot,Exact achievement id/name not included in uploaded brief.
achievement_105,achievements/icons,Achievement icon slot,achievement 105,256x256,yes,2,slot,Exact achievement id/name not included in uploaded brief.
achievement_106,achievements/icons,Achievement icon slot,achievement 106,256x256,yes,2,slot,Exact achievement id/name not included in uploaded brief.
achievement_107,achievements/icons,Achievement icon slot,achievement 107,256x256,yes,2,slot,Exact achievement id/name not included in uploaded brief.
achievement_108,achievements/icons,Achievement icon slot,achievement 108,256x256,yes,2,slot,Exact achievement id/name not included in uploaded brief.
achievement_109,achievements/icons,Achievement icon slot,achievement 109,256x256,yes,2,slot,Exact achievement id/name not included in uploaded brief.
achievement_110,achievements/icons,Achievement icon slot,achievement 110,256x256,yes,2,slot,Exact achievement id/name not included in uploaded brief.
achievement_111,achievements/icons,Achievement icon slot,achievement 111,256x256,yes,2,slot,Exact achievement id/name not included in uploaded brief.
achievement_112,achievements/icons,Achievement icon slot,achievement 112,256x256,yes,2,slot,Exact achievement id/name not included in uploaded brief.
achievement_113,achievements/icons,Achievement icon slot,achievement 113,256x256,yes,2,slot,Exact achievement id/name not included in uploaded brief.
achievement_114,achievements/icons,Achievement icon slot,achievement 114,256x256,yes,2,slot,Exact achievement id/name not included in uploaded brief.
achievement_115,achievements/icons,Achievement icon slot,achievement 115,256x256,yes,2,slot,Exact achievement id/name not included in uploaded brief.
achievement_116,achievements/icons,Achievement icon slot,achievement 116,256x256,yes,2,slot,Exact achievement id/name not included in uploaded brief.
achievement_117,achievements/icons,Achievement icon slot,achievement 117,256x256,yes,2,slot,Exact achievement id/name not included in uploaded brief.
achievement_118,achievements/icons,Achievement icon slot,achievement 118,256x256,yes,2,slot,Exact achievement id/name not included in uploaded brief.
achievement_119,achievements/icons,Achievement icon slot,achievement 119,256x256,yes,2,slot,Exact achievement id/name not included in uploaded brief.
achievement_120,achievements/icons,Achievement icon slot,achievement 120,256x256,yes,2,slot,Exact achievement id/name not included in uploaded brief.
achievement_121,achievements/icons,Achievement icon slot,achievement 121,256x256,yes,2,slot,Exact achievement id/name not included in uploaded brief.
achievement_122,achievements/icons,Achievement icon slot,achievement 122,256x256,yes,2,slot,Exact achievement id/name not included in uploaded brief.
achievement_123,achievements/icons,Achievement icon slot,achievement 123,256x256,yes,2,slot,Exact achievement id/name not included in uploaded brief.
achievement_124,achievements/icons,Achievement icon slot,achievement 124,256x256,yes,2,slot,Exact achievement id/name not included in uploaded brief.
achievement_125,achievements/icons,Achievement icon slot,achievement 125,256x256,yes,2,slot,Exact achievement id/name not included in uploaded brief.
achievement_126,achievements/icons,Achievement icon slot,achievement 126,256x256,yes,2,slot,Exact achievement id/name not included in uploaded brief.
achievement_127,achievements/icons,Achievement icon slot,achievement 127,256x256,yes,2,slot,Exact achievement id/name not included in uploaded brief.
achievement_128,achievements/icons,Achievement icon slot,achievement 128,256x256,yes,2,slot,Exact achievement id/name not included in uploaded brief.
achievement_129,achievements/icons,Achievement icon slot,achievement 129,256x256,yes,2,slot,Exact achievement id/name not included in uploaded brief.
achievement_130,achievements/icons,Achievement icon slot,achievement 130,256x256,yes,2,slot,Exact achievement id/name not included in uploaded brief.
achievement_131,achievements/icons,Achievement icon slot,achievement 131,256x256,yes,2,slot,Exact achievement id/name not included in uploaded brief.
achievement_132,achievements/icons,Achievement icon slot,achievement 132,256x256,yes,2,slot,Exact achievement id/name not included in uploaded brief.
achievement_133,achievements/icons,Achievement icon slot,achievement 133,256x256,yes,2,slot,Exact achievement id/name not included in uploaded brief.
achievement_134,achievements/icons,Achievement icon slot,achievement 134,256x256,yes,2,slot,Exact achievement id/name not included in uploaded brief.
achievement_135,achievements/icons,Achievement icon slot,achievement 135,256x256,yes,2,slot,Exact achievement id/name not included in uploaded brief.
achievement_136,achievements/icons,Achievement icon slot,achievement 136,256x256,yes,2,slot,Exact achievement id/name not included in uploaded brief.
achievement_137,achievements/icons,Achievement icon slot,achievement 137,256x256,yes,2,slot,Exact achievement id/name not included in uploaded brief.
achievement_138,achievements/icons,Achievement icon slot,achievement 138,256x256,yes,2,slot,Exact achievement id/name not included in uploaded brief.
achievement_139,achievements/icons,Achievement icon slot,achievement 139,256x256,yes,2,slot,Exact achievement id/name not included in uploaded brief.
achievement_140,achievements/icons,Achievement icon slot,achievement 140,256x256,yes,2,slot,Exact achievement id/name not included in uploaded brief.
achievement_141,achievements/icons,Achievement icon slot,achievement 141,256x256,yes,2,slot,Exact achievement id/name not included in uploaded brief.
achievement_142,achievements/icons,Achievement icon slot,achievement 142,256x256,yes,2,slot,Exact achievement id/name not included in uploaded brief.
achievement_143,achievements/icons,Achievement icon slot,achievement 143,256x256,yes,2,slot,Exact achievement id/name not included in uploaded brief.
achievement_144,achievements/icons,Achievement icon slot,achievement 144,256x256,yes,2,slot,Exact achievement id/name not included in uploaded brief.
achievement_145,achievements/icons,Achievement icon slot,achievement 145,256x256,yes,2,slot,Exact achievement id/name not included in uploaded brief.
achievement_146,achievements/icons,Achievement icon slot,achievement 146,256x256,yes,2,slot,Exact achievement id/name not included in uploaded brief.
achievement_147,achievements/icons,Achievement icon slot,achievement 147,256x256,yes,2,slot,Exact achievement id/name not included in uploaded brief.
achievement_148,achievements/icons,Achievement icon slot,achievement 148,256x256,yes,2,slot,Exact achievement id/name not included in uploaded brief.
achievement_149,achievements/icons,Achievement icon slot,achievement 149,256x256,yes,2,slot,Exact achievement id/name not included in uploaded brief.
achievement_150,achievements/icons,Achievement icon slot,achievement 150,256x256,yes,2,slot,Exact achievement id/name not included in uploaded brief.
achievement_151,achievements/icons,Achievement icon slot,achievement 151,256x256,yes,2,slot,Exact achievement id/name not included in uploaded brief.
achievement_152,achievements/icons,Achievement icon slot,achievement 152,256x256,yes,2,slot,Exact achievement id/name not included in uploaded brief.
achievement_153,achievements/icons,Achievement icon slot,achievement 153,256x256,yes,2,slot,Exact achievement id/name not included in uploaded brief.
achievement_154,achievements/icons,Achievement icon slot,achievement 154,256x256,yes,2,slot,Exact achievement id/name not included in uploaded brief.
achievement_155,achievements/icons,Achievement icon slot,achievement 155,256x256,yes,2,slot,Exact achievement id/name not included in uploaded brief.
achievement_156,achievements/icons,Achievement icon slot,achievement 156,256x256,yes,2,slot,Exact achievement id/name not included in uploaded brief.
achievement_157,achievements/icons,Achievement icon slot,achievement 157,256x256,yes,2,slot,Exact achievement id/name not included in uploaded brief.
achievement_158,achievements/icons,Achievement icon slot,achievement 158,256x256,yes,2,slot,Exact achievement id/name not included in uploaded brief.
achievement_159,achievements/icons,Achievement icon slot,achievement 159,256x256,yes,2,slot,Exact achievement id/name not included in uploaded brief.
achievement_160,achievements/icons,Achievement icon slot,achievement 160,256x256,yes,2,slot,Exact achievement id/name not included in uploaded brief.
achievement_161,achievements/icons,Achievement icon slot,achievement 161,256x256,yes,2,slot,Exact achievement id/name not included in uploaded brief.
achievement_162,achievements/icons,Achievement icon slot,achievement 162,256x256,yes,2,slot,Exact achievement id/name not included in uploaded brief.
achievement_163,achievements/icons,Achievement icon slot,achievement 163,256x256,yes,2,slot,Exact achievement id/name not included in uploaded brief.
achievement_164,achievements/icons,Achievement icon slot,achievement 164,256x256,yes,2,slot,Exact achievement id/name not included in uploaded brief.
achievement_165,achievements/icons,Achievement icon slot,achievement 165,256x256,yes,2,slot,Exact achievement id/name not included in uploaded brief.
achievement_166,achievements/icons,Achievement icon slot,achievement 166,256x256,yes,2,slot,Exact achievement id/name not included in uploaded brief.
achievement_167,achievements/icons,Achievement icon slot,achievement 167,256x256,yes,2,slot,Exact achievement id/name not included in uploaded brief.
achievement_168,achievements/icons,Achievement icon slot,achievement 168,256x256,yes,2,slot,Exact achievement id/name not included in uploaded brief.
achievement_169,achievements/icons,Achievement icon slot,achievement 169,256x256,yes,2,slot,Exact achievement id/name not included in uploaded brief.
achievement_170,achievements/icons,Achievement icon slot,achievement 170,256x256,yes,2,slot,Exact achievement id/name not included in uploaded brief.
achievement_171,achievements/icons,Achievement icon slot,achievement 171,256x256,yes,2,slot,Exact achievement id/name not included in uploaded brief.
achievement_172,achievements/icons,Achievement icon slot,achievement 172,256x256,yes,2,slot,Exact achievement id/name not included in uploaded brief.
achievement_173,achievements/icons,Achievement icon slot,achievement 173,256x256,yes,2,slot,Exact achievement id/name not included in uploaded brief.
achievement_174,achievements/icons,Achievement icon slot,achievement 174,256x256,yes,2,slot,Exact achievement id/name not included in uploaded brief.
achievement_175,achievements/icons,Achievement icon slot,achievement 175,256x256,yes,2,slot,Exact achievement id/name not included in uploaded brief.
achievement_176,achievements/icons,Achievement icon slot,achievement 176,256x256,yes,2,slot,Exact achievement id/name not included in uploaded brief.
achievement_177,achievements/icons,Achievement icon slot,achievement 177,256x256,yes,2,slot,Exact achievement id/name not included in uploaded brief.
achievement_178,achievements/icons,Achievement icon slot,achievement 178,256x256,yes,2,slot,Exact achievement id/name not included in uploaded brief.
achievement_179,achievements/icons,Achievement icon slot,achievement 179,256x256,yes,2,slot,Exact achievement id/name not included in uploaded brief.
achievement_180,achievements/icons,Achievement icon slot,achievement 180,256x256,yes,2,slot,Exact achievement id/name not included in uploaded brief.
achievement_181,achievements/icons,Achievement icon slot,achievement 181,256x256,yes,2,slot,Exact achievement id/name not included in uploaded brief.
achievement_182,achievements/icons,Achievement icon slot,achievement 182,256x256,yes,2,slot,Exact achievement id/name not included in uploaded brief.
achievement_183,achievements/icons,Achievement icon slot,achievement 183,256x256,yes,2,slot,Exact achievement id/name not included in uploaded brief.
achievement_184,achievements/icons,Achievement icon slot,achievement 184,256x256,yes,2,slot,Exact achievement id/name not included in uploaded brief.
achievement_185,achievements/icons,Achievement icon slot,achievement 185,256x256,yes,2,slot,Exact achievement id/name not included in uploaded brief.
achievement_186,achievements/icons,Achievement icon slot,achievement 186,256x256,yes,2,slot,Exact achievement id/name not included in uploaded brief.
achievement_187,achievements/icons,Achievement icon slot,achievement 187,256x256,yes,2,slot,Exact achievement id/name not included in uploaded brief.
achievement_188,achievements/icons,Achievement icon slot,achievement 188,256x256,yes,2,slot,Exact achievement id/name not included in uploaded brief.
achievement_189,achievements/icons,Achievement icon slot,achievement 189,256x256,yes,2,slot,Exact achievement id/name not included in uploaded brief.
achievement_190,achievements/icons,Achievement icon slot,achievement 190,256x256,yes,2,slot,Exact achievement id/name not included in uploaded brief.
achievement_191,achievements/icons,Achievement icon slot,achievement 191,256x256,yes,2,slot,Exact achievement id/name not included in uploaded brief.
achievement_192,achievements/icons,Achievement icon slot,achievement 192,256x256,yes,2,slot,Exact achievement id/name not included in uploaded brief.
achievement_193,achievements/icons,Achievement icon slot,achievement 193,256x256,yes,2,slot,Exact achievement id/name not included in uploaded brief.
achievement_194,achievements/icons,Achievement icon slot,achievement 194,256x256,yes,2,slot,Exact achievement id/name not included in uploaded brief.
achievement_195,achievements/icons,Achievement icon slot,achievement 195,256x256,yes,2,slot,Exact achievement id/name not included in uploaded brief.
achievement_196,achievements/icons,Achievement icon slot,achievement 196,256x256,yes,2,slot,Exact achievement id/name not included in uploaded brief.
achievement_197,achievements/icons,Achievement icon slot,achievement 197,256x256,yes,2,slot,Exact achievement id/name not included in uploaded brief.
achievement_198,achievements/icons,Achievement icon slot,achievement 198,256x256,yes,2,slot,Exact achievement id/name not included in uploaded brief.
achievement_199,achievements/icons,Achievement icon slot,achievement 199,256x256,yes,2,slot,Exact achievement id/name not included in uploaded brief.
achievement_200,achievements/icons,Achievement icon slot,achievement 200,256x256,yes,2,slot,Exact achievement id/name not included in uploaded brief.
achievement_201,achievements/icons,Achievement icon slot,achievement 201,256x256,yes,2,slot,Exact achievement id/name not included in uploaded brief.
achievement_202,achievements/icons,Achievement icon slot,achievement 202,256x256,yes,2,slot,Exact achievement id/name not included in uploaded brief.
achievement_203,achievements/icons,Achievement icon slot,achievement 203,256x256,yes,2,slot,Exact achievement id/name not included in uploaded brief.
achievement_204,achievements/icons,Achievement icon slot,achievement 204,256x256,yes,2,slot,Exact achievement id/name not included in uploaded brief.
achievement_205,achievements/icons,Achievement icon slot,achievement 205,256x256,yes,2,slot,Exact achievement id/name not included in uploaded brief.
achievement_206,achievements/icons,Achievement icon slot,achievement 206,256x256,yes,2,slot,Exact achievement id/name not included in uploaded brief.
achievement_207,achievements/icons,Achievement icon slot,achievement 207,256x256,yes,2,slot,Exact achievement id/name not included in uploaded brief.
achievement_208,achievements/icons,Achievement icon slot,achievement 208,256x256,yes,2,slot,Exact achievement id/name not included in uploaded brief.
achievement_209,achievements/icons,Achievement icon slot,achievement 209,256x256,yes,2,slot,Exact achievement id/name not included in uploaded brief.
achievement_210,achievements/icons,Achievement icon slot,achievement 210,256x256,yes,2,slot,Exact achievement id/name not included in uploaded brief.
achievement_211,achievements/icons,Achievement icon slot,achievement 211,256x256,yes,2,slot,Exact achievement id/name not included in uploaded brief.
achievement_212,achievements/icons,Achievement icon slot,achievement 212,256x256,yes,2,slot,Exact achievement id/name not included in uploaded brief.
achievement_213,achievements/icons,Achievement icon slot,achievement 213,256x256,yes,2,slot,Exact achievement id/name not included in uploaded brief.
achievement_214,achievements/icons,Achievement icon slot,achievement 214,256x256,yes,2,slot,Exact achievement id/name not included in uploaded brief.
achievement_215,achievements/icons,Achievement icon slot,achievement 215,256x256,yes,2,slot,Exact achievement id/name not included in uploaded brief.
achievement_216,achievements/icons,Achievement icon slot,achievement 216,256x256,yes,2,slot,Exact achievement id/name not included in uploaded brief.
achievement_217,achievements/icons,Achievement icon slot,achievement 217,256x256,yes,2,slot,Exact achievement id/name not included in uploaded brief.
achievement_218,achievements/icons,Achievement icon slot,achievement 218,256x256,yes,2,slot,Exact achievement id/name not included in uploaded brief.
achievement_219,achievements/icons,Achievement icon slot,achievement 219,256x256,yes,2,slot,Exact achievement id/name not included in uploaded brief.
achievement_220,achievements/icons,Achievement icon slot,achievement 220,256x256,yes,2,slot,Exact achievement id/name not included in uploaded brief.
achievement_221,achievements/icons,Achievement icon slot,achievement 221,256x256,yes,2,slot,Exact achievement id/name not included in uploaded brief.
achievement_222,achievements/icons,Achievement icon slot,achievement 222,256x256,yes,2,slot,Exact achievement id/name not included in uploaded brief.
achievement_223,achievements/icons,Achievement icon slot,achievement 223,256x256,yes,2,slot,Exact achievement id/name not included in uploaded brief.
achievement_224,achievements/icons,Achievement icon slot,achievement 224,256x256,yes,2,slot,Exact achievement id/name not included in uploaded brief.
achievement_225,achievements/icons,Achievement icon slot,achievement 225,256x256,yes,2,slot,Exact achievement id/name not included in uploaded brief.
achievement_226,achievements/icons,Achievement icon slot,achievement 226,256x256,yes,2,slot,Exact achievement id/name not included in uploaded brief.
achievement_227,achievements/icons,Achievement icon slot,achievement 227,256x256,yes,2,slot,Exact achievement id/name not included in uploaded brief.
achievement_228,achievements/icons,Achievement icon slot,achievement 228,256x256,yes,2,slot,Exact achievement id/name not included in uploaded brief.
achievement_229,achievements/icons,Achievement icon slot,achievement 229,256x256,yes,2,slot,Exact achievement id/name not included in uploaded brief.
achievement_230,achievements/icons,Achievement icon slot,achievement 230,256x256,yes,2,slot,Exact achievement id/name not included in uploaded brief.
achievement_231,achievements/icons,Achievement icon slot,achievement 231,256x256,yes,2,slot,Exact achievement id/name not included in uploaded brief.
achievement_232,achievements/icons,Achievement icon slot,achievement 232,256x256,yes,2,slot,Exact achievement id/name not included in uploaded brief.
achievement_233,achievements/icons,Achievement icon slot,achievement 233,256x256,yes,2,slot,Exact achievement id/name not included in uploaded brief.
achievement_234,achievements/icons,Achievement icon slot,achievement 234,256x256,yes,2,slot,Exact achievement id/name not included in uploaded brief.
achievement_235,achievements/icons,Achievement icon slot,achievement 235,256x256,yes,2,slot,Exact achievement id/name not included in uploaded brief.
achievement_236,achievements/icons,Achievement icon slot,achievement 236,256x256,yes,2,slot,Exact achievement id/name not included in uploaded brief.
achievement_237,achievements/icons,Achievement icon slot,achievement 237,256x256,yes,2,slot,Exact achievement id/name not included in uploaded brief.
achievement_238,achievements/icons,Achievement icon slot,achievement 238,256x256,yes,2,slot,Exact achievement id/name not included in uploaded brief.
achievement_239,achievements/icons,Achievement icon slot,achievement 239,256x256,yes,2,slot,Exact achievement id/name not included in uploaded brief.
achievement_240,achievements/icons,Achievement icon slot,achievement 240,256x256,yes,2,slot,Exact achievement id/name not included in uploaded brief.
achievement_241,achievements/icons,Achievement icon slot,achievement 241,256x256,yes,2,slot,Exact achievement id/name not included in uploaded brief.
achievement_242,achievements/icons,Achievement icon slot,achievement 242,256x256,yes,2,slot,Exact achievement id/name not included in uploaded brief.
achievement_243,achievements/icons,Achievement icon slot,achievement 243,256x256,yes,2,slot,Exact achievement id/name not included in uploaded brief.
achievement_244,achievements/icons,Achievement icon slot,achievement 244,256x256,yes,2,slot,Exact achievement id/name not included in uploaded brief.
achievement_245,achievements/icons,Achievement icon slot,achievement 245,256x256,yes,2,slot,Exact achievement id/name not included in uploaded brief.
achievement_246,achievements/icons,Achievement icon slot,achievement 246,256x256,yes,2,slot,Exact achievement id/name not included in uploaded brief.
achievement_247,achievements/icons,Achievement icon slot,achievement 247,256x256,yes,2,slot,Exact achievement id/name not included in uploaded brief.
achievement_248,achievements/icons,Achievement icon slot,achievement 248,256x256,yes,2,slot,Exact achievement id/name not included in uploaded brief.
achievement_249,achievements/icons,Achievement icon slot,achievement 249,256x256,yes,2,slot,Exact achievement id/name not included in uploaded brief.
achievement_250,achievements/icons,Achievement icon slot,achievement 250,256x256,yes,2,slot,Exact achievement id/name not included in uploaded brief.
achievement_251,achievements/icons,Achievement icon slot,achievement 251,256x256,yes,2,slot,Exact achievement id/name not included in uploaded brief.
achievement_252,achievements/icons,Achievement icon slot,achievement 252,256x256,yes,2,slot,Exact achievement id/name not included in uploaded brief.
achievement_253,achievements/icons,Achievement icon slot,achievement 253,256x256,yes,2,slot,Exact achievement id/name not included in uploaded brief.
achievement_254,achievements/icons,Achievement icon slot,achievement 254,256x256,yes,2,slot,Exact achievement id/name not included in uploaded brief.
achievement_255,achievements/icons,Achievement icon slot,achievement 255,256x256,yes,2,slot,Exact achievement id/name not included in uploaded brief.
achievement_256,achievements/icons,Achievement icon slot,achievement 256,256x256,yes,2,slot,Exact achievement id/name not included in uploaded brief.
achievement_257,achievements/icons,Achievement icon slot,achievement 257,256x256,yes,2,slot,Exact achievement id/name not included in uploaded brief.
achievement_258,achievements/icons,Achievement icon slot,achievement 258,256x256,yes,2,slot,Exact achievement id/name not included in uploaded brief.
achievement_259,achievements/icons,Achievement icon slot,achievement 259,256x256,yes,2,slot,Exact achievement id/name not included in uploaded brief.
achievement_260,achievements/icons,Achievement icon slot,achievement 260,256x256,yes,2,slot,Exact achievement id/name not included in uploaded brief.
achievement_261,achievements/icons,Achievement icon slot,achievement 261,256x256,yes,2,slot,Exact achievement id/name not included in uploaded brief.
achievement_262,achievements/icons,Achievement icon slot,achievement 262,256x256,yes,2,slot,Exact achievement id/name not included in uploaded brief.
achievement_263,achievements/icons,Achievement icon slot,achievement 263,256x256,yes,2,slot,Exact achievement id/name not included in uploaded brief.
achievement_264,achievements/icons,Achievement icon slot,achievement 264,256x256,yes,2,slot,Exact achievement id/name not included in uploaded brief.
achievement_265,achievements/icons,Achievement icon slot,achievement 265,256x256,yes,2,slot,Exact achievement id/name not included in uploaded brief.
achievement_266,achievements/icons,Achievement icon slot,achievement 266,256x256,yes,2,slot,Exact achievement id/name not included in uploaded brief.
achievement_267,achievements/icons,Achievement icon slot,achievement 267,256x256,yes,2,slot,Exact achievement id/name not included in uploaded brief.
achievement_268,achievements/icons,Achievement icon slot,achievement 268,256x256,yes,2,slot,Exact achievement id/name not included in uploaded brief.
achievement_269,achievements/icons,Achievement icon slot,achievement 269,256x256,yes,2,slot,Exact achievement id/name not included in uploaded brief.
achievement_270,achievements/icons,Achievement icon slot,achievement 270,256x256,yes,2,slot,Exact achievement id/name not included in uploaded brief.
achievement_271,achievements/icons,Achievement icon slot,achievement 271,256x256,yes,2,slot,Exact achievement id/name not included in uploaded brief.
achievement_272,achievements/icons,Achievement icon slot,achievement 272,256x256,yes,2,slot,Exact achievement id/name not included in uploaded brief.
achievement_273,achievements/icons,Achievement icon slot,achievement 273,256x256,yes,2,slot,Exact achievement id/name not included in uploaded brief.
achievement_274,achievements/icons,Achievement icon slot,achievement 274,256x256,yes,2,slot,Exact achievement id/name not included in uploaded brief.
achievement_275,achievements/icons,Achievement icon slot,achievement 275,256x256,yes,2,slot,Exact achievement id/name not included in uploaded brief.
achievement_276,achievements/icons,Achievement icon slot,achievement 276,256x256,yes,2,slot,Exact achievement id/name not included in uploaded brief.
achievement_277,achievements/icons,Achievement icon slot,achievement 277,256x256,yes,2,slot,Exact achievement id/name not included in uploaded brief.
achievement_278,achievements/icons,Achievement icon slot,achievement 278,256x256,yes,2,slot,Exact achievement id/name not included in uploaded brief.
achievement_279,achievements/icons,Achievement icon slot,achievement 279,256x256,yes,2,slot,Exact achievement id/name not included in uploaded brief.
achievement_280,achievements/icons,Achievement icon slot,achievement 280,256x256,yes,2,slot,Exact achievement id/name not included in uploaded brief.
achievement_281,achievements/icons,Achievement icon slot,achievement 281,256x256,yes,2,slot,Exact achievement id/name not included in uploaded brief.
achievement_282,achievements/icons,Achievement icon slot,achievement 282,256x256,yes,2,slot,Exact achievement id/name not included in uploaded brief.
achievement_283,achievements/icons,Achievement icon slot,achievement 283,256x256,yes,2,slot,Exact achievement id/name not included in uploaded brief.
achievement_284,achievements/icons,Achievement icon slot,achievement 284,256x256,yes,2,slot,Exact achievement id/name not included in uploaded brief.
achievement_285,achievements/icons,Achievement icon slot,achievement 285,256x256,yes,2,slot,Exact achievement id/name not included in uploaded brief.
achievement_286,achievements/icons,Achievement icon slot,achievement 286,256x256,yes,2,slot,Exact achievement id/name not included in uploaded brief.
achievement_287,achievements/icons,Achievement icon slot,achievement 287,256x256,yes,2,slot,Exact achievement id/name not included in uploaded brief.
achievement_288,achievements/icons,Achievement icon slot,achievement 288,256x256,yes,2,slot,Exact achievement id/name not included in uploaded brief.
achievement_289,achievements/icons,Achievement icon slot,achievement 289,256x256,yes,2,slot,Exact achievement id/name not included in uploaded brief.
achievement_290,achievements/icons,Achievement icon slot,achievement 290,256x256,yes,2,slot,Exact achievement id/name not included in uploaded brief.
achievement_291,achievements/icons,Achievement icon slot,achievement 291,256x256,yes,2,slot,Exact achievement id/name not included in uploaded brief.
achievement_292,achievements/icons,Achievement icon slot,achievement 292,256x256,yes,2,slot,Exact achievement id/name not included in uploaded brief.
achievement_293,achievements/icons,Achievement icon slot,achievement 293,256x256,yes,2,slot,Exact achievement id/name not included in uploaded brief.
achievement_294,achievements/icons,Achievement icon slot,achievement 294,256x256,yes,2,slot,Exact achievement id/name not included in uploaded brief.
achievement_295,achievements/icons,Achievement icon slot,achievement 295,256x256,yes,2,slot,Exact achievement id/name not included in uploaded brief.
achievement_296,achievements/icons,Achievement icon slot,achievement 296,256x256,yes,2,slot,Exact achievement id/name not included in uploaded brief.
achievement_297,achievements/icons,Achievement icon slot,achievement 297,256x256,yes,2,slot,Exact achievement id/name not included in uploaded brief.
achievement_298,achievements/icons,Achievement icon slot,achievement 298,256x256,yes,2,slot,Exact achievement id/name not included in uploaded brief.
achievement_299,achievements/icons,Achievement icon slot,achievement 299,256x256,yes,2,slot,Exact achievement id/name not included in uploaded brief.
achievement_300,achievements/icons,Achievement icon slot,achievement 300,256x256,yes,2,slot,Exact achievement id/name not included in uploaded brief.
achievement_301,achievements/icons,Achievement icon slot,achievement 301,256x256,yes,2,slot,Exact achievement id/name not included in uploaded brief.
achievement_302,achievements/icons,Achievement icon slot,achievement 302,256x256,yes,2,slot,Exact achievement id/name not included in uploaded brief.
achievement_303,achievements/icons,Achievement icon slot,achievement 303,256x256,yes,2,slot,Exact achievement id/name not included in uploaded brief.
achievement_304,achievements/icons,Achievement icon slot,achievement 304,256x256,yes,2,slot,Exact achievement id/name not included in uploaded brief.
achievement_305,achievements/icons,Achievement icon slot,achievement 305,256x256,yes,2,slot,Exact achievement id/name not included in uploaded brief.
achievement_306,achievements/icons,Achievement icon slot,achievement 306,256x256,yes,2,slot,Exact achievement id/name not included in uploaded brief.
achievement_307,achievements/icons,Achievement icon slot,achievement 307,256x256,yes,2,slot,Exact achievement id/name not included in uploaded brief.
achievement_308,achievements/icons,Achievement icon slot,achievement 308,256x256,yes,2,slot,Exact achievement id/name not included in uploaded brief.
achievement_309,achievements/icons,Achievement icon slot,achievement 309,256x256,yes,2,slot,Exact achievement id/name not included in uploaded brief.
achievement_310,achievements/icons,Achievement icon slot,achievement 310,256x256,yes,2,slot,Exact achievement id/name not included in uploaded brief.
achievement_311,achievements/icons,Achievement icon slot,achievement 311,256x256,yes,2,slot,Exact achievement id/name not included in uploaded brief.
achievement_312,achievements/icons,Achievement icon slot,achievement 312,256x256,yes,2,slot,Exact achievement id/name not included in uploaded brief.
achievement_313,achievements/icons,Achievement icon slot,achievement 313,256x256,yes,2,slot,Exact achievement id/name not included in uploaded brief.
achievement_314,achievements/icons,Achievement icon slot,achievement 314,256x256,yes,2,slot,Exact achievement id/name not included in uploaded brief.
achievement_315,achievements/icons,Achievement icon slot,achievement 315,256x256,yes,2,slot,Exact achievement id/name not included in uploaded brief.
achievement_316,achievements/icons,Achievement icon slot,achievement 316,256x256,yes,2,slot,Exact achievement id/name not included in uploaded brief.
achievement_317,achievements/icons,Achievement icon slot,achievement 317,256x256,yes,2,slot,Exact achievement id/name not included in uploaded brief.
achievement_318,achievements/icons,Achievement icon slot,achievement 318,256x256,yes,2,slot,Exact achievement id/name not included in uploaded brief.
achievement_319,achievements/icons,Achievement icon slot,achievement 319,256x256,yes,2,slot,Exact achievement id/name not included in uploaded brief.
achievement_320,achievements/icons,Achievement icon slot,achievement 320,256x256,yes,2,slot,Exact achievement id/name not included in uploaded brief.
achievement_321,achievements/icons,Achievement icon slot,achievement 321,256x256,yes,2,slot,Exact achievement id/name not included in uploaded brief.
achievement_322,achievements/icons,Achievement icon slot,achievement 322,256x256,yes,2,slot,Exact achievement id/name not included in uploaded brief.
achievement_323,achievements/icons,Achievement icon slot,achievement 323,256x256,yes,2,slot,Exact achievement id/name not included in uploaded brief.
achievement_324,achievements/icons,Achievement icon slot,achievement 324,256x256,yes,2,slot,Exact achievement id/name not included in uploaded brief.
achievement_325,achievements/icons,Achievement icon slot,achievement 325,256x256,yes,2,slot,Exact achievement id/name not included in uploaded brief.
achievement_326,achievements/icons,Achievement icon slot,achievement 326,256x256,yes,2,slot,Exact achievement id/name not included in uploaded brief.
achievement_327,achievements/icons,Achievement icon slot,achievement 327,256x256,yes,2,slot,Exact achievement id/name not included in uploaded brief.
achievement_328,achievements/icons,Achievement icon slot,achievement 328,256x256,yes,2,slot,Exact achievement id/name not included in uploaded brief.
achievement_329,achievements/icons,Achievement icon slot,achievement 329,256x256,yes,2,slot,Exact achievement id/name not included in uploaded brief.
achievement_330,achievements/icons,Achievement icon slot,achievement 330,256x256,yes,2,slot,Exact achievement id/name not included in uploaded brief.
achievement_331,achievements/icons,Achievement icon slot,achievement 331,256x256,yes,2,slot,Exact achievement id/name not included in uploaded brief.
achievement_332,achievements/icons,Achievement icon slot,achievement 332,256x256,yes,2,slot,Exact achievement id/name not included in uploaded brief.
achievement_333,achievements/icons,Achievement icon slot,achievement 333,256x256,yes,2,slot,Exact achievement id/name not included in uploaded brief.
achievement_334,achievements/icons,Achievement icon slot,achievement 334,256x256,yes,2,slot,Exact achievement id/name not included in uploaded brief.
achievement_335,achievements/icons,Achievement icon slot,achievement 335,256x256,yes,2,slot,Exact achievement id/name not included in uploaded brief.
achievement_336,achievements/icons,Achievement icon slot,achievement 336,256x256,yes,2,slot,Exact achievement id/name not included in uploaded brief.
achievement_337,achievements/icons,Achievement icon slot,achievement 337,256x256,yes,2,slot,Exact achievement id/name not included in uploaded brief.
achievement_338,achievements/icons,Achievement icon slot,achievement 338,256x256,yes,2,slot,Exact achievement id/name not included in uploaded brief.
achievement_339,achievements/icons,Achievement icon slot,achievement 339,256x256,yes,2,slot,Exact achievement id/name not included in uploaded brief.
achievement_340,achievements/icons,Achievement icon slot,achievement 340,256x256,yes,2,slot,Exact achievement id/name not included in uploaded brief.
achievement_341,achievements/icons,Achievement icon slot,achievement 341,256x256,yes,2,slot,Exact achievement id/name not included in uploaded brief.
achievement_342,achievements/icons,Achievement icon slot,achievement 342,256x256,yes,2,slot,Exact achievement id/name not included in uploaded brief.
achievement_343,achievements/icons,Achievement icon slot,achievement 343,256x256,yes,2,slot,Exact achievement id/name not included in uploaded brief.
achievement_344,achievements/icons,Achievement icon slot,achievement 344,256x256,yes,2,slot,Exact achievement id/name not included in uploaded brief.
achievement_345,achievements/icons,Achievement icon slot,achievement 345,256x256,yes,2,slot,Exact achievement id/name not included in uploaded brief.
achievement_346,achievements/icons,Achievement icon slot,achievement 346,256x256,yes,2,slot,Exact achievement id/name not included in uploaded brief.
achievement_347,achievements/icons,Achievement icon slot,achievement 347,256x256,yes,2,slot,Exact achievement id/name not included in uploaded brief.
achievement_348,achievements/icons,Achievement icon slot,achievement 348,256x256,yes,2,slot,Exact achievement id/name not included in uploaded brief.
achievement_349,achievements/icons,Achievement icon slot,achievement 349,256x256,yes,2,slot,Exact achievement id/name not included in uploaded brief.
achievement_350,achievements/icons,Achievement icon slot,achievement 350,256x256,yes,2,slot,Exact achievement id/name not included in uploaded brief.
achievement_351,achievements/icons,Achievement icon slot,achievement 351,256x256,yes,2,slot,Exact achievement id/name not included in uploaded brief.
achievement_352,achievements/icons,Achievement icon slot,achievement 352,256x256,yes,2,slot,Exact achievement id/name not included in uploaded brief.
achievement_353,achievements/icons,Achievement icon slot,achievement 353,256x256,yes,2,slot,Exact achievement id/name not included in uploaded brief.
achievement_354,achievements/icons,Achievement icon slot,achievement 354,256x256,yes,2,slot,Exact achievement id/name not included in uploaded brief.
achievement_355,achievements/icons,Achievement icon slot,achievement 355,256x256,yes,2,slot,Exact achievement id/name not included in uploaded brief.
achievement_356,achievements/icons,Achievement icon slot,achievement 356,256x256,yes,2,slot,Exact achievement id/name not included in uploaded brief.
achievement_357,achievements/icons,Achievement icon slot,achievement 357,256x256,yes,2,slot,Exact achievement id/name not included in uploaded brief.
achievement_358,achievements/icons,Achievement icon slot,achievement 358,256x256,yes,2,slot,Exact achievement id/name not included in uploaded brief.
achievement_359,achievements/icons,Achievement icon slot,achievement 359,256x256,yes,2,slot,Exact achievement id/name not included in uploaded brief.
achievement_360,achievements/icons,Achievement icon slot,achievement 360,256x256,yes,2,slot,Exact achievement id/name not included in uploaded brief.
achievement_361,achievements/icons,Achievement icon slot,achievement 361,256x256,yes,2,slot,Exact achievement id/name not included in uploaded brief.
achievement_362,achievements/icons,Achievement icon slot,achievement 362,256x256,yes,2,slot,Exact achievement id/name not included in uploaded brief.
achievement_363,achievements/icons,Achievement icon slot,achievement 363,256x256,yes,2,slot,Exact achievement id/name not included in uploaded brief.
achievement_364,achievements/icons,Achievement icon slot,achievement 364,256x256,yes,2,slot,Exact achievement id/name not included in uploaded brief.
achievement_365,achievements/icons,Achievement icon slot,achievement 365,256x256,yes,2,slot,Exact achievement id/name not included in uploaded brief.
achievement_366,achievements/icons,Achievement icon slot,achievement 366,256x256,yes,2,slot,Exact achievement id/name not included in uploaded brief.
achievement_367,achievements/icons,Achievement icon slot,achievement 367,256x256,yes,2,slot,Exact achievement id/name not included in uploaded brief.
achievement_368,achievements/icons,Achievement icon slot,achievement 368,256x256,yes,2,slot,Exact achievement id/name not included in uploaded brief.
achievement_369,achievements/icons,Achievement icon slot,achievement 369,256x256,yes,2,slot,Exact achievement id/name not included in uploaded brief.
achievement_370,achievements/icons,Achievement icon slot,achievement 370,256x256,yes,2,slot,Exact achievement id/name not included in uploaded brief.
achievement_371,achievements/icons,Achievement icon slot,achievement 371,256x256,yes,2,slot,Exact achievement id/name not included in uploaded brief.
achievement_372,achievements/icons,Achievement icon slot,achievement 372,256x256,yes,2,slot,Exact achievement id/name not included in uploaded brief.
achievement_373,achievements/icons,Achievement icon slot,achievement 373,256x256,yes,2,slot,Exact achievement id/name not included in uploaded brief.
achievement_374,achievements/icons,Achievement icon slot,achievement 374,256x256,yes,2,slot,Exact achievement id/name not included in uploaded brief.
achievement_375,achievements/icons,Achievement icon slot,achievement 375,256x256,yes,2,slot,Exact achievement id/name not included in uploaded brief.
achievement_376,achievements/icons,Achievement icon slot,achievement 376,256x256,yes,2,slot,Exact achievement id/name not included in uploaded brief.
achievement_377,achievements/icons,Achievement icon slot,achievement 377,256x256,yes,2,slot,Exact achievement id/name not included in uploaded brief.
achievement_378,achievements/icons,Achievement icon slot,achievement 378,256x256,yes,2,slot,Exact achievement id/name not included in uploaded brief.
achievement_379,achievements/icons,Achievement icon slot,achievement 379,256x256,yes,2,slot,Exact achievement id/name not included in uploaded brief.
achievement_380,achievements/icons,Achievement icon slot,achievement 380,256x256,yes,2,slot,Exact achievement id/name not included in uploaded brief.
achievement_381,achievements/icons,Achievement icon slot,achievement 381,256x256,yes,2,slot,Exact achievement id/name not included in uploaded brief.
achievement_382,achievements/icons,Achievement icon slot,achievement 382,256x256,yes,2,slot,Exact achievement id/name not included in uploaded brief.
achievement_383,achievements/icons,Achievement icon slot,achievement 383,256x256,yes,2,slot,Exact achievement id/name not included in uploaded brief.
achievement_384,achievements/icons,Achievement icon slot,achievement 384,256x256,yes,2,slot,Exact achievement id/name not included in uploaded brief.
achievement_385,achievements/icons,Achievement icon slot,achievement 385,256x256,yes,2,slot,Exact achievement id/name not included in uploaded brief.
achievement_386,achievements/icons,Achievement icon slot,achievement 386,256x256,yes,2,slot,Exact achievement id/name not included in uploaded brief.
achievement_387,achievements/icons,Achievement icon slot,achievement 387,256x256,yes,2,slot,Exact achievement id/name not included in uploaded brief.
achievement_388,achievements/icons,Achievement icon slot,achievement 388,256x256,yes,2,slot,Exact achievement id/name not included in uploaded brief.
achievement_389,achievements/icons,Achievement icon slot,achievement 389,256x256,yes,2,slot,Exact achievement id/name not included in uploaded brief.
achievement_390,achievements/icons,Achievement icon slot,achievement 390,256x256,yes,2,slot,Exact achievement id/name not included in uploaded brief.
achievement_391,achievements/icons,Achievement icon slot,achievement 391,256x256,yes,2,slot,Exact achievement id/name not included in uploaded brief.
achievement_392,achievements/icons,Achievement icon slot,achievement 392,256x256,yes,2,slot,Exact achievement id/name not included in uploaded brief.
achievement_393,achievements/icons,Achievement icon slot,achievement 393,256x256,yes,2,slot,Exact achievement id/name not included in uploaded brief.
achievement_frame_bronze,achievements/frames,Achievement tier frame,bronze,256x256,yes,2,explicit,
achievement_card_bronze,achievements/cards,Achievement card background,bronze,256x256,yes,2,explicit,
achievement_frame_silver,achievements/frames,Achievement tier frame,silver,256x256,yes,2,explicit,
achievement_card_silver,achievements/cards,Achievement card background,silver,256x256,yes,2,explicit,
achievement_frame_gold,achievements/frames,Achievement tier frame,gold,256x256,yes,2,explicit,
achievement_card_gold,achievements/cards,Achievement card background,gold,256x256,yes,2,explicit,
achievement_frame_platinum,achievements/frames,Achievement tier frame,platinum,256x256,yes,2,explicit,
achievement_card_platinum,achievements/cards,Achievement card background,platinum,256x256,yes,2,explicit,
achievement_frame_legendary,achievements/frames,Achievement tier frame,legendary,256x256,yes,2,explicit,
achievement_card_legendary,achievements/cards,Achievement card background,legendary,256x256,yes,2,explicit,
achievement_frame_diamond,achievements/frames,Achievement tier frame,diamond,256x256,yes,2,explicit,
achievement_card_diamond,achievements/cards,Achievement card background,diamond,256x256,yes,2,explicit,
achievement_light_ray_burst,achievements/ui,Achievement light-ray burst,,256x256,yes,2,explicit,
achievement_trophy_header,achievements/ui,Achievement trophy header,,256x256,yes,2,explicit,
job_01,careers/jobs,Job icon slot,job 1,256x256,yes,3,slot,Exact job id/name not included in uploaded brief.
job_02,careers/jobs,Job icon slot,job 2,256x256,yes,3,slot,Exact job id/name not included in uploaded brief.
job_03,careers/jobs,Job icon slot,job 3,256x256,yes,3,slot,Exact job id/name not included in uploaded brief.
job_04,careers/jobs,Job icon slot,job 4,256x256,yes,3,slot,Exact job id/name not included in uploaded brief.
job_05,careers/jobs,Job icon slot,job 5,256x256,yes,3,slot,Exact job id/name not included in uploaded brief.
job_06,careers/jobs,Job icon slot,job 6,256x256,yes,3,slot,Exact job id/name not included in uploaded brief.
job_07,careers/jobs,Job icon slot,job 7,256x256,yes,3,slot,Exact job id/name not included in uploaded brief.
job_08,careers/jobs,Job icon slot,job 8,256x256,yes,3,slot,Exact job id/name not included in uploaded brief.
job_09,careers/jobs,Job icon slot,job 9,256x256,yes,3,slot,Exact job id/name not included in uploaded brief.
job_10,careers/jobs,Job icon slot,job 10,256x256,yes,3,slot,Exact job id/name not included in uploaded brief.
job_11,careers/jobs,Job icon slot,job 11,256x256,yes,3,slot,Exact job id/name not included in uploaded brief.
job_12,careers/jobs,Job icon slot,job 12,256x256,yes,3,slot,Exact job id/name not included in uploaded brief.
job_13,careers/jobs,Job icon slot,job 13,256x256,yes,3,slot,Exact job id/name not included in uploaded brief.
job_14,careers/jobs,Job icon slot,job 14,256x256,yes,3,slot,Exact job id/name not included in uploaded brief.
job_15,careers/jobs,Job icon slot,job 15,256x256,yes,3,slot,Exact job id/name not included in uploaded brief.
job_16,careers/jobs,Job icon slot,job 16,256x256,yes,3,slot,Exact job id/name not included in uploaded brief.
job_17,careers/jobs,Job icon slot,job 17,256x256,yes,3,slot,Exact job id/name not included in uploaded brief.
job_18,careers/jobs,Job icon slot,job 18,256x256,yes,3,slot,Exact job id/name not included in uploaded brief.
job_19,careers/jobs,Job icon slot,job 19,256x256,yes,3,slot,Exact job id/name not included in uploaded brief.
job_20,careers/jobs,Job icon slot,job 20,256x256,yes,3,slot,Exact job id/name not included in uploaded brief.
job_21,careers/jobs,Job icon slot,job 21,256x256,yes,3,slot,Exact job id/name not included in uploaded brief.
job_22,careers/jobs,Job icon slot,job 22,256x256,yes,3,slot,Exact job id/name not included in uploaded brief.
job_23,careers/jobs,Job icon slot,job 23,256x256,yes,3,slot,Exact job id/name not included in uploaded brief.
job_24,careers/jobs,Job icon slot,job 24,256x256,yes,3,slot,Exact job id/name not included in uploaded brief.
job_25,careers/jobs,Job icon slot,job 25,256x256,yes,3,slot,Exact job id/name not included in uploaded brief.
job_26,careers/jobs,Job icon slot,job 26,256x256,yes,3,slot,Exact job id/name not included in uploaded brief.
job_27,careers/jobs,Job icon slot,job 27,256x256,yes,3,slot,Exact job id/name not included in uploaded brief.
job_28,careers/jobs,Job icon slot,job 28,256x256,yes,3,slot,Exact job id/name not included in uploaded brief.
job_29,careers/jobs,Job icon slot,job 29,256x256,yes,3,slot,Exact job id/name not included in uploaded brief.
job_30,careers/jobs,Job icon slot,job 30,256x256,yes,3,slot,Exact job id/name not included in uploaded brief.
job_31,careers/jobs,Job icon slot,job 31,256x256,yes,3,slot,Exact job id/name not included in uploaded brief.
job_32,careers/jobs,Job icon slot,job 32,256x256,yes,3,slot,Exact job id/name not included in uploaded brief.
job_33,careers/jobs,Job icon slot,job 33,256x256,yes,3,slot,Exact job id/name not included in uploaded brief.
job_34,careers/jobs,Job icon slot,job 34,256x256,yes,3,slot,Exact job id/name not included in uploaded brief.
job_35,careers/jobs,Job icon slot,job 35,256x256,yes,3,slot,Exact job id/name not included in uploaded brief.
job_36,careers/jobs,Job icon slot,job 36,256x256,yes,3,slot,Exact job id/name not included in uploaded brief.
job_37,careers/jobs,Job icon slot,job 37,256x256,yes,3,slot,Exact job id/name not included in uploaded brief.
job_38,careers/jobs,Job icon slot,job 38,256x256,yes,3,slot,Exact job id/name not included in uploaded brief.
job_39,careers/jobs,Job icon slot,job 39,256x256,yes,3,slot,Exact job id/name not included in uploaded brief.
job_40,careers/jobs,Job icon slot,job 40,256x256,yes,3,slot,Exact job id/name not included in uploaded brief.
job_41,careers/jobs,Job icon slot,job 41,256x256,yes,3,slot,Exact job id/name not included in uploaded brief.
job_42,careers/jobs,Job icon slot,job 42,256x256,yes,3,slot,Exact job id/name not included in uploaded brief.
job_43,careers/jobs,Job icon slot,job 43,256x256,yes,3,slot,Exact job id/name not included in uploaded brief.
job_44,careers/jobs,Job icon slot,job 44,256x256,yes,3,slot,Exact job id/name not included in uploaded brief.
job_45,careers/jobs,Job icon slot,job 45,256x256,yes,3,slot,Exact job id/name not included in uploaded brief.
job_46,careers/jobs,Job icon slot,job 46,256x256,yes,3,slot,Exact job id/name not included in uploaded brief.
job_47,careers/jobs,Job icon slot,job 47,256x256,yes,3,slot,Exact job id/name not included in uploaded brief.
job_48,careers/jobs,Job icon slot,job 48,256x256,yes,3,slot,Exact job id/name not included in uploaded brief.
job_49,careers/jobs,Job icon slot,job 49,256x256,yes,3,slot,Exact job id/name not included in uploaded brief.
job_50,careers/jobs,Job icon slot,job 50,256x256,yes,3,slot,Exact job id/name not included in uploaded brief.
job_51,careers/jobs,Job icon slot,job 51,256x256,yes,3,slot,Exact job id/name not included in uploaded brief.
job_52,careers/jobs,Job icon slot,job 52,256x256,yes,3,slot,Exact job id/name not included in uploaded brief.
job_53,careers/jobs,Job icon slot,job 53,256x256,yes,3,slot,Exact job id/name not included in uploaded brief.
job_54,careers/jobs,Job icon slot,job 54,256x256,yes,3,slot,Exact job id/name not included in uploaded brief.
job_55,careers/jobs,Job icon slot,job 55,256x256,yes,3,slot,Exact job id/name not included in uploaded brief.
job_56,careers/jobs,Job icon slot,job 56,256x256,yes,3,slot,Exact job id/name not included in uploaded brief.
major_01,careers/majors,Major icon slot,major 1,256x256,yes,3,slot,
major_02,careers/majors,Major icon slot,major 2,256x256,yes,3,slot,
major_03,careers/majors,Major icon slot,major 3,256x256,yes,3,slot,
major_04,careers/majors,Major icon slot,major 4,256x256,yes,3,slot,
major_05,careers/majors,Major icon slot,major 5,256x256,yes,3,slot,
major_06,careers/majors,Major icon slot,major 6,256x256,yes,3,slot,
major_07,careers/majors,Major icon slot,major 7,256x256,yes,3,slot,
major_08,careers/majors,Major icon slot,major 8,256x256,yes,3,slot,
major_09,careers/majors,Major icon slot,major 9,256x256,yes,3,slot,
major_10,careers/majors,Major icon slot,major 10,256x256,yes,3,slot,
major_11,careers/majors,Major icon slot,major 11,256x256,yes,3,slot,
major_12,careers/majors,Major icon slot,major 12,256x256,yes,3,slot,
major_13,careers/majors,Major icon slot,major 13,256x256,yes,3,slot,
major_14,careers/majors,Major icon slot,major 14,256x256,yes,3,slot,
major_15,careers/majors,Major icon slot,major 15,256x256,yes,3,slot,
major_16,careers/majors,Major icon slot,major 16,256x256,yes,3,slot,
major_17,careers/majors,Major icon slot,major 17,256x256,yes,3,slot,
major_18,careers/majors,Major icon slot,major 18,256x256,yes,3,slot,
major_19,careers/majors,Major icon slot,major 19,256x256,yes,3,slot,
major_20,careers/majors,Major icon slot,major 20,256x256,yes,3,slot,
major_21,careers/majors,Major icon slot,major 21,256x256,yes,3,slot,
major_22,careers/majors,Major icon slot,major 22,256x256,yes,3,slot,
major_23,careers/majors,Major icon slot,major 23,256x256,yes,3,slot,
major_24,careers/majors,Major icon slot,major 24,256x256,yes,3,slot,
major_25,careers/majors,Major icon slot,major 25,256x256,yes,3,slot,
trait_01,careers/traits,Trait icon slot,trait 1,256x256,yes,3,slot,
trait_02,careers/traits,Trait icon slot,trait 2,256x256,yes,3,slot,
trait_03,careers/traits,Trait icon slot,trait 3,256x256,yes,3,slot,
trait_04,careers/traits,Trait icon slot,trait 4,256x256,yes,3,slot,
trait_05,careers/traits,Trait icon slot,trait 5,256x256,yes,3,slot,
trait_06,careers/traits,Trait icon slot,trait 6,256x256,yes,3,slot,
trait_07,careers/traits,Trait icon slot,trait 7,256x256,yes,3,slot,
trait_08,careers/traits,Trait icon slot,trait 8,256x256,yes,3,slot,
trait_09,careers/traits,Trait icon slot,trait 9,256x256,yes,3,slot,
trait_10,careers/traits,Trait icon slot,trait 10,256x256,yes,3,slot,
trait_11,careers/traits,Trait icon slot,trait 11,256x256,yes,3,slot,
trait_12,careers/traits,Trait icon slot,trait 12,256x256,yes,3,slot,
license_01_1,careers/licenses,Licence icon slot,"family 1, tier 1",256x256,yes,3,slot,
license_01_2,careers/licenses,Licence icon slot,"family 1, tier 2",256x256,yes,3,slot,
license_01_3,careers/licenses,Licence icon slot,"family 1, tier 3",256x256,yes,3,slot,
license_02_1,careers/licenses,Licence icon slot,"family 2, tier 1",256x256,yes,3,slot,
license_02_2,careers/licenses,Licence icon slot,"family 2, tier 2",256x256,yes,3,slot,
license_02_3,careers/licenses,Licence icon slot,"family 2, tier 3",256x256,yes,3,slot,
license_03_1,careers/licenses,Licence icon slot,"family 3, tier 1",256x256,yes,3,slot,
license_03_2,careers/licenses,Licence icon slot,"family 3, tier 2",256x256,yes,3,slot,
license_03_3,careers/licenses,Licence icon slot,"family 3, tier 3",256x256,yes,3,slot,
license_04_1,careers/licenses,Licence icon slot,"family 4, tier 1",256x256,yes,3,slot,
license_04_2,careers/licenses,Licence icon slot,"family 4, tier 2",256x256,yes,3,slot,
license_04_3,careers/licenses,Licence icon slot,"family 4, tier 3",256x256,yes,3,slot,
license_05_1,careers/licenses,Licence icon slot,"family 5, tier 1",256x256,yes,3,slot,
license_05_2,careers/licenses,Licence icon slot,"family 5, tier 2",256x256,yes,3,slot,
license_05_3,careers/licenses,Licence icon slot,"family 5, tier 3",256x256,yes,3,slot,
license_06_1,careers/licenses,Licence icon slot,"family 6, tier 1",256x256,yes,3,slot,
license_06_2,careers/licenses,Licence icon slot,"family 6, tier 2",256x256,yes,3,slot,
license_06_3,careers/licenses,Licence icon slot,"family 6, tier 3",256x256,yes,3,slot,
challenge_01,careers/challenges,Challenge icon slot,challenge 1,256x256,yes,3,slot,
challenge_02,careers/challenges,Challenge icon slot,challenge 2,256x256,yes,3,slot,
challenge_03,careers/challenges,Challenge icon slot,challenge 3,256x256,yes,3,slot,
challenge_04,careers/challenges,Challenge icon slot,challenge 4,256x256,yes,3,slot,
challenge_05,careers/challenges,Challenge icon slot,challenge 5,256x256,yes,3,slot,
challenge_06,careers/challenges,Challenge icon slot,challenge 6,256x256,yes,3,slot,
challenge_07,careers/challenges,Challenge icon slot,challenge 7,256x256,yes,3,slot,
challenge_08,careers/challenges,Challenge icon slot,challenge 8,256x256,yes,3,slot,
challenge_09,careers/challenges,Challenge icon slot,challenge 9,256x256,yes,3,slot,
challenge_10,careers/challenges,Challenge icon slot,challenge 10,256x256,yes,3,slot,
challenge_11,careers/challenges,Challenge icon slot,challenge 11,256x256,yes,3,slot,
challenge_12,careers/challenges,Challenge icon slot,challenge 12,256x256,yes,3,slot,
challenge_13,careers/challenges,Challenge icon slot,challenge 13,256x256,yes,3,slot,
mission_01,careers/missions,Mission icon slot,mission 1,256x256,yes,3,slot,
mission_02,careers/missions,Mission icon slot,mission 2,256x256,yes,3,slot,
mission_03,careers/missions,Mission icon slot,mission 3,256x256,yes,3,slot,
mission_04,careers/missions,Mission icon slot,mission 4,256x256,yes,3,slot,
mission_05,careers/missions,Mission icon slot,mission 5,256x256,yes,3,slot,
mission_06,careers/missions,Mission icon slot,mission 6,256x256,yes,3,slot,
mission_07,careers/missions,Mission icon slot,mission 7,256x256,yes,3,slot,
mission_08,careers/missions,Mission icon slot,mission 8,256x256,yes,3,slot,
mission_09,careers/missions,Mission icon slot,mission 9,256x256,yes,3,slot,
mission_10,careers/missions,Mission icon slot,mission 10,256x256,yes,3,slot,
mission_11,careers/missions,Mission icon slot,mission 11,256x256,yes,3,slot,
mission_12,careers/missions,Mission icon slot,mission 12,256x256,yes,3,slot,
mission_13,careers/missions,Mission icon slot,mission 13,256x256,yes,3,slot,
mission_14,careers/missions,Mission icon slot,mission 14,256x256,yes,3,slot,
mission_15,careers/missions,Mission icon slot,mission 15,256x256,yes,3,slot,
mission_16,careers/missions,Mission icon slot,mission 16,256x256,yes,3,slot,
mission_17,careers/missions,Mission icon slot,mission 17,256x256,yes,3,slot,
mission_18,careers/missions,Mission icon slot,mission 18,256x256,yes,3,slot,
mission_19,careers/missions,Mission icon slot,mission 19,256x256,yes,3,slot,
mission_20,careers/missions,Mission icon slot,mission 20,256x256,yes,3,slot,
mission_21,careers/missions,Mission icon slot,mission 21,256x256,yes,3,slot,
mission_22,careers/missions,Mission icon slot,mission 22,256x256,yes,3,slot,
mission_23,careers/missions,Mission icon slot,mission 23,256x256,yes,3,slot,
mission_24,careers/missions,Mission icon slot,mission 24,256x256,yes,3,slot,
mission_25,careers/missions,Mission icon slot,mission 25,256x256,yes,3,slot,
mission_26,careers/missions,Mission icon slot,mission 26,256x256,yes,3,slot,
mission_27,careers/missions,Mission icon slot,mission 27,256x256,yes,3,slot,
mission_28,careers/missions,Mission icon slot,mission 28,256x256,yes,3,slot,
mission_29,careers/missions,Mission icon slot,mission 29,256x256,yes,3,slot,
mission_30,careers/missions,Mission icon slot,mission 30,256x256,yes,3,slot,
mission_31,careers/missions,Mission icon slot,mission 31,256x256,yes,3,slot,
mission_32,careers/missions,Mission icon slot,mission 32,256x256,yes,3,slot,
mission_33,careers/missions,Mission icon slot,mission 33,256x256,yes,3,slot,
mission_34,careers/missions,Mission icon slot,mission 34,256x256,yes,3,slot,
mission_35,careers/missions,Mission icon slot,mission 35,256x256,yes,3,slot,
mission_36,careers/missions,Mission icon slot,mission 36,256x256,yes,3,slot,
mission_37,careers/missions,Mission icon slot,mission 37,256x256,yes,3,slot,
mission_38,careers/missions,Mission icon slot,mission 38,256x256,yes,3,slot,
mission_39,careers/missions,Mission icon slot,mission 39,256x256,yes,3,slot,
mission_40,careers/missions,Mission icon slot,mission 40,256x256,yes,3,slot,
mission_41,careers/missions,Mission icon slot,mission 41,256x256,yes,3,slot,
mission_42,careers/missions,Mission icon slot,mission 42,256x256,yes,3,slot,
mission_43,careers/missions,Mission icon slot,mission 43,256x256,yes,3,slot,
mission_44,careers/missions,Mission icon slot,mission 44,256x256,yes,3,slot,
mission_45,careers/missions,Mission icon slot,mission 45,256x256,yes,3,slot,
mission_46,careers/missions,Mission icon slot,mission 46,256x256,yes,3,slot,
mission_47,careers/missions,Mission icon slot,mission 47,256x256,yes,3,slot,
mission_48,careers/missions,Mission icon slot,mission 48,256x256,yes,3,slot,
mission_49,careers/missions,Mission icon slot,mission 49,256x256,yes,3,slot,
mission_50,careers/missions,Mission icon slot,mission 50,256x256,yes,3,slot,
mission_51,careers/missions,Mission icon slot,mission 51,256x256,yes,3,slot,
mission_52,careers/missions,Mission icon slot,mission 52,256x256,yes,3,slot,
mission_53,careers/missions,Mission icon slot,mission 53,256x256,yes,3,slot,
mission_54,careers/missions,Mission icon slot,mission 54,256x256,yes,3,slot,
mission_55,careers/missions,Mission icon slot,mission 55,256x256,yes,3,slot,
mission_56,careers/missions,Mission icon slot,mission 56,256x256,yes,3,slot,
mission_57,careers/missions,Mission icon slot,mission 57,256x256,yes,3,slot,
mission_58,careers/missions,Mission icon slot,mission 58,256x256,yes,3,slot,
mission_59,careers/missions,Mission icon slot,mission 59,256x256,yes,3,slot,
mission_60,careers/missions,Mission icon slot,mission 60,256x256,yes,3,slot,
mission_61,careers/missions,Mission icon slot,mission 61,256x256,yes,3,slot,
mission_62,careers/missions,Mission icon slot,mission 62,256x256,yes,3,slot,
mission_63,careers/missions,Mission icon slot,mission 63,256x256,yes,3,slot,
mission_64,careers/missions,Mission icon slot,mission 64,256x256,yes,3,slot,
mission_65,careers/missions,Mission icon slot,mission 65,256x256,yes,3,slot,
mission_66,careers/missions,Mission icon slot,mission 66,256x256,yes,3,slot,
interview_01,careers/interviews,Interview icon slot,interview 1,256x256,yes,3,slot,
interview_02,careers/interviews,Interview icon slot,interview 2,256x256,yes,3,slot,
interview_03,careers/interviews,Interview icon slot,interview 3,256x256,yes,3,slot,
interview_04,careers/interviews,Interview icon slot,interview 4,256x256,yes,3,slot,
interview_05,careers/interviews,Interview icon slot,interview 5,256x256,yes,3,slot,
interview_06,careers/interviews,Interview icon slot,interview 6,256x256,yes,3,slot,
interview_07,careers/interviews,Interview icon slot,interview 7,256x256,yes,3,slot,
interview_08,careers/interviews,Interview icon slot,interview 8,256x256,yes,3,slot,
rank_military_1,careers/ranks,Career rank pip,military rank 1,256x256,yes,3,explicit,
rank_military_2,careers/ranks,Career rank pip,military rank 2,256x256,yes,3,explicit,
rank_military_3,careers/ranks,Career rank pip,military rank 3,256x256,yes,3,explicit,
rank_military_4,careers/ranks,Career rank pip,military rank 4,256x256,yes,3,explicit,
rank_military_5,careers/ranks,Career rank pip,military rank 5,256x256,yes,3,explicit,
rank_police_1,careers/ranks,Career rank pip,police rank 1,256x256,yes,3,explicit,
rank_police_2,careers/ranks,Career rank pip,police rank 2,256x256,yes,3,explicit,
rank_police_3,careers/ranks,Career rank pip,police rank 3,256x256,yes,3,explicit,
rank_police_4,careers/ranks,Career rank pip,police rank 4,256x256,yes,3,explicit,
rank_police_5,careers/ranks,Career rank pip,police rank 5,256x256,yes,3,explicit,
rank_corporate_1,careers/ranks,Career rank pip,corporate rank 1,256x256,yes,3,explicit,
rank_corporate_2,careers/ranks,Career rank pip,corporate rank 2,256x256,yes,3,explicit,
rank_corporate_3,careers/ranks,Career rank pip,corporate rank 3,256x256,yes,3,explicit,
rank_corporate_4,careers/ranks,Career rank pip,corporate rank 4,256x256,yes,3,explicit,
rank_corporate_5,careers/ranks,Career rank pip,corporate rank 5,256x256,yes,3,explicit,
rank_medical_1,careers/ranks,Career rank pip,medical rank 1,256x256,yes,3,explicit,
rank_medical_2,careers/ranks,Career rank pip,medical rank 2,256x256,yes,3,explicit,
rank_medical_3,careers/ranks,Career rank pip,medical rank 3,256x256,yes,3,explicit,
rank_medical_4,careers/ranks,Career rank pip,medical rank 4,256x256,yes,3,explicit,
rank_medical_5,careers/ranks,Career rank pip,medical rank 5,256x256,yes,3,explicit,
rank_academic_1,careers/ranks,Career rank pip,academic rank 1,256x256,yes,3,explicit,
rank_academic_2,careers/ranks,Career rank pip,academic rank 2,256x256,yes,3,explicit,
rank_academic_3,careers/ranks,Career rank pip,academic rank 3,256x256,yes,3,explicit,
rank_academic_4,careers/ranks,Career rank pip,academic rank 4,256x256,yes,3,explicit,
rank_academic_5,careers/ranks,Career rank pip,academic rank 5,256x256,yes,3,explicit,
flag_us,places/flags,Stylised country flag,us,256x256,yes,3,explicit,
skyline_us,places/skylines,Country skyline,us,512x256,yes,3,explicit,
flag_uk,places/flags,Stylised country flag,uk,256x256,yes,3,explicit,
skyline_uk,places/skylines,Country skyline,uk,512x256,yes,3,explicit,
flag_germany,places/flags,Stylised country flag,germany,256x256,yes,3,explicit,
skyline_germany,places/skylines,Country skyline,germany,512x256,yes,3,explicit,
flag_france,places/flags,Stylised country flag,france,256x256,yes,3,explicit,
skyline_france,places/skylines,Country skyline,france,512x256,yes,3,explicit,
flag_japan,places/flags,Stylised country flag,japan,256x256,yes,3,explicit,
skyline_japan,places/skylines,Country skyline,japan,512x256,yes,3,explicit,
flag_brazil,places/flags,Stylised country flag,brazil,256x256,yes,3,explicit,
skyline_brazil,places/skylines,Country skyline,brazil,512x256,yes,3,explicit,
flag_mexico,places/flags,Stylised country flag,mexico,256x256,yes,3,explicit,
skyline_mexico,places/skylines,Country skyline,mexico,512x256,yes,3,explicit,
flag_philippines,places/flags,Stylised country flag,philippines,256x256,yes,3,explicit,
skyline_philippines,places/skylines,Country skyline,philippines,512x256,yes,3,explicit,
flag_nigeria,places/flags,Stylised country flag,nigeria,256x256,yes,3,explicit,
skyline_nigeria,places/skylines,Country skyline,nigeria,512x256,yes,3,explicit,
flag_india,places/flags,Stylised country flag,india,256x256,yes,3,explicit,
skyline_india,places/skylines,Country skyline,india,512x256,yes,3,explicit,
flag_south_korea,places/flags,Stylised country flag,south_korea,256x256,yes,3,explicit,
skyline_south_korea,places/skylines,Country skyline,south_korea,512x256,yes,3,explicit,
flag_egypt,places/flags,Stylised country flag,egypt,256x256,yes,3,explicit,
skyline_egypt,places/skylines,Country skyline,egypt,512x256,yes,3,explicit,
flag_canada,places/flags,Stylised country flag,canada,256x256,yes,3,explicit,
skyline_canada,places/skylines,Country skyline,canada,512x256,yes,3,explicit,
flag_australia,places/flags,Stylised country flag,australia,256x256,yes,3,explicit,
skyline_australia,places/skylines,Country skyline,australia,512x256,yes,3,explicit,
event_family_01,events,Reusable event icon slot,family 1,256x256,yes,2,slot,Brief groups ~400 event uses into ~150 reusable icons; exact source event ids are not included.
event_birth_01,events,Reusable event icon slot,birth 1,256x256,yes,2,slot,Brief groups ~400 event uses into ~150 reusable icons; exact source event ids are not included.
event_school_01,events,Reusable event icon slot,school 1,256x256,yes,2,slot,Brief groups ~400 event uses into ~150 reusable icons; exact source event ids are not included.
event_exams_01,events,Reusable event icon slot,exams 1,256x256,yes,2,slot,Brief groups ~400 event uses into ~150 reusable icons; exact source event ids are not included.
event_bullying_01,events,Reusable event icon slot,bullying 1,256x256,yes,2,slot,Brief groups ~400 event uses into ~150 reusable icons; exact source event ids are not included.
event_romance_01,events,Reusable event icon slot,romance 1,256x256,yes,2,slot,Brief groups ~400 event uses into ~150 reusable icons; exact source event ids are not included.
event_wedding_01,events,Reusable event icon slot,wedding 1,256x256,yes,2,slot,Brief groups ~400 event uses into ~150 reusable icons; exact source event ids are not included.
event_divorce_01,events,Reusable event icon slot,divorce 1,256x256,yes,2,slot,Brief groups ~400 event uses into ~150 reusable icons; exact source event ids are not included.
event_illness_01,events,Reusable event icon slot,illness 1,256x256,yes,2,slot,Brief groups ~400 event uses into ~150 reusable icons; exact source event ids are not included.
event_hospital_01,events,Reusable event icon slot,hospital 1,256x256,yes,2,slot,Brief groups ~400 event uses into ~150 reusable icons; exact source event ids are not included.
event_accident_01,events,Reusable event icon slot,accident 1,256x256,yes,2,slot,Brief groups ~400 event uses into ~150 reusable icons; exact source event ids are not included.
event_crime_01,events,Reusable event icon slot,crime 1,256x256,yes,2,slot,Brief groups ~400 event uses into ~150 reusable icons; exact source event ids are not included.
event_court_01,events,Reusable event icon slot,court 1,256x256,yes,2,slot,Brief groups ~400 event uses into ~150 reusable icons; exact source event ids are not included.
event_prison_01,events,Reusable event icon slot,prison 1,256x256,yes,2,slot,Brief groups ~400 event uses into ~150 reusable icons; exact source event ids are not included.
event_money_01,events,Reusable event icon slot,money 1,256x256,yes,2,slot,Brief groups ~400 event uses into ~150 reusable icons; exact source event ids are not included.
event_bills_01,events,Reusable event icon slot,bills 1,256x256,yes,2,slot,Brief groups ~400 event uses into ~150 reusable icons; exact source event ids are not included.
event_debt_01,events,Reusable event icon slot,debt 1,256x256,yes,2,slot,Brief groups ~400 event uses into ~150 reusable icons; exact source event ids are not included.
event_inheritance_01,events,Reusable event icon slot,inheritance 1,256x256,yes,2,slot,Brief groups ~400 event uses into ~150 reusable icons; exact source event ids are not included.
event_lottery_01,events,Reusable event icon slot,lottery 1,256x256,yes,2,slot,Brief groups ~400 event uses into ~150 reusable icons; exact source event ids are not included.
event_housing_01,events,Reusable event icon slot,housing 1,256x256,yes,2,slot,Brief groups ~400 event uses into ~150 reusable icons; exact source event ids are not included.
event_moving_01,events,Reusable event icon slot,moving 1,256x256,yes,2,slot,Brief groups ~400 event uses into ~150 reusable icons; exact source event ids are not included.
event_travel_01,events,Reusable event icon slot,travel 1,256x256,yes,2,slot,Brief groups ~400 event uses into ~150 reusable icons; exact source event ids are not included.
event_weather_01,events,Reusable event icon slot,weather 1,256x256,yes,2,slot,Brief groups ~400 event uses into ~150 reusable icons; exact source event ids are not included.
event_disaster_01,events,Reusable event icon slot,disaster 1,256x256,yes,2,slot,Brief groups ~400 event uses into ~150 reusable icons; exact source event ids are not included.
event_holiday_01,events,Reusable event icon slot,holiday 1,256x256,yes,2,slot,Brief groups ~400 event uses into ~150 reusable icons; exact source event ids are not included.
event_party_01,events,Reusable event icon slot,party 1,256x256,yes,2,slot,Brief groups ~400 event uses into ~150 reusable icons; exact source event ids are not included.
event_hobby_01,events,Reusable event icon slot,hobby 1,256x256,yes,2,slot,Brief groups ~400 event uses into ~150 reusable icons; exact source event ids are not included.
event_sport_01,events,Reusable event icon slot,sport 1,256x256,yes,2,slot,Brief groups ~400 event uses into ~150 reusable icons; exact source event ids are not included.
event_music_01,events,Reusable event icon slot,music 1,256x256,yes,2,slot,Brief groups ~400 event uses into ~150 reusable icons; exact source event ids are not included.
event_fame_01,events,Reusable event icon slot,fame 1,256x256,yes,2,slot,Brief groups ~400 event uses into ~150 reusable icons; exact source event ids are not included.
event_scandal_01,events,Reusable event icon slot,scandal 1,256x256,yes,2,slot,Brief groups ~400 event uses into ~150 reusable icons; exact source event ids are not included.
event_work_01,events,Reusable event icon slot,work 1,256x256,yes,2,slot,Brief groups ~400 event uses into ~150 reusable icons; exact source event ids are not included.
event_promotion_01,events,Reusable event icon slot,promotion 1,256x256,yes,2,slot,Brief groups ~400 event uses into ~150 reusable icons; exact source event ids are not included.
event_firing_01,events,Reusable event icon slot,firing 1,256x256,yes,2,slot,Brief groups ~400 event uses into ~150 reusable icons; exact source event ids are not included.
event_strike_01,events,Reusable event icon slot,strike 1,256x256,yes,2,slot,Brief groups ~400 event uses into ~150 reusable icons; exact source event ids are not included.
event_business_01,events,Reusable event icon slot,business 1,256x256,yes,2,slot,Brief groups ~400 event uses into ~150 reusable icons; exact source event ids are not included.
event_politics_01,events,Reusable event icon slot,politics 1,256x256,yes,2,slot,Brief groups ~400 event uses into ~150 reusable icons; exact source event ids are not included.
event_war_01,events,Reusable event icon slot,war 1,256x256,yes,2,slot,Brief groups ~400 event uses into ~150 reusable icons; exact source event ids are not included.
event_spirit_supernatural_01,events,Reusable event icon slot,spirit_supernatural 1,256x256,yes,2,slot,Brief groups ~400 event uses into ~150 reusable icons; exact source event ids are not included.
event_space_01,events,Reusable event icon slot,space 1,256x256,yes,2,slot,Brief groups ~400 event uses into ~150 reusable icons; exact source event ids are not included.
event_time_travel_01,events,Reusable event icon slot,time_travel 1,256x256,yes,2,slot,Brief groups ~400 event uses into ~150 reusable icons; exact source event ids are not included.
event_pets_01,events,Reusable event icon slot,pets 1,256x256,yes,2,slot,Brief groups ~400 event uses into ~150 reusable icons; exact source event ids are not included.
event_family_02,events,Reusable event icon slot,family 2,256x256,yes,2,slot,Brief groups ~400 event uses into ~150 reusable icons; exact source event ids are not included.
event_birth_02,events,Reusable event icon slot,birth 2,256x256,yes,2,slot,Brief groups ~400 event uses into ~150 reusable icons; exact source event ids are not included.
event_school_02,events,Reusable event icon slot,school 2,256x256,yes,2,slot,Brief groups ~400 event uses into ~150 reusable icons; exact source event ids are not included.
event_exams_02,events,Reusable event icon slot,exams 2,256x256,yes,2,slot,Brief groups ~400 event uses into ~150 reusable icons; exact source event ids are not included.
event_bullying_02,events,Reusable event icon slot,bullying 2,256x256,yes,2,slot,Brief groups ~400 event uses into ~150 reusable icons; exact source event ids are not included.
event_romance_02,events,Reusable event icon slot,romance 2,256x256,yes,2,slot,Brief groups ~400 event uses into ~150 reusable icons; exact source event ids are not included.
event_wedding_02,events,Reusable event icon slot,wedding 2,256x256,yes,2,slot,Brief groups ~400 event uses into ~150 reusable icons; exact source event ids are not included.
event_divorce_02,events,Reusable event icon slot,divorce 2,256x256,yes,2,slot,Brief groups ~400 event uses into ~150 reusable icons; exact source event ids are not included.
event_illness_02,events,Reusable event icon slot,illness 2,256x256,yes,2,slot,Brief groups ~400 event uses into ~150 reusable icons; exact source event ids are not included.
event_hospital_02,events,Reusable event icon slot,hospital 2,256x256,yes,2,slot,Brief groups ~400 event uses into ~150 reusable icons; exact source event ids are not included.
event_accident_02,events,Reusable event icon slot,accident 2,256x256,yes,2,slot,Brief groups ~400 event uses into ~150 reusable icons; exact source event ids are not included.
event_crime_02,events,Reusable event icon slot,crime 2,256x256,yes,2,slot,Brief groups ~400 event uses into ~150 reusable icons; exact source event ids are not included.
event_court_02,events,Reusable event icon slot,court 2,256x256,yes,2,slot,Brief groups ~400 event uses into ~150 reusable icons; exact source event ids are not included.
event_prison_02,events,Reusable event icon slot,prison 2,256x256,yes,2,slot,Brief groups ~400 event uses into ~150 reusable icons; exact source event ids are not included.
event_money_02,events,Reusable event icon slot,money 2,256x256,yes,2,slot,Brief groups ~400 event uses into ~150 reusable icons; exact source event ids are not included.
event_bills_02,events,Reusable event icon slot,bills 2,256x256,yes,2,slot,Brief groups ~400 event uses into ~150 reusable icons; exact source event ids are not included.
event_debt_02,events,Reusable event icon slot,debt 2,256x256,yes,2,slot,Brief groups ~400 event uses into ~150 reusable icons; exact source event ids are not included.
event_inheritance_02,events,Reusable event icon slot,inheritance 2,256x256,yes,2,slot,Brief groups ~400 event uses into ~150 reusable icons; exact source event ids are not included.
event_lottery_02,events,Reusable event icon slot,lottery 2,256x256,yes,2,slot,Brief groups ~400 event uses into ~150 reusable icons; exact source event ids are not included.
event_housing_02,events,Reusable event icon slot,housing 2,256x256,yes,2,slot,Brief groups ~400 event uses into ~150 reusable icons; exact source event ids are not included.
event_moving_02,events,Reusable event icon slot,moving 2,256x256,yes,2,slot,Brief groups ~400 event uses into ~150 reusable icons; exact source event ids are not included.
event_travel_02,events,Reusable event icon slot,travel 2,256x256,yes,2,slot,Brief groups ~400 event uses into ~150 reusable icons; exact source event ids are not included.
event_weather_02,events,Reusable event icon slot,weather 2,256x256,yes,2,slot,Brief groups ~400 event uses into ~150 reusable icons; exact source event ids are not included.
event_disaster_02,events,Reusable event icon slot,disaster 2,256x256,yes,2,slot,Brief groups ~400 event uses into ~150 reusable icons; exact source event ids are not included.
event_holiday_02,events,Reusable event icon slot,holiday 2,256x256,yes,2,slot,Brief groups ~400 event uses into ~150 reusable icons; exact source event ids are not included.
event_party_02,events,Reusable event icon slot,party 2,256x256,yes,2,slot,Brief groups ~400 event uses into ~150 reusable icons; exact source event ids are not included.
event_hobby_02,events,Reusable event icon slot,hobby 2,256x256,yes,2,slot,Brief groups ~400 event uses into ~150 reusable icons; exact source event ids are not included.
event_sport_02,events,Reusable event icon slot,sport 2,256x256,yes,2,slot,Brief groups ~400 event uses into ~150 reusable icons; exact source event ids are not included.
event_music_02,events,Reusable event icon slot,music 2,256x256,yes,2,slot,Brief groups ~400 event uses into ~150 reusable icons; exact source event ids are not included.
event_fame_02,events,Reusable event icon slot,fame 2,256x256,yes,2,slot,Brief groups ~400 event uses into ~150 reusable icons; exact source event ids are not included.
event_scandal_02,events,Reusable event icon slot,scandal 2,256x256,yes,2,slot,Brief groups ~400 event uses into ~150 reusable icons; exact source event ids are not included.
event_work_02,events,Reusable event icon slot,work 2,256x256,yes,2,slot,Brief groups ~400 event uses into ~150 reusable icons; exact source event ids are not included.
event_promotion_02,events,Reusable event icon slot,promotion 2,256x256,yes,2,slot,Brief groups ~400 event uses into ~150 reusable icons; exact source event ids are not included.
event_firing_02,events,Reusable event icon slot,firing 2,256x256,yes,2,slot,Brief groups ~400 event uses into ~150 reusable icons; exact source event ids are not included.
event_strike_02,events,Reusable event icon slot,strike 2,256x256,yes,2,slot,Brief groups ~400 event uses into ~150 reusable icons; exact source event ids are not included.
event_business_02,events,Reusable event icon slot,business 2,256x256,yes,2,slot,Brief groups ~400 event uses into ~150 reusable icons; exact source event ids are not included.
event_politics_02,events,Reusable event icon slot,politics 2,256x256,yes,2,slot,Brief groups ~400 event uses into ~150 reusable icons; exact source event ids are not included.
event_war_02,events,Reusable event icon slot,war 2,256x256,yes,2,slot,Brief groups ~400 event uses into ~150 reusable icons; exact source event ids are not included.
event_spirit_supernatural_02,events,Reusable event icon slot,spirit_supernatural 2,256x256,yes,2,slot,Brief groups ~400 event uses into ~150 reusable icons; exact source event ids are not included.
event_space_02,events,Reusable event icon slot,space 2,256x256,yes,2,slot,Brief groups ~400 event uses into ~150 reusable icons; exact source event ids are not included.
event_time_travel_02,events,Reusable event icon slot,time_travel 2,256x256,yes,2,slot,Brief groups ~400 event uses into ~150 reusable icons; exact source event ids are not included.
event_pets_02,events,Reusable event icon slot,pets 2,256x256,yes,2,slot,Brief groups ~400 event uses into ~150 reusable icons; exact source event ids are not included.
event_family_03,events,Reusable event icon slot,family 3,256x256,yes,2,slot,Brief groups ~400 event uses into ~150 reusable icons; exact source event ids are not included.
event_birth_03,events,Reusable event icon slot,birth 3,256x256,yes,2,slot,Brief groups ~400 event uses into ~150 reusable icons; exact source event ids are not included.
event_school_03,events,Reusable event icon slot,school 3,256x256,yes,2,slot,Brief groups ~400 event uses into ~150 reusable icons; exact source event ids are not included.
event_exams_03,events,Reusable event icon slot,exams 3,256x256,yes,2,slot,Brief groups ~400 event uses into ~150 reusable icons; exact source event ids are not included.
event_bullying_03,events,Reusable event icon slot,bullying 3,256x256,yes,2,slot,Brief groups ~400 event uses into ~150 reusable icons; exact source event ids are not included.
event_romance_03,events,Reusable event icon slot,romance 3,256x256,yes,2,slot,Brief groups ~400 event uses into ~150 reusable icons; exact source event ids are not included.
event_wedding_03,events,Reusable event icon slot,wedding 3,256x256,yes,2,slot,Brief groups ~400 event uses into ~150 reusable icons; exact source event ids are not included.
event_divorce_03,events,Reusable event icon slot,divorce 3,256x256,yes,2,slot,Brief groups ~400 event uses into ~150 reusable icons; exact source event ids are not included.
event_illness_03,events,Reusable event icon slot,illness 3,256x256,yes,2,slot,Brief groups ~400 event uses into ~150 reusable icons; exact source event ids are not included.
event_hospital_03,events,Reusable event icon slot,hospital 3,256x256,yes,2,slot,Brief groups ~400 event uses into ~150 reusable icons; exact source event ids are not included.
event_accident_03,events,Reusable event icon slot,accident 3,256x256,yes,2,slot,Brief groups ~400 event uses into ~150 reusable icons; exact source event ids are not included.
event_crime_03,events,Reusable event icon slot,crime 3,256x256,yes,2,slot,Brief groups ~400 event uses into ~150 reusable icons; exact source event ids are not included.
event_court_03,events,Reusable event icon slot,court 3,256x256,yes,2,slot,Brief groups ~400 event uses into ~150 reusable icons; exact source event ids are not included.
event_prison_03,events,Reusable event icon slot,prison 3,256x256,yes,2,slot,Brief groups ~400 event uses into ~150 reusable icons; exact source event ids are not included.
event_money_03,events,Reusable event icon slot,money 3,256x256,yes,2,slot,Brief groups ~400 event uses into ~150 reusable icons; exact source event ids are not included.
event_bills_03,events,Reusable event icon slot,bills 3,256x256,yes,2,slot,Brief groups ~400 event uses into ~150 reusable icons; exact source event ids are not included.
event_debt_03,events,Reusable event icon slot,debt 3,256x256,yes,2,slot,Brief groups ~400 event uses into ~150 reusable icons; exact source event ids are not included.
event_inheritance_03,events,Reusable event icon slot,inheritance 3,256x256,yes,2,slot,Brief groups ~400 event uses into ~150 reusable icons; exact source event ids are not included.
event_lottery_03,events,Reusable event icon slot,lottery 3,256x256,yes,2,slot,Brief groups ~400 event uses into ~150 reusable icons; exact source event ids are not included.
event_housing_03,events,Reusable event icon slot,housing 3,256x256,yes,2,slot,Brief groups ~400 event uses into ~150 reusable icons; exact source event ids are not included.
event_moving_03,events,Reusable event icon slot,moving 3,256x256,yes,2,slot,Brief groups ~400 event uses into ~150 reusable icons; exact source event ids are not included.
event_travel_03,events,Reusable event icon slot,travel 3,256x256,yes,2,slot,Brief groups ~400 event uses into ~150 reusable icons; exact source event ids are not included.
event_weather_03,events,Reusable event icon slot,weather 3,256x256,yes,2,slot,Brief groups ~400 event uses into ~150 reusable icons; exact source event ids are not included.
event_disaster_03,events,Reusable event icon slot,disaster 3,256x256,yes,2,slot,Brief groups ~400 event uses into ~150 reusable icons; exact source event ids are not included.
event_holiday_03,events,Reusable event icon slot,holiday 3,256x256,yes,2,slot,Brief groups ~400 event uses into ~150 reusable icons; exact source event ids are not included.
event_party_03,events,Reusable event icon slot,party 3,256x256,yes,2,slot,Brief groups ~400 event uses into ~150 reusable icons; exact source event ids are not included.
event_hobby_03,events,Reusable event icon slot,hobby 3,256x256,yes,2,slot,Brief groups ~400 event uses into ~150 reusable icons; exact source event ids are not included.
event_sport_03,events,Reusable event icon slot,sport 3,256x256,yes,2,slot,Brief groups ~400 event uses into ~150 reusable icons; exact source event ids are not included.
event_music_03,events,Reusable event icon slot,music 3,256x256,yes,2,slot,Brief groups ~400 event uses into ~150 reusable icons; exact source event ids are not included.
event_fame_03,events,Reusable event icon slot,fame 3,256x256,yes,2,slot,Brief groups ~400 event uses into ~150 reusable icons; exact source event ids are not included.
event_scandal_03,events,Reusable event icon slot,scandal 3,256x256,yes,2,slot,Brief groups ~400 event uses into ~150 reusable icons; exact source event ids are not included.
event_work_03,events,Reusable event icon slot,work 3,256x256,yes,2,slot,Brief groups ~400 event uses into ~150 reusable icons; exact source event ids are not included.
event_promotion_03,events,Reusable event icon slot,promotion 3,256x256,yes,2,slot,Brief groups ~400 event uses into ~150 reusable icons; exact source event ids are not included.
event_firing_03,events,Reusable event icon slot,firing 3,256x256,yes,2,slot,Brief groups ~400 event uses into ~150 reusable icons; exact source event ids are not included.
event_strike_03,events,Reusable event icon slot,strike 3,256x256,yes,2,slot,Brief groups ~400 event uses into ~150 reusable icons; exact source event ids are not included.
event_business_03,events,Reusable event icon slot,business 3,256x256,yes,2,slot,Brief groups ~400 event uses into ~150 reusable icons; exact source event ids are not included.
event_politics_03,events,Reusable event icon slot,politics 3,256x256,yes,2,slot,Brief groups ~400 event uses into ~150 reusable icons; exact source event ids are not included.
event_war_03,events,Reusable event icon slot,war 3,256x256,yes,2,slot,Brief groups ~400 event uses into ~150 reusable icons; exact source event ids are not included.
event_spirit_supernatural_03,events,Reusable event icon slot,spirit_supernatural 3,256x256,yes,2,slot,Brief groups ~400 event uses into ~150 reusable icons; exact source event ids are not included.
event_space_03,events,Reusable event icon slot,space 3,256x256,yes,2,slot,Brief groups ~400 event uses into ~150 reusable icons; exact source event ids are not included.
event_time_travel_03,events,Reusable event icon slot,time_travel 3,256x256,yes,2,slot,Brief groups ~400 event uses into ~150 reusable icons; exact source event ids are not included.
event_pets_03,events,Reusable event icon slot,pets 3,256x256,yes,2,slot,Brief groups ~400 event uses into ~150 reusable icons; exact source event ids are not included.
event_family_04,events,Reusable event icon slot,family 4,256x256,yes,2,slot,Brief groups ~400 event uses into ~150 reusable icons; exact source event ids are not included.
event_birth_04,events,Reusable event icon slot,birth 4,256x256,yes,2,slot,Brief groups ~400 event uses into ~150 reusable icons; exact source event ids are not included.
event_school_04,events,Reusable event icon slot,school 4,256x256,yes,2,slot,Brief groups ~400 event uses into ~150 reusable icons; exact source event ids are not included.
event_exams_04,events,Reusable event icon slot,exams 4,256x256,yes,2,slot,Brief groups ~400 event uses into ~150 reusable icons; exact source event ids are not included.
event_bullying_04,events,Reusable event icon slot,bullying 4,256x256,yes,2,slot,Brief groups ~400 event uses into ~150 reusable icons; exact source event ids are not included.
event_romance_04,events,Reusable event icon slot,romance 4,256x256,yes,2,slot,Brief groups ~400 event uses into ~150 reusable icons; exact source event ids are not included.
event_wedding_04,events,Reusable event icon slot,wedding 4,256x256,yes,2,slot,Brief groups ~400 event uses into ~150 reusable icons; exact source event ids are not included.
event_divorce_04,events,Reusable event icon slot,divorce 4,256x256,yes,2,slot,Brief groups ~400 event uses into ~150 reusable icons; exact source event ids are not included.
event_illness_04,events,Reusable event icon slot,illness 4,256x256,yes,2,slot,Brief groups ~400 event uses into ~150 reusable icons; exact source event ids are not included.
event_hospital_04,events,Reusable event icon slot,hospital 4,256x256,yes,2,slot,Brief groups ~400 event uses into ~150 reusable icons; exact source event ids are not included.
event_accident_04,events,Reusable event icon slot,accident 4,256x256,yes,2,slot,Brief groups ~400 event uses into ~150 reusable icons; exact source event ids are not included.
event_crime_04,events,Reusable event icon slot,crime 4,256x256,yes,2,slot,Brief groups ~400 event uses into ~150 reusable icons; exact source event ids are not included.
event_court_04,events,Reusable event icon slot,court 4,256x256,yes,2,slot,Brief groups ~400 event uses into ~150 reusable icons; exact source event ids are not included.
event_prison_04,events,Reusable event icon slot,prison 4,256x256,yes,2,slot,Brief groups ~400 event uses into ~150 reusable icons; exact source event ids are not included.
event_money_04,events,Reusable event icon slot,money 4,256x256,yes,2,slot,Brief groups ~400 event uses into ~150 reusable icons; exact source event ids are not included.
event_bills_04,events,Reusable event icon slot,bills 4,256x256,yes,2,slot,Brief groups ~400 event uses into ~150 reusable icons; exact source event ids are not included.
event_debt_04,events,Reusable event icon slot,debt 4,256x256,yes,2,slot,Brief groups ~400 event uses into ~150 reusable icons; exact source event ids are not included.
event_inheritance_04,events,Reusable event icon slot,inheritance 4,256x256,yes,2,slot,Brief groups ~400 event uses into ~150 reusable icons; exact source event ids are not included.
event_lottery_04,events,Reusable event icon slot,lottery 4,256x256,yes,2,slot,Brief groups ~400 event uses into ~150 reusable icons; exact source event ids are not included.
event_housing_04,events,Reusable event icon slot,housing 4,256x256,yes,2,slot,Brief groups ~400 event uses into ~150 reusable icons; exact source event ids are not included.
event_moving_04,events,Reusable event icon slot,moving 4,256x256,yes,2,slot,Brief groups ~400 event uses into ~150 reusable icons; exact source event ids are not included.
event_travel_04,events,Reusable event icon slot,travel 4,256x256,yes,2,slot,Brief groups ~400 event uses into ~150 reusable icons; exact source event ids are not included.
event_weather_04,events,Reusable event icon slot,weather 4,256x256,yes,2,slot,Brief groups ~400 event uses into ~150 reusable icons; exact source event ids are not included.
event_disaster_04,events,Reusable event icon slot,disaster 4,256x256,yes,2,slot,Brief groups ~400 event uses into ~150 reusable icons; exact source event ids are not included.
life_path_human_emblem,life_paths,Life-path emblem,human,256x256,yes,2,explicit,
life_path_human_banner,life_paths,Life-path banner,human,9-slice,yes,2,explicit,
life_path_royal_emblem,life_paths,Life-path emblem,royal,256x256,yes,2,explicit,
life_path_royal_banner,life_paths,Life-path banner,royal,9-slice,yes,2,explicit,
life_path_vampire_emblem,life_paths,Life-path emblem,vampire,256x256,yes,2,explicit,
life_path_vampire_banner,life_paths,Life-path banner,vampire,9-slice,yes,2,explicit,
life_path_witch_emblem,life_paths,Life-path emblem,witch,256x256,yes,2,explicit,
life_path_witch_banner,life_paths,Life-path banner,witch,9-slice,yes,2,explicit,
life_path_gifted_emblem,life_paths,Life-path emblem,gifted,256x256,yes,2,explicit,
life_path_gifted_banner,life_paths,Life-path banner,gifted,9-slice,yes,2,explicit,
life_path_undead_emblem,life_paths,Life-path emblem,undead,256x256,yes,2,explicit,
life_path_undead_banner,life_paths,Life-path banner,undead,9-slice,yes,2,explicit,
life_path_pirate_emblem,life_paths,Life-path emblem,pirate,256x256,yes,2,explicit,
life_path_pirate_banner,life_paths,Life-path banner,pirate,9-slice,yes,2,explicit,
life_path_space_colonist_emblem,life_paths,Life-path emblem,space_colonist,256x256,yes,2,explicit,
life_path_space_colonist_banner,life_paths,Life-path banner,space_colonist,9-slice,yes,2,explicit,
life_path_time_traveller_emblem,life_paths,Life-path emblem,time_traveller,256x256,yes,2,explicit,
life_path_time_traveller_banner,life_paths,Life-path banner,time_traveller,9-slice,yes,2,explicit,
life_path_pets_emblem,life_paths,Life-path emblem,pets,256x256,yes,2,explicit,
life_path_pets_banner,life_paths,Life-path banner,pets,9-slice,yes,2,explicit,
life_path_prisoner_emblem,life_paths,Life-path emblem,prisoner,256x256,yes,2,explicit,
life_path_prisoner_banner,life_paths,Life-path banner,prisoner,9-slice,yes,2,explicit,
life_path_guard_emblem,life_paths,Life-path emblem,guard,256x256,yes,2,explicit,
life_path_guard_banner,life_paths,Life-path banner,guard,9-slice,yes,2,explicit,
superpower_strength,life_paths/superpowers,Superpower icon,strength,256x256,yes,2,explicit,
superpower_speed,life_paths/superpowers,Superpower icon,speed,256x256,yes,2,explicit,
superpower_flight,life_paths/superpowers,Superpower icon,flight,256x256,yes,2,explicit,
superpower_telekinesis,life_paths/superpowers,Superpower icon,telekinesis,256x256,yes,2,explicit,
superpower_invisibility,life_paths/superpowers,Superpower icon,invisibility,256x256,yes,2,explicit,
superpower_mind_reading,life_paths/superpowers,Superpower icon,mind_reading,256x256,yes,2,explicit,
superpower_fire,life_paths/superpowers,Superpower icon,fire,256x256,yes,2,explicit,
superpower_healing,life_paths/superpowers,Superpower icon,healing,256x256,yes,2,explicit,
ending_01,legacy/endings,Ending illustration slot,ending 1,256x256,yes,3,slot,
ending_02,legacy/endings,Ending illustration slot,ending 2,256x256,yes,3,slot,
ending_03,legacy/endings,Ending illustration slot,ending 3,256x256,yes,3,slot,
ending_04,legacy/endings,Ending illustration slot,ending 4,256x256,yes,3,slot,
ending_05,legacy/endings,Ending illustration slot,ending 5,256x256,yes,3,slot,
ending_06,legacy/endings,Ending illustration slot,ending 6,256x256,yes,3,slot,
ending_07,legacy/endings,Ending illustration slot,ending 7,256x256,yes,3,slot,
ending_08,legacy/endings,Ending illustration slot,ending 8,256x256,yes,3,slot,
ending_09,legacy/endings,Ending illustration slot,ending 9,256x256,yes,3,slot,
ending_10,legacy/endings,Ending illustration slot,ending 10,256x256,yes,3,slot,
ending_11,legacy/endings,Ending illustration slot,ending 11,256x256,yes,3,slot,
ending_12,legacy/endings,Ending illustration slot,ending 12,256x256,yes,3,slot,
ending_13,legacy/endings,Ending illustration slot,ending 13,256x256,yes,3,slot,
ending_14,legacy/endings,Ending illustration slot,ending 14,256x256,yes,3,slot,
ending_15,legacy/endings,Ending illustration slot,ending 15,256x256,yes,3,slot,
ending_16,legacy/endings,Ending illustration slot,ending 16,256x256,yes,3,slot,
ending_17,legacy/endings,Ending illustration slot,ending 17,256x256,yes,3,slot,
ending_18,legacy/endings,Ending illustration slot,ending 18,256x256,yes,3,slot,
ending_19,legacy/endings,Ending illustration slot,ending 19,256x256,yes,3,slot,
ending_20,legacy/endings,Ending illustration slot,ending 20,256x256,yes,3,slot,
ending_21,legacy/endings,Ending illustration slot,ending 21,256x256,yes,3,slot,
ending_22,legacy/endings,Ending illustration slot,ending 22,256x256,yes,3,slot,
ending_23,legacy/endings,Ending illustration slot,ending 23,256x256,yes,3,slot,
ending_24,legacy/endings,Ending illustration slot,ending 24,256x256,yes,3,slot,
ending_25,legacy/endings,Ending illustration slot,ending 25,256x256,yes,3,slot,
ending_26,legacy/endings,Ending illustration slot,ending 26,256x256,yes,3,slot,
ending_27,legacy/endings,Ending illustration slot,ending 27,256x256,yes,3,slot,
ending_28,legacy/endings,Ending illustration slot,ending 28,256x256,yes,3,slot,
ending_29,legacy/endings,Ending illustration slot,ending 29,256x256,yes,3,slot,
ending_30,legacy/endings,Ending illustration slot,ending 30,256x256,yes,3,slot,
ending_31,legacy/endings,Ending illustration slot,ending 31,256x256,yes,3,slot,
ending_32,legacy/endings,Ending illustration slot,ending 32,256x256,yes,3,slot,
ending_33,legacy/endings,Ending illustration slot,ending 33,256x256,yes,3,slot,
ending_34,legacy/endings,Ending illustration slot,ending 34,256x256,yes,3,slot,
ending_35,legacy/endings,Ending illustration slot,ending 35,256x256,yes,3,slot,
ending_36,legacy/endings,Ending illustration slot,ending 36,256x256,yes,3,slot,
ending_37,legacy/endings,Ending illustration slot,ending 37,256x256,yes,3,slot,
ending_38,legacy/endings,Ending illustration slot,ending 38,256x256,yes,3,slot,
ending_39,legacy/endings,Ending illustration slot,ending 39,256x256,yes,3,slot,
ending_40,legacy/endings,Ending illustration slot,ending 40,256x256,yes,3,slot,
ending_41,legacy/endings,Ending illustration slot,ending 41,256x256,yes,3,slot,
ending_42,legacy/endings,Ending illustration slot,ending 42,256x256,yes,3,slot,
ending_43,legacy/endings,Ending illustration slot,ending 43,256x256,yes,3,slot,
ending_44,legacy/endings,Ending illustration slot,ending 44,256x256,yes,3,slot,
ending_45,legacy/endings,Ending illustration slot,ending 45,256x256,yes,3,slot,
ending_46,legacy/endings,Ending illustration slot,ending 46,256x256,yes,3,slot,
ending_47,legacy/endings,Ending illustration slot,ending 47,256x256,yes,3,slot,
ending_48,legacy/endings,Ending illustration slot,ending 48,256x256,yes,3,slot,
ending_49,legacy/endings,Ending illustration slot,ending 49,256x256,yes,3,slot,
ending_50,legacy/endings,Ending illustration slot,ending 50,256x256,yes,3,slot,
ribbon_01,legacy/ribbons,Life ribbon slot,ribbon 1,256x256,yes,3,slot,
ribbon_02,legacy/ribbons,Life ribbon slot,ribbon 2,256x256,yes,3,slot,
ribbon_03,legacy/ribbons,Life ribbon slot,ribbon 3,256x256,yes,3,slot,
ribbon_04,legacy/ribbons,Life ribbon slot,ribbon 4,256x256,yes,3,slot,
ribbon_05,legacy/ribbons,Life ribbon slot,ribbon 5,256x256,yes,3,slot,
ribbon_06,legacy/ribbons,Life ribbon slot,ribbon 6,256x256,yes,3,slot,
ribbon_07,legacy/ribbons,Life ribbon slot,ribbon 7,256x256,yes,3,slot,
ribbon_08,legacy/ribbons,Life ribbon slot,ribbon 8,256x256,yes,3,slot,
ribbon_09,legacy/ribbons,Life ribbon slot,ribbon 9,256x256,yes,3,slot,
ribbon_10,legacy/ribbons,Life ribbon slot,ribbon 10,256x256,yes,3,slot,
ribbon_11,legacy/ribbons,Life ribbon slot,ribbon 11,256x256,yes,3,slot,
ribbon_12,legacy/ribbons,Life ribbon slot,ribbon 12,256x256,yes,3,slot,
ribbon_13,legacy/ribbons,Life ribbon slot,ribbon 13,256x256,yes,3,slot,
ribbon_14,legacy/ribbons,Life ribbon slot,ribbon 14,256x256,yes,3,slot,
ribbon_15,legacy/ribbons,Life ribbon slot,ribbon 15,256x256,yes,3,slot,
ribbon_16,legacy/ribbons,Life ribbon slot,ribbon 16,256x256,yes,3,slot,
ribbon_17,legacy/ribbons,Life ribbon slot,ribbon 17,256x256,yes,3,slot,
ribbon_18,legacy/ribbons,Life ribbon slot,ribbon 18,256x256,yes,3,slot,
ribbon_19,legacy/ribbons,Life ribbon slot,ribbon 19,256x256,yes,3,slot,
ribbon_20,legacy/ribbons,Life ribbon slot,ribbon 20,256x256,yes,3,slot,
tombstone_plain,legacy/tombstones,Tombstone style,plain,256x256,yes,3,explicit,
tombstone_stone_cross,legacy/tombstones,Tombstone style,stone_cross,256x256,yes,3,explicit,
tombstone_angel,legacy/tombstones,Tombstone style,angel,256x256,yes,3,explicit,
tombstone_pet_marker,legacy/tombstones,Tombstone style,pet_marker,256x256,yes,3,explicit,
tombstone_prison_grave,legacy/tombstones,Tombstone style,prison_grave,256x256,yes,3,explicit,
tombstone_royal_tomb,legacy/tombstones,Tombstone style,royal_tomb,256x256,yes,3,explicit,
heirloom_01,legacy/heirlooms,Heirloom illustration slot,heirloom 1,256x256,yes,3,slot,
heirloom_02,legacy/heirlooms,Heirloom illustration slot,heirloom 2,256x256,yes,3,slot,
heirloom_03,legacy/heirlooms,Heirloom illustration slot,heirloom 3,256x256,yes,3,slot,
heirloom_04,legacy/heirlooms,Heirloom illustration slot,heirloom 4,256x256,yes,3,slot,
heirloom_05,legacy/heirlooms,Heirloom illustration slot,heirloom 5,256x256,yes,3,slot,
heirloom_06,legacy/heirlooms,Heirloom illustration slot,heirloom 6,256x256,yes,3,slot,
heirloom_07,legacy/heirlooms,Heirloom illustration slot,heirloom 7,256x256,yes,3,slot,
heirloom_08,legacy/heirlooms,Heirloom illustration slot,heirloom 8,256x256,yes,3,slot,
heirloom_09,legacy/heirlooms,Heirloom illustration slot,heirloom 9,256x256,yes,3,slot,
heirloom_10,legacy/heirlooms,Heirloom illustration slot,heirloom 10,256x256,yes,3,slot,
heirloom_11,legacy/heirlooms,Heirloom illustration slot,heirloom 11,256x256,yes,3,slot,
heirloom_12,legacy/heirlooms,Heirloom illustration slot,heirloom 12,256x256,yes,3,slot,
heirloom_13,legacy/heirlooms,Heirloom illustration slot,heirloom 13,256x256,yes,3,slot,
heirloom_14,legacy/heirlooms,Heirloom illustration slot,heirloom 14,256x256,yes,3,slot,
heirloom_15,legacy/heirlooms,Heirloom illustration slot,heirloom 15,256x256,yes,3,slot,
heirloom_16,legacy/heirlooms,Heirloom illustration slot,heirloom 16,256x256,yes,3,slot,
heirloom_17,legacy/heirlooms,Heirloom illustration slot,heirloom 17,256x256,yes,3,slot,
heirloom_18,legacy/heirlooms,Heirloom illustration slot,heirloom 18,256x256,yes,3,slot,
heirloom_19,legacy/heirlooms,Heirloom illustration slot,heirloom 19,256x256,yes,3,slot,
heirloom_20,legacy/heirlooms,Heirloom illustration slot,heirloom 20,256x256,yes,3,slot,
heirloom_21,legacy/heirlooms,Heirloom illustration slot,heirloom 21,256x256,yes,3,slot,
heirloom_22,legacy/heirlooms,Heirloom illustration slot,heirloom 22,256x256,yes,3,slot,
heirloom_23,legacy/heirlooms,Heirloom illustration slot,heirloom 23,256x256,yes,3,slot,
heirloom_24,legacy/heirlooms,Heirloom illustration slot,heirloom 24,256x256,yes,3,slot,
heirloom_25,legacy/heirlooms,Heirloom illustration slot,heirloom 25,256x256,yes,3,slot,
heirloom_26,legacy/heirlooms,Heirloom illustration slot,heirloom 26,256x256,yes,3,slot,
heirloom_27,legacy/heirlooms,Heirloom illustration slot,heirloom 27,256x256,yes,3,slot,
heirloom_28,legacy/heirlooms,Heirloom illustration slot,heirloom 28,256x256,yes,3,slot,
heirloom_29,legacy/heirlooms,Heirloom illustration slot,heirloom 29,256x256,yes,3,slot,
heirloom_30,legacy/heirlooms,Heirloom illustration slot,heirloom 30,256x256,yes,3,slot,
heirloom_quality_frame_1,legacy/heirlooms,Heirloom quality frame,quality 1,256x256,yes,3,explicit,
heirloom_quality_frame_2,legacy/heirlooms,Heirloom quality frame,quality 2,256x256,yes,3,explicit,
heirloom_quality_frame_3,legacy/heirlooms,Heirloom quality frame,quality 3,256x256,yes,3,explicit,
heirloom_quality_frame_4,legacy/heirlooms,Heirloom quality frame,quality 4,256x256,yes,3,explicit,
attic_mantelpiece,legacy/heirlooms,Attic mantelpiece,,1000x540,yes,3,explicit,
attic_shelves,legacy/heirlooms,Attic shelves,,1000x540,yes,3,explicit,
minigame_licence_theory_test_icon,minigames/icons,Minigame icon,licence_theory_test,256x256,yes,3,explicit,
minigame_licence_theory_test_board,minigames/boards,Minigame board background,licence_theory_test,1000x540,yes,3,explicit,
minigame_audition_icon,minigames/icons,Minigame icon,audition,256x256,yes,3,explicit,
minigame_audition_board,minigames/boards,Minigame board background,audition,1000x540,yes,3,explicit,
minigame_live_set_icon,minigames/icons,Minigame icon,live_set,256x256,yes,3,explicit,
minigame_live_set_board,minigames/boards,Minigame board background,live_set,1000x540,yes,3,explicit,
minigame_clutch_moment_icon,minigames/icons,Minigame icon,clutch_moment,256x256,yes,3,explicit,
minigame_clutch_moment_board,minigames/boards,Minigame board background,clutch_moment,1000x540,yes,3,explicit,
minigame_debate_icon,minigames/icons,Minigame icon,debate,256x256,yes,3,explicit,
minigame_debate_board,minigames/boards,Minigame board background,debate,1000x540,yes,3,explicit,
minigame_safecracker_icon,minigames/icons,Minigame icon,safecracker,256x256,yes,3,explicit,
minigame_safecracker_board,minigames/boards,Minigame board background,safecracker,1000x540,yes,3,explicit,
minigame_pickpocket_icon,minigames/icons,Minigame icon,pickpocket,256x256,yes,3,explicit,
minigame_pickpocket_board,minigames/boards,Minigame board background,pickpocket,1000x540,yes,3,explicit,
minigame_docking_icon,minigames/icons,Minigame icon,docking,256x256,yes,3,explicit,
minigame_docking_board,minigames/boards,Minigame board background,docking,1000x540,yes,3,explicit,
minigame_runway_icon,minigames/icons,Minigame icon,runway,256x256,yes,3,explicit,
minigame_runway_board,minigames/boards,Minigame board background,runway,1000x540,yes,3,explicit,
minigame_fight_night_icon,minigames/icons,Minigame icon,fight_night,256x256,yes,3,explicit,
minigame_fight_night_board,minigames/boards,Minigame board background,fight_night,1000x540,yes,3,explicit,
minigame_on_set_icon,minigames/icons,Minigame icon,on_set,256x256,yes,3,explicit,
minigame_on_set_board,minigames/boards,Minigame board background,on_set,1000x540,yes,3,explicit,
minigame_infiltration_icon,minigames/icons,Minigame icon,infiltration,256x256,yes,3,explicit,
minigame_infiltration_board,minigames/boards,Minigame board background,infiltration,1000x540,yes,3,explicit,
minigame_potion_brewing_icon,minigames/icons,Minigame icon,potion_brewing,256x256,yes,3,explicit,
minigame_potion_brewing_board,minigames/boards,Minigame board background,potion_brewing,1000x540,yes,3,explicit,
minigame_blackjack_icon,minigames/icons,Minigame icon,blackjack,256x256,yes,3,explicit,
minigame_blackjack_board,minigames/boards,Minigame board background,blackjack,1000x540,yes,3,explicit,
minigame_prison_break_icon,minigames/icons,Minigame icon,prison_break,256x256,yes,3,explicit,
minigame_prison_break_board,minigames/boards,Minigame board background,prison_break,1000x540,yes,3,explicit,
minigame_break_in_icon,minigames/icons,Minigame icon,break_in,256x256,yes,3,explicit,
minigame_break_in_board,minigames/boards,Minigame board background,break_in,1000x540,yes,3,explicit,
minigame_minefield_icon,minigames/icons,Minigame icon,minefield,256x256,yes,3,explicit,
minigame_minefield_board,minigames/boards,Minigame board background,minefield,1000x540,yes,3,explicit,
minigame_fishing_icon,minigames/icons,Minigame icon,fishing,256x256,yes,3,explicit,
minigame_fishing_board,minigames/boards,Minigame board background,fishing,1000x540,yes,3,explicit,
minigame_evidence_board_icon,minigames/icons,Minigame icon,evidence_board,256x256,yes,3,explicit,
minigame_evidence_board_board,minigames/boards,Minigame board background,evidence_board,1000x540,yes,3,explicit,
minigame_negotiation_icon,minigames/icons,Minigame icon,negotiation,256x256,yes,3,explicit,
minigame_negotiation_board,minigames/boards,Minigame board background,negotiation,1000x540,yes,3,explicit,
minigame_road_test_icon,minigames/icons,Minigame icon,road_test,256x256,yes,3,explicit,
minigame_road_test_board,minigames/boards,Minigame board background,road_test,1000x540,yes,3,explicit,
minigame_memory_test_icon,minigames/icons,Minigame icon,memory_test,256x256,yes,3,explicit,
minigame_memory_test_board,minigames/boards,Minigame board background,memory_test,1000x540,yes,3,explicit,
minigame_operating_room_icon,minigames/icons,Minigame icon,operating_room,256x256,yes,3,explicit,
minigame_operating_room_board,minigames/boards,Minigame board background,operating_room,1000x540,yes,3,explicit,
minigame_slots_icon,minigames/icons,Minigame icon,slots,256x256,yes,3,explicit,
minigame_slots_board,minigames/boards,Minigame board background,slots,1000x540,yes,3,explicit,
minigame_roulette_icon,minigames/icons,Minigame icon,roulette,256x256,yes,3,explicit,
minigame_roulette_board,minigames/boards,Minigame board background,roulette,1000x540,yes,3,explicit,
minigame_the_races_icon,minigames/icons,Minigame icon,the_races,256x256,yes,3,explicit,
minigame_the_races_board,minigames/boards,Minigame board background,the_races,1000x540,yes,3,explicit,
minigame_rocket_icon,minigames/icons,Minigame icon,rocket,256x256,yes,3,explicit,
minigame_rocket_board,minigames/boards,Minigame board background,rocket,1000x540,yes,3,explicit,
minigame_plinko_icon,minigames/icons,Minigame icon,plinko,256x256,yes,3,explicit,
minigame_plinko_board,minigames/boards,Minigame board background,plinko,1000x540,yes,3,explicit,
minigame_scratch_card_icon,minigames/icons,Minigame icon,scratch_card,256x256,yes,3,explicit,
minigame_scratch_card_board,minigames/boards,Minigame board background,scratch_card,1000x540,yes,3,explicit,
minigame_lucky_wheel_icon,minigames/icons,Minigame icon,lucky_wheel,256x256,yes,3,explicit,
minigame_lucky_wheel_board,minigames/boards,Minigame board background,lucky_wheel,1000x540,yes,3,explicit,
minigame_high_or_low_icon,minigames/icons,Minigame icon,high_or_low,256x256,yes,3,explicit,
minigame_high_or_low_board,minigames/boards,Minigame board background,high_or_low,1000x540,yes,3,explicit,
minigame_stalk_and_pounce_icon,minigames/icons,Minigame icon,stalk_and_pounce,256x256,yes,3,explicit,
minigame_stalk_and_pounce_board,minigames/boards,Minigame board background,stalk_and_pounce,1000x540,yes,3,explicit,
minigame_scent_work_icon,minigames/icons,Minigame icon,scent_work,256x256,yes,3,explicit,
minigame_scent_work_board,minigames/boards,Minigame board background,scent_work,1000x540,yes,3,explicit,
minigame_sneak_icon,minigames/icons,Minigame icon,sneak,256x256,yes,3,explicit,
minigame_sneak_board,minigames/boards,Minigame board background,sneak,1000x540,yes,3,explicit,
minigame_agility_icon,minigames/icons,Minigame icon,agility,256x256,yes,3,explicit,
minigame_agility_board,minigames/boards,Minigame board background,agility,1000x540,yes,3,explicit,
minigame_herding_icon,minigames/icons,Minigame icon,herding,256x256,yes,3,explicit,
minigame_herding_board,minigames/boards,Minigame board background,herding,1000x540,yes,3,explicit,
minigame_parole_board_icon,minigames/icons,Minigame icon,parole_board,256x256,yes,3,explicit,
minigame_parole_board_board,minigames/boards,Minigame board background,parole_board,1000x540,yes,3,explicit,
minigame_cell_search_icon,minigames/icons,Minigame icon,cell_search,256x256,yes,3,explicit,
minigame_cell_search_board,minigames/boards,Minigame board background,cell_search,1000x540,yes,3,explicit,
minigame_talk_him_down_icon,minigames/icons,Minigame icon,talk_him_down,256x256,yes,3,explicit,
minigame_talk_him_down_board,minigames/boards,Minigame board background,talk_him_down,1000x540,yes,3,explicit,
slots_symbol_cherry,minigames/casino/slots,Slots reel symbol,cherry,256x256,yes,3,explicit,
slots_symbol_lemon,minigames/casino/slots,Slots reel symbol,lemon,256x256,yes,3,explicit,
slots_symbol_bell,minigames/casino/slots,Slots reel symbol,bell,256x256,yes,3,explicit,
slots_symbol_star,minigames/casino/slots,Slots reel symbol,star,256x256,yes,3,explicit,
slots_symbol_diamond,minigames/casino/slots,Slots reel symbol,diamond,256x256,yes,3,explicit,
slots_symbol_seven,minigames/casino/slots,Slots reel symbol,seven,256x256,yes,3,explicit,
slots_symbol_gift,minigames/casino/slots,Slots reel symbol,gift,256x256,yes,3,explicit,
slots_machine_frame,minigames/casino/slots,Slots machine frame,,1000x540,yes,3,explicit,
slots_lever,minigames/casino/slots,Slots lever,,256x256,yes,3,explicit,
roulette_wheel,minigames/casino/roulette,Roulette asset,wheel,256x256,yes,3,explicit,
roulette_ball,minigames/casino/roulette,Roulette asset,ball,256x256,yes,3,explicit,
roulette_felt_table,minigames/casino/roulette,Roulette asset,felt_table,256x256,yes,3,explicit,
roulette_chip_01,minigames/casino/roulette,Roulette bet chip,chip 1,256x256,yes,3,explicit,
roulette_chip_02,minigames/casino/roulette,Roulette bet chip,chip 2,256x256,yes,3,explicit,
roulette_chip_03,minigames/casino/roulette,Roulette bet chip,chip 3,256x256,yes,3,explicit,
roulette_chip_04,minigames/casino/roulette,Roulette bet chip,chip 4,256x256,yes,3,explicit,
roulette_chip_05,minigames/casino/roulette,Roulette bet chip,chip 5,256x256,yes,3,explicit,
roulette_chip_06,minigames/casino/roulette,Roulette bet chip,chip 6,256x256,yes,3,explicit,
roulette_chip_07,minigames/casino/roulette,Roulette bet chip,chip 7,256x256,yes,3,explicit,
roulette_chip_08,minigames/casino/roulette,Roulette bet chip,chip 8,256x256,yes,3,explicit,
roulette_chip_09,minigames/casino/roulette,Roulette bet chip,chip 9,256x256,yes,3,explicit,
roulette_chip_10,minigames/casino/roulette,Roulette bet chip,chip 10,256x256,yes,3,explicit,
race_horse_01,minigames/casino/races,Race horse + jockey,horse 1,256x256,yes,3,explicit,
race_horse_02,minigames/casino/races,Race horse + jockey,horse 2,256x256,yes,3,explicit,
race_horse_03,minigames/casino/races,Race horse + jockey,horse 3,256x256,yes,3,explicit,
race_horse_04,minigames/casino/races,Race horse + jockey,horse 4,256x256,yes,3,explicit,
race_horse_05,minigames/casino/races,Race horse + jockey,horse 5,256x256,yes,3,explicit,
race_horse_06,minigames/casino/races,Race horse + jockey,horse 6,256x256,yes,3,explicit,
race_track,minigames/casino/races,Race asset,track,1000x540,yes,3,explicit,
race_finish_line,minigames/casino/races,Race asset,finish_line,256x256,yes,3,explicit,
rocket_game_rocket,minigames/casino/rocket,Rocket game asset,rocket,256x256,yes,3,explicit,
rocket_game_flames,minigames/casino/rocket,Rocket game asset,flames,256x256,yes,3,explicit,
rocket_game_explosion,minigames/casino/rocket,Rocket game asset,explosion,256x256,yes,3,explicit,
rocket_game_multiplier_backdrop,minigames/casino/rocket,Rocket game asset,multiplier_backdrop,256x256,yes,3,explicit,
plinko_ball,minigames/casino/plinko,Plinko asset,ball,256x256,yes,3,explicit,
plinko_pegs,minigames/casino/plinko,Plinko asset,pegs,256x256,yes,3,explicit,
plinko_bucket_01,minigames/casino/plinko,Plinko bucket,bucket 1,256x256,yes,3,explicit,
plinko_bucket_02,minigames/casino/plinko,Plinko bucket,bucket 2,256x256,yes,3,explicit,
plinko_bucket_03,minigames/casino/plinko,Plinko bucket,bucket 3,256x256,yes,3,explicit,
plinko_bucket_04,minigames/casino/plinko,Plinko bucket,bucket 4,256x256,yes,3,explicit,
plinko_bucket_05,minigames/casino/plinko,Plinko bucket,bucket 5,256x256,yes,3,explicit,
plinko_bucket_06,minigames/casino/plinko,Plinko bucket,bucket 6,256x256,yes,3,explicit,
plinko_bucket_07,minigames/casino/plinko,Plinko bucket,bucket 7,256x256,yes,3,explicit,
plinko_bucket_08,minigames/casino/plinko,Plinko bucket,bucket 8,256x256,yes,3,explicit,
plinko_bucket_09,minigames/casino/plinko,Plinko bucket,bucket 9,256x256,yes,3,explicit,
scratch_card_base,minigames/casino/scratch,Scratch card,,256x256,yes,3,explicit,
scratch_symbol_01,minigames/casino/scratch,Scratch symbol,symbol 1,256x256,yes,3,explicit,
scratch_symbol_02,minigames/casino/scratch,Scratch symbol,symbol 2,256x256,yes,3,explicit,
scratch_symbol_03,minigames/casino/scratch,Scratch symbol,symbol 3,256x256,yes,3,explicit,
scratch_symbol_04,minigames/casino/scratch,Scratch symbol,symbol 4,256x256,yes,3,explicit,
scratch_symbol_05,minigames/casino/scratch,Scratch symbol,symbol 5,256x256,yes,3,explicit,
scratch_symbol_06,minigames/casino/scratch,Scratch symbol,symbol 6,256x256,yes,3,explicit,
scratch_coin,minigames/casino/scratch,Scratch coin,,256x256,yes,3,explicit,
lucky_wheel_wheel,minigames/casino/lucky_wheel,Lucky wheel,,256x256,yes,3,explicit,
lucky_wheel_flapper,minigames/casino/lucky_wheel,Lucky wheel flapper,,256x256,yes,3,explicit,
card_hearts_a,minigames/casino/cards,Playing card face,A of hearts,256x256,yes,3,explicit,
card_hearts_2,minigames/casino/cards,Playing card face,2 of hearts,256x256,yes,3,explicit,
card_hearts_3,minigames/casino/cards,Playing card face,3 of hearts,256x256,yes,3,explicit,
card_hearts_4,minigames/casino/cards,Playing card face,4 of hearts,256x256,yes,3,explicit,
card_hearts_5,minigames/casino/cards,Playing card face,5 of hearts,256x256,yes,3,explicit,
card_hearts_6,minigames/casino/cards,Playing card face,6 of hearts,256x256,yes,3,explicit,
card_hearts_7,minigames/casino/cards,Playing card face,7 of hearts,256x256,yes,3,explicit,
card_hearts_8,minigames/casino/cards,Playing card face,8 of hearts,256x256,yes,3,explicit,
card_hearts_9,minigames/casino/cards,Playing card face,9 of hearts,256x256,yes,3,explicit,
card_hearts_10,minigames/casino/cards,Playing card face,10 of hearts,256x256,yes,3,explicit,
card_hearts_j,minigames/casino/cards,Playing card face,J of hearts,256x256,yes,3,explicit,
card_hearts_q,minigames/casino/cards,Playing card face,Q of hearts,256x256,yes,3,explicit,
card_hearts_k,minigames/casino/cards,Playing card face,K of hearts,256x256,yes,3,explicit,
card_diamonds_a,minigames/casino/cards,Playing card face,A of diamonds,256x256,yes,3,explicit,
card_diamonds_2,minigames/casino/cards,Playing card face,2 of diamonds,256x256,yes,3,explicit,
card_diamonds_3,minigames/casino/cards,Playing card face,3 of diamonds,256x256,yes,3,explicit,
card_diamonds_4,minigames/casino/cards,Playing card face,4 of diamonds,256x256,yes,3,explicit,
card_diamonds_5,minigames/casino/cards,Playing card face,5 of diamonds,256x256,yes,3,explicit,
card_diamonds_6,minigames/casino/cards,Playing card face,6 of diamonds,256x256,yes,3,explicit,
card_diamonds_7,minigames/casino/cards,Playing card face,7 of diamonds,256x256,yes,3,explicit,
card_diamonds_8,minigames/casino/cards,Playing card face,8 of diamonds,256x256,yes,3,explicit,
card_diamonds_9,minigames/casino/cards,Playing card face,9 of diamonds,256x256,yes,3,explicit,
card_diamonds_10,minigames/casino/cards,Playing card face,10 of diamonds,256x256,yes,3,explicit,
card_diamonds_j,minigames/casino/cards,Playing card face,J of diamonds,256x256,yes,3,explicit,
card_diamonds_q,minigames/casino/cards,Playing card face,Q of diamonds,256x256,yes,3,explicit,
card_diamonds_k,minigames/casino/cards,Playing card face,K of diamonds,256x256,yes,3,explicit,
card_clubs_a,minigames/casino/cards,Playing card face,A of clubs,256x256,yes,3,explicit,
card_clubs_2,minigames/casino/cards,Playing card face,2 of clubs,256x256,yes,3,explicit,
card_clubs_3,minigames/casino/cards,Playing card face,3 of clubs,256x256,yes,3,explicit,
card_clubs_4,minigames/casino/cards,Playing card face,4 of clubs,256x256,yes,3,explicit,
card_clubs_5,minigames/casino/cards,Playing card face,5 of clubs,256x256,yes,3,explicit,
card_clubs_6,minigames/casino/cards,Playing card face,6 of clubs,256x256,yes,3,explicit,
card_clubs_7,minigames/casino/cards,Playing card face,7 of clubs,256x256,yes,3,explicit,
card_clubs_8,minigames/casino/cards,Playing card face,8 of clubs,256x256,yes,3,explicit,
card_clubs_9,minigames/casino/cards,Playing card face,9 of clubs,256x256,yes,3,explicit,
card_clubs_10,minigames/casino/cards,Playing card face,10 of clubs,256x256,yes,3,explicit,
card_clubs_j,minigames/casino/cards,Playing card face,J of clubs,256x256,yes,3,explicit,
card_clubs_q,minigames/casino/cards,Playing card face,Q of clubs,256x256,yes,3,explicit,
card_clubs_k,minigames/casino/cards,Playing card face,K of clubs,256x256,yes,3,explicit,
card_spades_a,minigames/casino/cards,Playing card face,A of spades,256x256,yes,3,explicit,
card_spades_2,minigames/casino/cards,Playing card face,2 of spades,256x256,yes,3,explicit,
card_spades_3,minigames/casino/cards,Playing card face,3 of spades,256x256,yes,3,explicit,
card_spades_4,minigames/casino/cards,Playing card face,4 of spades,256x256,yes,3,explicit,
card_spades_5,minigames/casino/cards,Playing card face,5 of spades,256x256,yes,3,explicit,
card_spades_6,minigames/casino/cards,Playing card face,6 of spades,256x256,yes,3,explicit,
card_spades_7,minigames/casino/cards,Playing card face,7 of spades,256x256,yes,3,explicit,
card_spades_8,minigames/casino/cards,Playing card face,8 of spades,256x256,yes,3,explicit,
card_spades_9,minigames/casino/cards,Playing card face,9 of spades,256x256,yes,3,explicit,
card_spades_10,minigames/casino/cards,Playing card face,10 of spades,256x256,yes,3,explicit,
card_spades_j,minigames/casino/cards,Playing card face,J of spades,256x256,yes,3,explicit,
card_spades_q,minigames/casino/cards,Playing card face,Q of spades,256x256,yes,3,explicit,
card_spades_k,minigames/casino/cards,Playing card face,K of spades,256x256,yes,3,explicit,
card_back,minigames/casino/cards,Playing card back,,256x256,yes,3,explicit,
grade_star_1,minigames/shared,Grade star,1 star,256x256,yes,3,explicit,
grade_star_2,minigames/shared,Grade star,2 star,256x256,yes,3,explicit,
grade_star_3,minigames/shared,Grade star,3 star,256x256,yes,3,explicit,
grade_star_4,minigames/shared,Grade star,4 star,256x256,yes,3,explicit,
grade_star_5,minigames/shared,Grade star,5 star,256x256,yes,3,explicit,
result_banner_perfect,minigames/shared,Result banner,perfect,9-slice,yes,3,explicit,
result_banner_great,minigames/shared,Result banner,great,9-slice,yes,3,explicit,
result_banner_solid,minigames/shared,Result banner,solid,9-slice,yes,3,explicit,
result_banner_rough,minigames/shared,Result banner,rough,9-slice,yes,3,explicit,
result_banner_flop,minigames/shared,Result banner,flop,9-slice,yes,3,explicit,
minigame_shared_coin,minigames/shared,Shared minigame currency,coin,256x256,yes,3,explicit,
minigame_shared_chip,minigames/shared,Shared minigame currency,chip,256x256,yes,3,explicit,
minigame_shared_cash_stack,minigames/shared,Shared minigame currency,cash_stack,256x256,yes,3,explicit,
fx_sparks,effects,Effect / particle sprite,sparks,128x128 or 8-frame sheet,yes,4,explicit,
fx_hearts,effects,Effect / particle sprite,hearts,128x128 or 8-frame sheet,yes,4,explicit,
fx_coins,effects,Effect / particle sprite,coins,128x128 or 8-frame sheet,yes,4,explicit,
fx_confetti_red,effects,Effect / particle sprite,confetti_red,128x128 or 8-frame sheet,yes,4,explicit,
fx_confetti_blue,effects,Effect / particle sprite,confetti_blue,128x128 or 8-frame sheet,yes,4,explicit,
fx_confetti_green,effects,Effect / particle sprite,confetti_green,128x128 or 8-frame sheet,yes,4,explicit,
fx_confetti_yellow,effects,Effect / particle sprite,confetti_yellow,128x128 or 8-frame sheet,yes,4,explicit,
fx_tears,effects,Effect / particle sprite,tears,128x128 or 8-frame sheet,yes,4,explicit,
fx_smoke,effects,Effect / particle sprite,smoke,128x128 or 8-frame sheet,yes,4,explicit,
fx_stars,effects,Effect / particle sprite,stars,128x128 or 8-frame sheet,yes,4,explicit,
fx_money_rain,effects,Effect / particle sprite,money_rain,128x128 or 8-frame sheet,yes,4,explicit,
fx_blood_drop,effects,Effect / particle sprite,blood_drop,128x128 or 8-frame sheet,yes,4,explicit,
fx_sleep_z,effects,Effect / particle sprite,sleep_z,128x128 or 8-frame sheet,yes,4,explicit,
fx_heart_break,effects,Effect / particle sprite,heart_break,128x128 or 8-frame sheet,yes,4,explicit,
fx_ghost,effects,Effect / particle sprite,ghost,128x128 or 8-frame sheet,yes,4,explicit,
fx_fire,effects,Effect / particle sprite,fire,128x128 or 8-frame sheet,yes,4,explicit,
fx_snow,effects,Effect / particle sprite,snow,128x128 or 8-frame sheet,yes,4,explicit,
fx_rain,effects,Effect / particle sprite,rain,128x128 or 8-frame sheet,yes,4,explicit,
mode_backdrop_pets,themes/backdrops,Mode backdrop,pets,1920x1080,yes,4,explicit,
mode_backdrop_prison,themes/backdrops,Mode backdrop,prison,1920x1080,yes,4,explicit,
mode_backdrop_guard,themes/backdrops,Mode backdrop,guard,1920x1080,yes,4,explicit,
theme_pattern_dark,themes,Theme pattern tile,dark,256x256 tile,yes,4,explicit,
theme_header_dark,themes,Theme header image,dark,1920x320,yes,4,explicit,
theme_pattern_light,themes,Theme pattern tile,light,256x256 tile,yes,4,explicit,
theme_header_light,themes,Theme header image,light,1920x320,yes,4,explicit,
theme_pattern_celebrity,themes,Theme pattern tile,celebrity,256x256 tile,yes,4,explicit,
theme_header_celebrity,themes,Theme header image,celebrity,1920x320,yes,4,explicit,
theme_pattern_vampire,themes,Theme pattern tile,vampire,256x256 tile,yes,4,explicit,
theme_header_vampire,themes,Theme header image,vampire,1920x320,yes,4,explicit,
theme_pattern_undead,themes,Theme pattern tile,undead,256x256 tile,yes,4,explicit,
theme_header_undead,themes,Theme header image,undead,1920x320,yes,4,explicit,
theme_pattern_villain,themes,Theme pattern tile,villain,256x256 tile,yes,4,explicit,
theme_header_villain,themes,Theme header image,villain,1920x320,yes,4,explicit,
theme_pattern_superhero,themes,Theme pattern tile,superhero,256x256 tile,yes,4,explicit,
theme_header_superhero,themes,Theme header image,superhero,1920x320,yes,4,explicit,
theme_pattern_royal,themes,Theme pattern tile,royal,256x256 tile,yes,4,explicit,
theme_header_royal,themes,Theme header image,royal,1920x320,yes,4,explicit,
theme_pattern_witch,themes,Theme pattern tile,witch,256x256 tile,yes,4,explicit,
theme_header_witch,themes,Theme header image,witch,1920x320,yes,4,explicit,
emoji_1f91d,emoji_migration,Existing stock-emoji replacement,🤝,256x256,yes,2,inventory,uses=77; files=33; semantic_name=handshake; top_files=ambition.gd×8; careers.gd×6; new_careers.gd×5
emoji_2b50,emoji_migration,Existing stock-emoji replacement,⭐,256x256,yes,2,inventory,uses=66; files=20; semantic_name=white_medium_star; top_files=main.gd×29; empires.gd×4; achievements.json×4
emoji_1f393,emoji_migration,Existing stock-emoji replacement,🎓,256x256,yes,2,inventory,uses=61; files=23; semantic_name=graduation_cap; top_files=prison.gd×8; main.gd×7; pets.gd×7
emoji_2696_fe0f,emoji_migration,Existing stock-emoji replacement,⚖️,256x256,yes,2,inventory,uses=59; files=23; semantic_name=scales__variation_selector-16; top_files=prison.gd×11; ambition.gd×6; actions.gd×6
emoji_1fa7a,emoji_migration,Existing stock-emoji replacement,🩺,256x256,yes,2,inventory,uses=57; files=25; semantic_name=stethoscope; top_files=expansion.gd×11; actions.gd×8; ambition.gd×6
emoji_1f43e,emoji_migration,Existing stock-emoji replacement,🐾,256x256,yes,2,inventory,uses=55; files=19; semantic_name=paw_prints; top_files=pets.gd×13; main.gd×9; ambition.gd×7
emoji_1f6aa,emoji_migration,Existing stock-emoji replacement,🚪,256x256,yes,2,inventory,uses=52; files=20; semantic_name=door; top_files=prison.gd×10; prison_life.json×5; main.gd×4
emoji_1f525,emoji_migration,Existing stock-emoji replacement,🔥,256x256,yes,2,inventory,uses=51; files=29; semantic_name=fire; top_files=achievements.json×6; prison_life.json×4; world.gd×3
emoji_1f3e0,emoji_migration,Existing stock-emoji replacement,🏠,256x256,yes,2,inventory,uses=51; files=24; semantic_name=house_building; top_files=bonds.gd×7; actions.gd×6; pets.gd×5
emoji_1f3c6,emoji_migration,Existing stock-emoji replacement,🏆,256x256,yes,2,inventory,uses=49; files=19; semantic_name=trophy; top_files=achievements.json×13; daily.gd×7; main.gd×6
emoji_1f56f_fe0f,emoji_migration,Existing stock-emoji replacement,🕯️,256x256,yes,2,inventory,uses=48; files=26; semantic_name=candle__variation_selector-16; top_files=prison.gd×6; bonds.gd×4; achievements.json×4
emoji_1f4b8,emoji_migration,Existing stock-emoji replacement,💸,256x256,yes,2,inventory,uses=45; files=24; semantic_name=money_with_wings; top_files=ambition.gd×9; finance.gd×4; lives.gd×3
emoji_1f4c8,emoji_migration,Existing stock-emoji replacement,📈,256x256,yes,2,inventory,uses=42; files=18; semantic_name=chart_with_upwards_trend; top_files=main.gd×8; prison.gd×6; achievements.json×6
emoji_1f4b5,emoji_migration,Existing stock-emoji replacement,💵,256x256,yes,2,inventory,uses=41; files=19; semantic_name=banknote_with_dollar_sign; top_files=main.gd×5; expansion.gd×5; bonds.gd×4
emoji_1f4bc,emoji_migration,Existing stock-emoji replacement,💼,256x256,yes,2,inventory,uses=39; files=20; semantic_name=briefcase; top_files=main.gd×9; prison.gd×6; careers.gd×4
emoji_1f451,emoji_migration,Existing stock-emoji replacement,👑,256x256,yes,2,inventory,uses=39; files=18; semantic_name=crown; top_files=achievements.json×8; game_state.gd×6; mg_g_scratch.gd×3
emoji_1f3db_fe0f,emoji_migration,Existing stock-emoji replacement,🏛️,256x256,yes,2,inventory,uses=38; files=22; semantic_name=classical_building__variation_selector-16; top_files=achievements.json×6; ambition.gd×3; jobs.json×3
emoji_1f4b0,emoji_migration,Existing stock-emoji replacement,💰,256x256,yes,2,inventory,uses=38; files=20; semantic_name=money_bag; top_files=main.gd×6; achievements.json×6; expansion.gd×3
emoji_1f4dc,emoji_migration,Existing stock-emoji replacement,📜,256x256,yes,2,inventory,uses=37; files=22; semantic_name=scroll; top_files=ambition.gd×5; mg_debate.gd×3; achievements.json×3
emoji_1f4e6,emoji_migration,Existing stock-emoji replacement,📦,256x256,yes,2,inventory,uses=37; files=22; semantic_name=package; top_files=prison.gd×5; bonds.gd×4; pets.json×4
emoji_1f94a,emoji_migration,Existing stock-emoji replacement,🥊,256x256,yes,2,inventory,uses=37; files=20; semantic_name=boxing_glove; top_files=mg_fight.gd×6; achievements.json×4; fights.gd×3
emoji_1f3ad,emoji_migration,Existing stock-emoji replacement,🎭,256x256,yes,2,inventory,uses=37; files=15; semantic_name=performing_arts; top_files=daily.gd×6; new_careers.gd×5; bonds.gd×5
emoji_1f381,emoji_migration,Existing stock-emoji replacement,🎁,256x256,yes,2,inventory,uses=33; files=15; semantic_name=wrapped_present; top_files=mg_g_slots.gd×9; main.gd×3; bonds.gd×3
emoji_26d3_fe0f,emoji_migration,Existing stock-emoji replacement,⛓️,256x256,yes,2,inventory,uses=33; files=13; semantic_name=chains__variation_selector-16; top_files=prison.gd×8; main.gd×7; undeath.gd×5
emoji_1f3e5,emoji_migration,Existing stock-emoji replacement,🏥,256x256,yes,2,inventory,uses=33; files=18; semantic_name=hospital; top_files=grit.gd×5; lives.gd×4; care.gd×3
emoji_1f3ae,emoji_migration,Existing stock-emoji replacement,🎮,256x256,yes,2,inventory,uses=33; files=13; semantic_name=video_game; top_files=careers.gd×7; new_careers.gd×5; social.gd×4
emoji_1f54a_fe0f,emoji_migration,Existing stock-emoji replacement,🕊️,256x256,yes,2,inventory,uses=32; files=12; semantic_name=dove_of_peace__variation_selector-16; top_files=bonds.gd×7; prison_life.json×5; game_state.gd×4
emoji_2713,emoji_migration,Existing stock-emoji replacement,✓,256x256,yes,2,inventory,uses=31; files=12; semantic_name=check_mark; top_files=main.gd×12; daily.gd×7; mg_surgery.gd×2
emoji_1fac2,emoji_migration,Existing stock-emoji replacement,🫂,256x256,yes,2,inventory,uses=31; files=13; semantic_name=people_hugging; top_files=ambition.gd×6; bonds.gd×5; expansion.gd×3
emoji_1fa78,emoji_migration,Existing stock-emoji replacement,🩸,256x256,yes,2,inventory,uses=31; files=11; semantic_name=drop_of_blood; top_files=prison_life.json×7; achievements.json×6; lives.gd×5
emoji_1fa99,emoji_migration,Existing stock-emoji replacement,🪙,256x256,yes,2,inventory,uses=30; files=18; semantic_name=coin; top_files=lives.gd×6; empires.gd×4; mg_potion.gd×2
emoji_1f3b2,emoji_migration,Existing stock-emoji replacement,🎲,256x256,yes,2,inventory,uses=30; files=12; semantic_name=game_die; top_files=main.gd×10; expansion.gd×5; game_state.gd×2
emoji_1f396_fe0f,emoji_migration,Existing stock-emoji replacement,🎖️,256x256,yes,2,inventory,uses=30; files=13; semantic_name=military_medal__variation_selector-16; top_files=main.gd×7; achievements.json×5; prison.gd×3
emoji_1f3a4,emoji_migration,Existing stock-emoji replacement,🎤,256x256,yes,2,inventory,uses=30; files=14; semantic_name=microphone; top_files=careers.gd×5; social.gd×4; daily.gd×4
emoji_1f5dd_fe0f,emoji_migration,Existing stock-emoji replacement,🗝️,256x256,yes,2,inventory,uses=29; files=9; semantic_name=old_key__variation_selector-16; top_files=prison.gd×15; main.gd×3; achievements.json×3
emoji_1f9e0,emoji_migration,Existing stock-emoji replacement,🧠,256x256,yes,2,inventory,uses=29; files=17; semantic_name=brain; top_files=expansion.gd×6; daily.gd×3; main.gd×2
emoji_1f4e3,emoji_migration,Existing stock-emoji replacement,📣,256x256,yes,2,inventory,uses=29; files=12; semantic_name=cheering_megaphone; top_files=prison.gd×6; pets.gd×5; workplace.gd×3
emoji_1f4da,emoji_migration,Existing stock-emoji replacement,📚,256x256,yes,2,inventory,uses=29; files=16; semantic_name=books; top_files=actions.gd×6; bonds.gd×3; shop.gd×3
emoji_2728,emoji_migration,Existing stock-emoji replacement,✨,256x256,yes,2,inventory,uses=28; files=19; semantic_name=sparkles; top_files=vfx.gd×4; main.gd×4; social.gd×2
emoji_1f48e,emoji_migration,Existing stock-emoji replacement,💎,256x256,yes,2,inventory,uses=28; files=15; semantic_name=gem_stone; top_files=daily.gd×4; mg_g_scratch.gd×3; mg_g_slots.gd×3
emoji_1f6a8,emoji_migration,Existing stock-emoji replacement,🚨,256x256,yes,2,inventory,uses=28; files=16; semantic_name=police_cars_revolving_light; top_files=prison.gd×8; main.gd×2; ambition.gd×2
emoji_1f498,emoji_migration,Existing stock-emoji replacement,💘,256x256,yes,2,inventory,uses=27; files=11; semantic_name=heart_with_arrow; top_files=lives.gd×7; bonds.gd×5; actions.gd×5
emoji_1f3e6,emoji_migration,Existing stock-emoji replacement,🏦,256x256,yes,2,inventory,uses=27; files=13; semantic_name=bank; top_files=main.gd×4; bonds.gd×4; finance.gd×4
emoji_23f3,emoji_migration,Existing stock-emoji replacement,⏳,256x256,yes,2,inventory,uses=26; files=16; semantic_name=hourglass_with_flowing_sand; top_files=achievements.json×5; daily.gd×3; main.gd×2
emoji_1f48d,emoji_migration,Existing stock-emoji replacement,💍,256x256,yes,2,inventory,uses=26; files=12; semantic_name=ring; top_files=bonds.gd×7; actions.gd×4; shop.gd×4
emoji_1f3ac,emoji_migration,Existing stock-emoji replacement,🎬,256x256,yes,2,inventory,uses=26; files=18; semantic_name=clapper_board; top_files=achievements.json×3; new_careers.gd×2; game_state.gd×2
emoji_1f512,emoji_migration,Existing stock-emoji replacement,🔒,256x256,yes,2,inventory,uses=25; files=14; semantic_name=lock; top_files=main.gd×5; prison.gd×5; empire_panels.gd×2
emoji_1f4dd,emoji_migration,Existing stock-emoji replacement,📝,256x256,yes,2,inventory,uses=25; files=14; semantic_name=memo; top_files=new_careers.gd×3; bonds.gd×3; daily.gd×3
emoji_1f697,emoji_migration,Existing stock-emoji replacement,🚗,256x256,yes,2,inventory,uses=25; files=14; semantic_name=automobile; top_files=actions.gd×6; bonds.gd×4; main.gd×3
emoji_1f4f1,emoji_migration,Existing stock-emoji replacement,📱,256x256,yes,2,inventory,uses=25; files=15; semantic_name=mobile_phone; top_files=shop.gd×3; achievements.json×3; more.json×3
emoji_1f680,emoji_migration,Existing stock-emoji replacement,🚀,256x256,yes,2,inventory,uses=25; files=15; semantic_name=rocket; top_files=world.gd×5; achievements.json×4; mg_g_rocket.gd×2
emoji_1f4cb,emoji_migration,Existing stock-emoji replacement,📋,256x256,yes,2,inventory,uses=25; files=14; semantic_name=clipboard; top_files=ambition.gd×6; prison.gd×3; prison_life.json×3
emoji_2694_fe0f,emoji_migration,Existing stock-emoji replacement,⚔️,256x256,yes,2,inventory,uses=24; files=12; semantic_name=crossed_swords__variation_selector-16; top_files=lives.gd×6; ambition.gd×4; pets.gd×3
emoji_1f0cf,emoji_migration,Existing stock-emoji replacement,🃏,256x256,yes,2,inventory,uses=24; files=13; semantic_name=playing_card_black_joker; top_files=actions.gd×7; prison.gd×4; daily.gd×2
emoji_1f3b0,emoji_migration,Existing stock-emoji replacement,🎰,256x256,yes,2,inventory,uses=24; files=12; semantic_name=slot_machine; top_files=daily.gd×4; achievements.json×4; expansion.gd×3
emoji_1f4c9,emoji_migration,Existing stock-emoji replacement,📉,256x256,yes,2,inventory,uses=23; files=18; semantic_name=chart_with_downwards_trend; top_files=empires.gd×4; main.gd×2; grit.gd×2
emoji_1f9ed,emoji_migration,Existing stock-emoji replacement,🧭,256x256,yes,2,inventory,uses=23; files=11; semantic_name=compass; top_files=main.gd×5; ambition.gd×4; pets.gd×3
emoji_1f3c5,emoji_migration,Existing stock-emoji replacement,🏅,256x256,yes,2,inventory,uses=23; files=11; semantic_name=sports_medal; top_files=achievements.json×5; main.gd×4; pets.gd×3
emoji_1f5f3_fe0f,emoji_migration,Existing stock-emoji replacement,🗳️,256x256,yes,2,inventory,uses=23; files=8; semantic_name=ballot_box_with_ballot__variation_selector-16; top_files=world.gd×7; careers.gd×6; daily.gd×3
emoji_1f9fe,emoji_migration,Existing stock-emoji replacement,🧾,256x256,yes,2,inventory,uses=23; files=16; semantic_name=receipt; top_files=prison.gd×4; v08.json×3; ambition.gd×2
emoji_1f3e1,emoji_migration,Existing stock-emoji replacement,🏡,256x256,yes,2,inventory,uses=23; files=15; semantic_name=house_with_garden; top_files=expansion.gd×3; actions.gd×3; pets.gd×2
emoji_1f31f,emoji_migration,Existing stock-emoji replacement,🌟,256x256,yes,2,inventory,uses=22; files=12; semantic_name=glowing_star; top_files=achievements.json×5; bonds.gd×3; actions.gd×3
emoji_1f476,emoji_migration,Existing stock-emoji replacement,👶,256x256,yes,2,inventory,uses=22; files=11; semantic_name=baby; top_files=bonds.gd×6; achievements.json×5; actions.gd×3
emoji_1f39f_fe0f,emoji_migration,Existing stock-emoji replacement,🎟️,256x256,yes,2,inventory,uses=22; files=10; semantic_name=admission_tickets__variation_selector-16; top_files=daily.gd×7; actions.gd×5; achievements.json×3
emoji_2764_fe0f,emoji_migration,Existing stock-emoji replacement,❤️,256x256,yes,2,inventory,uses=21; files=12; semantic_name=heavy_black_heart__variation_selector-16; top_files=main.gd×5; mg_debate.gd×3; prison.gd×3
emoji_26a1,emoji_migration,Existing stock-emoji replacement,⚡,256x256,yes,2,inventory,uses=21; files=13; semantic_name=high_voltage_sign; top_files=main.gd×5; achievements.json×4; expansion.gd×2
emoji_1f5e3_fe0f,emoji_migration,Existing stock-emoji replacement,🗣️,256x256,yes,2,inventory,uses=21; files=13; semantic_name=speaking_head_in_silhouette__variation_selector-16; top_files=bonds.gd×6; ambition.gd×4; main.gd×1
emoji_1f4f0,emoji_migration,Existing stock-emoji replacement,📰,256x256,yes,2,inventory,uses=21; files=13; semantic_name=newspaper; top_files=empires.gd×4; careers.gd×3; world.gd×2
emoji_1f37c,emoji_migration,Existing stock-emoji replacement,🍼,256x256,yes,2,inventory,uses=21; files=11; semantic_name=baby_bottle; top_files=daily.gd×6; pets.gd×3; game_state.gd×2
emoji_1f4de,emoji_migration,Existing stock-emoji replacement,📞,256x256,yes,2,inventory,uses=21; files=12; semantic_name=telephone_receiver; top_files=prison_life.json×5; life_threads.gd×2; bonds.gd×2
emoji_1f576_fe0f,emoji_migration,Existing stock-emoji replacement,🕶️,256x256,yes,2,inventory,uses=20; files=14; semantic_name=dark_sunglasses__variation_selector-16; top_files=careers.gd×4; lives.gd×2; shop.gd×2
emoji_1f319,emoji_migration,Existing stock-emoji replacement,🌙,256x256,yes,2,inventory,uses=20; files=12; semantic_name=crescent_moon; top_files=lives.gd×4; bonds.gd×3; prison_life.json×3
emoji_1f3cb_fe0f,emoji_migration,Existing stock-emoji replacement,🏋️,256x256,yes,2,inventory,uses=20; files=12; semantic_name=weight_lifter__variation_selector-16; top_files=actions.gd×5; new_careers.gd×2; lives.gd×2
emoji_1f333,emoji_migration,Existing stock-emoji replacement,🌳,256x256,yes,2,inventory,uses=20; files=11; semantic_name=deciduous_tree; top_files=prison.gd×4; main.gd×3; pets.gd×3
emoji_1f6cd_fe0f,emoji_migration,Existing stock-emoji replacement,🛍️,256x256,yes,2,inventory,uses=20; files=11; semantic_name=shopping_bags__variation_selector-16; top_files=actions.gd×3; shop.gd×3; main.gd×2
emoji_1f494,emoji_migration,Existing stock-emoji replacement,💔,256x256,yes,2,inventory,uses=20; files=12; semantic_name=broken_heart; top_files=bonds.gd×6; actions.gd×3; game_state.gd×2
emoji_1f9ec,emoji_migration,Existing stock-emoji replacement,🧬,256x256,yes,2,inventory,uses=19; files=13; semantic_name=dna_double_helix; top_files=daily.gd×4; world.gd×2; companions.gd×2
emoji_1fa79,emoji_migration,Existing stock-emoji replacement,🩹,256x256,yes,2,inventory,uses=19; files=10; semantic_name=adhesive_bandage; top_files=achievements.json×4; daily.gd×3; expansion.gd×3
emoji_1f92b,emoji_migration,Existing stock-emoji replacement,🤫,256x256,yes,2,inventory,uses=19; files=11; semantic_name=face_with_finger_covering_closed_lips; top_files=new_careers.gd×3; bonds.gd×3; prison.gd×3
emoji_1f4d6,emoji_migration,Existing stock-emoji replacement,📖,256x256,yes,2,inventory,uses=19; files=14; semantic_name=open_book; top_files=bonds.gd×3; main.gd×2; actions.gd×2
emoji_1f4a5,emoji_migration,Existing stock-emoji replacement,💥,256x256,yes,2,inventory,uses=19; files=17; semantic_name=collision_symbol; top_files=mg_potion.gd×2; mg_minefield.gd×2; main.gd×1
emoji_1f575_fe0f,emoji_migration,Existing stock-emoji replacement,🕵️,256x256,yes,2,inventory,uses=19; files=12; semantic_name=sleuth_or_spy__variation_selector-16; top_files=achievements.json×6; new_careers.gd×3; mg_infiltrate.gd×1
emoji_1f49e,emoji_migration,Existing stock-emoji replacement,💞,256x256,yes,2,inventory,uses=19; files=7; semantic_name=revolving_hearts; top_files=pets.gd×10; bonds.gd×2; achievements.json×2
emoji_1f3d8_fe0f,emoji_migration,Existing stock-emoji replacement,🏘️,256x256,yes,2,inventory,uses=19; files=14; semantic_name=house_buildings__variation_selector-16; top_files=achievements.json×3; game_state.gd×2; expansion.gd×2
emoji_1f389,emoji_migration,Existing stock-emoji replacement,🎉,256x256,yes,2,inventory,uses=18; files=11; semantic_name=party_popper; top_files=bonds.gd×4; actions.gd×3; main.gd×2
emoji_1f3af,emoji_migration,Existing stock-emoji replacement,🎯,256x256,yes,2,inventory,uses=18; files=11; semantic_name=direct_hit; top_files=main.gd×6; workplace.gd×2; achievements.json×2
emoji_1f4f8,emoji_migration,Existing stock-emoji replacement,📸,256x256,yes,2,inventory,uses=18; files=15; semantic_name=camera_with_flash; top_files=main.gd×2; new_careers.gd×2; careers.gd×2
emoji_1f46a,emoji_migration,Existing stock-emoji replacement,👪,256x256,yes,2,inventory,uses=18; files=8; semantic_name=family; top_files=prison.gd×5; main.gd×4; bonds.gd×3
emoji_1f3c3,emoji_migration,Existing stock-emoji replacement,🏃,256x256,yes,2,inventory,uses=18; files=14; semantic_name=runner; top_files=main.gd×3; daily.gd×2; actions.gd×2
emoji_1f3e2,emoji_migration,Existing stock-emoji replacement,🏢,256x256,yes,2,inventory,uses=18; files=12; semantic_name=office_building; top_files=main.gd×4; achievements.json×3; pets.gd×2
emoji_1f9db,emoji_migration,Existing stock-emoji replacement,🧛,256x256,yes,2,inventory,uses=18; files=10; semantic_name=vampire; top_files=lives.gd×5; game_state.gd×2; destiny.gd×2
emoji_1f6e1_fe0f,emoji_migration,Existing stock-emoji replacement,🛡️,256x256,yes,2,inventory,uses=18; files=11; semantic_name=shield__variation_selector-16; top_files=prison.gd×3; mg_debate.gd×2; pets.gd×2
emoji_1f3b8,emoji_migration,Existing stock-emoji replacement,🎸,256x256,yes,2,inventory,uses=18; files=10; semantic_name=guitar; top_files=actions.gd×3; shop.gd×3; achievements.json×3
emoji_1f9d9,emoji_migration,Existing stock-emoji replacement,🧙,256x256,yes,2,inventory,uses=17; files=9; semantic_name=mage; top_files=main.gd×4; achievements.json×3; game_state.gd×2
emoji_1f483,emoji_migration,Existing stock-emoji replacement,💃,256x256,yes,2,inventory,uses=17; files=8; semantic_name=dancer; top_files=new_careers.gd×5; daily.gd×4; achievements.json×3
emoji_1f46e,emoji_migration,Existing stock-emoji replacement,👮,256x256,yes,2,inventory,uses=17; files=12; semantic_name=police_officer; top_files=prison.gd×4; ambition.gd×2; prison_life.json×2
emoji_1f4c4,emoji_migration,Existing stock-emoji replacement,📄,256x256,yes,2,inventory,uses=17; files=14; semantic_name=page_facing_up; top_files=bonds.gd×3; finance.gd×2; mg_pr_parole.gd×1
emoji_1f331,emoji_migration,Existing stock-emoji replacement,🌱,256x256,yes,2,inventory,uses=17; files=13; semantic_name=seedling; top_files=expansion.gd×3; game_state.gd×2; v07.json×2
emoji_1f514,emoji_migration,Existing stock-emoji replacement,🔔,256x256,yes,2,inventory,uses=16; files=9; semantic_name=bell; top_files=mg_g_scratch.gd×3; mg_g_slots.gd×3; empires.gd×3
emoji_2708_fe0f,emoji_migration,Existing stock-emoji replacement,✈️,256x256,yes,2,inventory,uses=16; files=13; semantic_name=airplane__variation_selector-16; top_files=bonds.gd×2; game_state.gd×2; lives.gd×2
emoji_1f3eb,emoji_migration,Existing stock-emoji replacement,🏫,256x256,yes,2,inventory,uses=16; files=8; semantic_name=school; top_files=daily.gd×5; main.gd×2; pets.gd×2
emoji_1f963,emoji_migration,Existing stock-emoji replacement,🥣,256x256,yes,2,inventory,uses=16; files=4; semantic_name=bowl_with_spoon; top_files=pets.gd×9; bonds.gd×4; pets.json×2
emoji_1f415,emoji_migration,Existing stock-emoji replacement,🐕,256x256,yes,2,inventory,uses=16; files=12; semantic_name=dog; top_files=pets.gd×3; mg_burglary.gd×2; achievements.json×2
emoji_1f6d0,emoji_migration,Existing stock-emoji replacement,🛐,256x256,yes,2,inventory,uses=15; files=6; semantic_name=place_of_worship; top_files=empires.gd×4; achievements.json×4; main.gd×3
emoji_1f981,emoji_migration,Existing stock-emoji replacement,🦁,256x256,yes,2,inventory,uses=15; files=8; semantic_name=lion_face; top_files=empires.gd×5; empire_panels.gd×2; main.gd×2
emoji_1f3a8,emoji_migration,Existing stock-emoji replacement,🎨,256x256,yes,2,inventory,uses=15; files=10; semantic_name=artist_palette; top_files=main.gd×4; daily.gd×3; bonds.gd×1
emoji_1f30d,emoji_migration,Existing stock-emoji replacement,🌍,256x256,yes,2,inventory,uses=15; files=10; semantic_name=earth_globe_europe-africa; top_files=actions.gd×3; achievements.json×3; main.gd×2
emoji_1f620,emoji_migration,Existing stock-emoji replacement,😠,256x256,yes,2,inventory,uses=15; files=10; semantic_name=angry_face; top_files=main.gd×2; mg_debate.gd×2; mg_burglary.gd×2
emoji_1f33f,emoji_migration,Existing stock-emoji replacement,🌿,256x256,yes,2,inventory,uses=15; files=8; semantic_name=herb; top_files=daily.gd×3; empires.gd×3; main.gd×2
emoji_1faaa,emoji_migration,Existing stock-emoji replacement,🪪,256x256,yes,2,inventory,uses=15; files=6; semantic_name=identification_card; top_files=daily.gd×5; prison.gd×4; actions.gd×2
emoji_1f3dd_fe0f,emoji_migration,Existing stock-emoji replacement,🏝️,256x256,yes,2,inventory,uses=15; files=10; semantic_name=desert_island__variation_selector-16; top_files=world.gd×3; achievements.json×3; main.gd×2
emoji_1f340,emoji_migration,Existing stock-emoji replacement,🍀,256x256,yes,2,inventory,uses=15; files=10; semantic_name=four_leaf_clover; top_files=mg_g_scratch.gd×3; game_state.gd×2; lives.gd×2
emoji_1f399_fe0f,emoji_migration,Existing stock-emoji replacement,🎙️,256x256,yes,2,inventory,uses=15; files=12; semantic_name=studio_microphone__variation_selector-16; top_files=lives.gd×2; ambition.gd×2; careers.gd×2
emoji_1f32b_fe0f,emoji_migration,Existing stock-emoji replacement,🌫️,256x256,yes,2,inventory,uses=15; files=4; semantic_name=fog__variation_selector-16; top_files=prison.gd×11; achievements.json×2; prison_life.json×1
emoji_1f624,emoji_migration,Existing stock-emoji replacement,😤,256x256,yes,2,inventory,uses=14; files=7; semantic_name=face_with_look_of_triumph; top_files=bonds.gd×4; mg_fight.gd×3; mg_debate.gd×2
emoji_1f9b4,emoji_migration,Existing stock-emoji replacement,🦴,256x256,yes,2,inventory,uses=14; files=9; semantic_name=bone; top_files=bonds.gd×3; daily.gd×3; expansion.gd×2
emoji_1f4bb,emoji_migration,Existing stock-emoji replacement,💻,256x256,yes,2,inventory,uses=14; files=11; semantic_name=personal_computer; top_files=actions.gd×3; jobs.json×2; mg_burglary.gd×1
emoji_1f41f,emoji_migration,Existing stock-emoji replacement,🐟,256x256,yes,2,inventory,uses=14; files=5; semantic_name=fish; top_files=empires.gd×8; mg_fishing.gd×2; achievements.json×2
emoji_1f98c,emoji_migration,Existing stock-emoji replacement,🦌,256x256,yes,2,inventory,uses=14; files=5; semantic_name=deer; top_files=empires.gd×10; mg_clutch.gd×1; law.gd×1
emoji_1f6cb_fe0f,emoji_migration,Existing stock-emoji replacement,🛋️,256x256,yes,2,inventory,uses=14; files=8; semantic_name=couch_and_lamp__variation_selector-16; top_files=bonds.gd×3; pets.gd×2; game_state.gd×2
emoji_1f9b8,emoji_migration,Existing stock-emoji replacement,🦸,256x256,yes,2,inventory,uses=14; files=9; semantic_name=superhero; top_files=achievements.json×3; game_state.gd×2; lives.gd×2
emoji_1f9b7,emoji_migration,Existing stock-emoji replacement,🦷,256x256,yes,2,inventory,uses=14; files=11; semantic_name=tooth; top_files=care.gd×3; daily.gd×2; undeath.gd×1
emoji_1f492,emoji_migration,Existing stock-emoji replacement,💒,256x256,yes,2,inventory,uses=14; files=7; semantic_name=wedding; top_files=keeping.gd×4; bonds.gd×3; actions.gd×2
emoji_2754,emoji_migration,Existing stock-emoji replacement,❔,256x256,yes,2,inventory,uses=13; files=7; semantic_name=white_question_mark_ornament; top_files=main.gd×5; empire_panels.gd×2; mg_potion.gd×2
emoji_1f3d5_fe0f,emoji_migration,Existing stock-emoji replacement,🏕️,256x256,yes,2,inventory,uses=13; files=9; semantic_name=camping__variation_selector-16; top_files=empires.gd×3; empire_panels.gd×2; achievements.json×2
emoji_1f9ea,emoji_migration,Existing stock-emoji replacement,🧪,256x256,yes,2,inventory,uses=13; files=9; semantic_name=test_tube; top_files=main.gd×3; ambition.gd×3; mg_potion.gd×1
emoji_1f300,emoji_migration,Existing stock-emoji replacement,🌀,256x256,yes,2,inventory,uses=13; files=10; semantic_name=cyclone; top_files=new_careers.gd×3; places.gd×2; main.gd×1
emoji_1f4aa,emoji_migration,Existing stock-emoji replacement,💪,256x256,yes,2,inventory,uses=13; files=10; semantic_name=flexed_biceps; top_files=bonds.gd×3; social.gd×2; main.gd×1
emoji_1f915,emoji_migration,Existing stock-emoji replacement,🤕,256x256,yes,2,inventory,uses=13; files=10; semantic_name=face_with_head-bandage; top_files=new_careers.gd×2; empires.gd×2; actions.gd×2
emoji_1f511,emoji_migration,Existing stock-emoji replacement,🔑,256x256,yes,2,inventory,uses=13; files=10; semantic_name=key; top_files=prison_life.json×3; tenancy.gd×2; main.gd×1
emoji_1fa90,emoji_migration,Existing stock-emoji replacement,🪐,256x256,yes,2,inventory,uses=13; files=9; semantic_name=ringed_planet; top_files=achievements.json×3; game_state.gd×2; destiny.gd×2
emoji_1f44a,emoji_migration,Existing stock-emoji replacement,👊,256x256,yes,2,inventory,uses=13; files=8; semantic_name=fisted_hand_sign; top_files=mg_fight.gd×3; bonds.gd×2; dealer.gd×2
emoji_1f573_fe0f,emoji_migration,Existing stock-emoji replacement,🕳️,256x256,yes,2,inventory,uses=13; files=7; semantic_name=hole__variation_selector-16; top_files=prison.gd×5; mg_pet_pounce.gd×3; mg_escape.gd×1
emoji_1f5bc_fe0f,emoji_migration,Existing stock-emoji replacement,🖼️,256x256,yes,2,inventory,uses=13; files=9; semantic_name=frame_with_picture__variation_selector-16; top_files=goals.gd×2; finance.gd×2; actions.gd×2
emoji_1f3be,emoji_migration,Existing stock-emoji replacement,🎾,256x256,yes,2,inventory,uses=13; files=6; semantic_name=tennis_racquet_and_ball; top_files=pets.gd×6; bonds.gd×2; actions.gd×2
emoji_1f3f4_200d_2620_fe0f,emoji_migration,Existing stock-emoji replacement,🏴‍☠️,256x256,yes,2,inventory,uses=13; files=9; semantic_name=waving_black_flag__zero_width_joiner__skull_and_crossbones__variation_selector-16; top_files=game_state.gd×2; destiny.gd×2; expansion.gd×2
emoji_1f4ac,emoji_migration,Existing stock-emoji replacement,💬,256x256,yes,2,inventory,uses=13; files=7; semantic_name=speech_balloon; top_files=bonds.gd×4; prison.gd×3; actions.gd×2
emoji_1f527,emoji_migration,Existing stock-emoji replacement,🔧,256x256,yes,2,inventory,uses=13; files=10; semantic_name=wrench; top_files=new_careers.gd×2; prison.gd×2; everyday.json×2
emoji_1f48a,emoji_migration,Existing stock-emoji replacement,💊,256x256,yes,2,inventory,uses=13; files=10; semantic_name=pill; top_files=game_state.gd×2; ambition.gd×2; prison.gd×2
emoji_1f400,emoji_migration,Existing stock-emoji replacement,🐀,256x256,yes,2,inventory,uses=13; files=8; semantic_name=rat; top_files=actions.gd×3; lives.gd×2; careers.gd×2
emoji_1f4d2,emoji_migration,Existing stock-emoji replacement,📒,256x256,yes,2,inventory,uses=12; files=4; semantic_name=ledger; top_files=bonds.gd×7; empires.gd×3; empire_panels.gd×1
emoji_231a,emoji_migration,Existing stock-emoji replacement,⌚,256x256,yes,2,inventory,uses=12; files=7; semantic_name=watch; top_files=empires.gd×3; careers.gd×2; actions.gd×2
emoji_1f6d2,emoji_migration,Existing stock-emoji replacement,🛒,256x256,yes,2,inventory,uses=12; files=8; semantic_name=shopping_trolley; top_files=empire_panels.gd×2; social.gd×2; lives.gd×2
emoji_1f52e,emoji_migration,Existing stock-emoji replacement,🔮,256x256,yes,2,inventory,uses=12; files=7; semantic_name=crystal_ball; top_files=shop.gd×4; mg_potion.gd×2; lives.gd×2
emoji_1f501,emoji_migration,Existing stock-emoji replacement,🔁,256x256,yes,2,inventory,uses=12; files=7; semantic_name=clockwise_rightwards_and_leftwards_open_circle_arrows; top_files=actions.gd×3; main.gd×2; bonds.gd×2
emoji_1f6b6,emoji_migration,Existing stock-emoji replacement,🚶,256x256,yes,2,inventory,uses=12; files=7; semantic_name=pedestrian; top_files=prison.gd×4; daily.gd×2; actions.gd×2
emoji_1f3d6_fe0f,emoji_migration,Existing stock-emoji replacement,🏖️,256x256,yes,2,inventory,uses=12; files=8; semantic_name=beach_with_umbrella__variation_selector-16; top_files=actions.gd×3; achievements.json×3; main.gd×1
emoji_1f6ab,emoji_migration,Existing stock-emoji replacement,🚫,256x256,yes,2,inventory,uses=12; files=8; semantic_name=no_entry_sign; top_files=bonds.gd×4; daily.gd×2; main.gd×1
emoji_1f397_fe0f,emoji_migration,Existing stock-emoji replacement,🎗️,256x256,yes,2,inventory,uses=12; files=10; semantic_name=reminder_ribbon__variation_selector-16; top_files=game_state.gd×2; lives.gd×2; lives_panels.gd×1
emoji_1f9d2,emoji_migration,Existing stock-emoji replacement,🧒,256x256,yes,2,inventory,uses=12; files=9; semantic_name=child; top_files=prison_life.json×3; pets.json×2; ui_kit.gd×1
emoji_1f693,emoji_migration,Existing stock-emoji replacement,🚓,256x256,yes,4,inventory,uses=12; files=9; semantic_name=police_car; top_files=ambition.gd×3; careers.gd×2; mg_burglary.gd×1
emoji_1f4e1,emoji_migration,Existing stock-emoji replacement,📡,256x256,yes,4,inventory,uses=12; files=7; semantic_name=satellite_antenna; top_files=expansion.gd×5; v07.json×2; mg_minefield.gd×1
emoji_1f303,emoji_migration,Existing stock-emoji replacement,🌃,256x256,yes,4,inventory,uses=12; files=6; semantic_name=night_with_stars; top_files=pets.gd×3; lives.gd×3; dealer.gd×3
emoji_1f9f8,emoji_migration,Existing stock-emoji replacement,🧸,256x256,yes,4,inventory,uses=12; files=7; semantic_name=teddy_bear; top_files=bonds.gd×6; ambition.gd×1; daily.gd×1
emoji_1f48c,emoji_migration,Existing stock-emoji replacement,💌,256x256,yes,4,inventory,uses=12; files=7; semantic_name=love_letter; top_files=prison_life.json×3; bonds.gd×2; keeping.gd×2
emoji_1f489,emoji_migration,Existing stock-emoji replacement,💉,256x256,yes,4,inventory,uses=12; files=8; semantic_name=syringe; top_files=daily.gd×3; actions.gd×3; majors.json×1
emoji_1f5fa_fe0f,emoji_migration,Existing stock-emoji replacement,🗺️,256x256,yes,4,inventory,uses=12; files=7; semantic_name=world_map__variation_selector-16; top_files=undeath.gd×4; expansion.gd×3; achievements.json×1
emoji_1f9cd,emoji_migration,Existing stock-emoji replacement,🧍,256x256,yes,4,inventory,uses=11; files=4; semantic_name=standing_person; top_files=prison.gd×7; mg_runway.gd×2; main.gd×1
emoji_1f607,emoji_migration,Existing stock-emoji replacement,😇,256x256,yes,4,inventory,uses=11; files=7; semantic_name=smiling_face_with_halo; top_files=actions.gd×3; challenges.json×2; achievements.json×2
emoji_1f5c2_fe0f,emoji_migration,Existing stock-emoji replacement,🗂️,256x256,yes,4,inventory,uses=11; files=6; semantic_name=card_index_dividers__variation_selector-16; top_files=main.gd×4; new_careers.gd×2; prison.gd×2
emoji_1f6e0_fe0f,emoji_migration,Existing stock-emoji replacement,🛠️,256x256,yes,4,inventory,uses=11; files=8; semantic_name=hammer_and_wrench__variation_selector-16; top_files=tenancy.gd×2; expansion.gd×2; prison.gd×2
emoji_1f465,emoji_migration,Existing stock-emoji replacement,👥,256x256,yes,4,inventory,uses=11; files=6; semantic_name=busts_in_silhouette; top_files=ambition.gd×3; prison.gd×3; daily.gd×2
emoji_1f3f3_fe0f,emoji_migration,Existing stock-emoji replacement,🏳️,256x256,yes,4,inventory,uses=11; files=6; semantic_name=waving_white_flag__variation_selector-16; top_files=prison.gd×3; world.gd×2; lives.gd×2
emoji_231b,emoji_migration,Existing stock-emoji replacement,⌛,256x256,yes,4,inventory,uses=11; files=7; semantic_name=hourglass; top_files=achievements.json×3; game_state.gd×2; destiny.gd×2
emoji_1f441_fe0f,emoji_migration,Existing stock-emoji replacement,👁️,256x256,yes,4,inventory,uses=11; files=9; semantic_name=eye__variation_selector-16; top_files=lives.gd×3; mg_potion.gd×1; daily.gd×1
emoji_1f526,emoji_migration,Existing stock-emoji replacement,🔦,256x256,yes,4,inventory,uses=11; files=9; semantic_name=electric_torch; top_files=ambition.gd×2; prison.gd×2; mg_escape.gd×1
emoji_26bd,emoji_migration,Existing stock-emoji replacement,⚽,256x256,yes,4,inventory,uses=11; files=8; semantic_name=soccer_ball; top_files=world.gd×2; social.gd×2; everyday.json×2
emoji_1f9b9,emoji_migration,Existing stock-emoji replacement,🦹,256x256,yes,4,inventory,uses=11; files=6; semantic_name=supervillain; top_files=achievements.json×4; game_state.gd×2; lives.gd×2
emoji_1f315,emoji_migration,Existing stock-emoji replacement,🌕,256x256,yes,4,inventory,uses=11; files=5; semantic_name=full_moon_symbol; top_files=world.gd×4; empires.gd×4; dealer.gd×1
emoji_1f47b,emoji_migration,Existing stock-emoji replacement,👻,256x256,yes,4,inventory,uses=11; files=6; semantic_name=ghost; top_files=shop.gd×4; lives.gd×3; grit.gd×1
emoji_1f382,emoji_migration,Existing stock-emoji replacement,🎂,256x256,yes,4,inventory,uses=11; files=6; semantic_name=birthday_cake; top_files=achievements.json×4; bonds.gd×2; keeping.gd×2
emoji_1f37d_fe0f,emoji_migration,Existing stock-emoji replacement,🍽️,256x256,yes,4,inventory,uses=11; files=6; semantic_name=fork_and_knife_with_plate__variation_selector-16; top_files=prison_life.json×4; lives.gd×2; expansion.gd×2
emoji_26a0_fe0f,emoji_migration,Existing stock-emoji replacement,⚠️,256x256,yes,4,inventory,uses=10; files=6; semantic_name=warning_sign__variation_selector-16; top_files=main.gd×4; ambition.gd×2; slot_panels.gd×1
emoji_1f570_fe0f,emoji_migration,Existing stock-emoji replacement,🕰️,256x256,yes,4,inventory,uses=10; files=6; semantic_name=mantelpiece_clock__variation_selector-16; top_files=main.gd×3; achievements.json×2; prison_life.json×2
emoji_2705,emoji_migration,Existing stock-emoji replacement,✅,256x256,yes,4,inventory,uses=10; files=7; semantic_name=white_heavy_check_mark; top_files=main.gd×3; ambition.gd×2; mg_docking.gd×1
emoji_1fa9e,emoji_migration,Existing stock-emoji replacement,🪞,256x256,yes,4,inventory,uses=10; files=6; semantic_name=mirror; top_files=main.gd×3; life_threads.gd×3; mg_pr_shakedown.gd×1
emoji_1f3d9_fe0f,emoji_migration,Existing stock-emoji replacement,🏙️,256x256,yes,4,inventory,uses=10; files=8; semantic_name=cityscape__variation_selector-16; top_files=lives_panels.gd×2; world.gd×2; main.gd×1
emoji_1f504,emoji_migration,Existing stock-emoji replacement,🔄,256x256,yes,4,inventory,uses=10; files=6; semantic_name=anticlockwise_downwards_and_upwards_open_circle_arrows; top_files=ambition.gd×3; main.gd×2; lives.gd×2
emoji_1f436,emoji_migration,Existing stock-emoji replacement,🐶,256x256,yes,4,inventory,uses=10; files=7; semantic_name=dog_face; top_files=bonds.gd×3; actions.gd×2; ui_kit.gd×1
emoji_1f64b,emoji_migration,Existing stock-emoji replacement,🙋,256x256,yes,4,inventory,uses=10; files=5; semantic_name=happy_person_raising_one_hand; top_files=bonds.gd×3; actions.gd×3; mg_debate.gd×2
emoji_1f408,emoji_migration,Existing stock-emoji replacement,🐈,256x256,yes,4,inventory,uses=10; files=9; semantic_name=cat; top_files=lives.gd×2; mg_pet_pounce.gd×1; pets.gd×1
emoji_1f977,emoji_migration,Existing stock-emoji replacement,🥷,256x256,yes,4,inventory,uses=10; files=6; semantic_name=ninja; top_files=actions.gd×4; game_state.gd×2; mg_burglary.gd×1
emoji_1f352,emoji_migration,Existing stock-emoji replacement,🍒,256x256,yes,4,inventory,uses=10; files=3; semantic_name=cherries; top_files=mg_g_slots.gd×4; mg_g_scratch.gd×3; daily.gd×3
emoji_1f356,emoji_migration,Existing stock-emoji replacement,🍖,256x256,yes,4,inventory,uses=10; files=5; semantic_name=meat_on_bone; top_files=bonds.gd×4; pets.gd×2; companions.gd×2
emoji_1f52c,emoji_migration,Existing stock-emoji replacement,🔬,256x256,yes,4,inventory,uses=10; files=5; semantic_name=microscope; top_files=daily.gd×3; new_careers.gd×2; ambition.gd×2
emoji_1faa9,emoji_migration,Existing stock-emoji replacement,🪩,256x256,yes,4,inventory,uses=10; files=4; semantic_name=mirror_ball; top_files=actions.gd×5; daily.gd×3; grit.gd×1
emoji_1f942,emoji_migration,Existing stock-emoji replacement,🥂,256x256,yes,4,inventory,uses=10; files=7; semantic_name=clinking_glasses; top_files=bonds.gd×2; keeping.gd×2; daily.gd×2
emoji_1f9f3,emoji_migration,Existing stock-emoji replacement,🧳,256x256,yes,4,inventory,uses=10; files=7; semantic_name=luggage; top_files=pets.json×4; bonds.gd×1; jobs.json×1
emoji_1f6cf_fe0f,emoji_migration,Existing stock-emoji replacement,🛏️,256x256,yes,4,inventory,uses=10; files=6; semantic_name=bed__variation_selector-16; top_files=prison.gd×5; expansion.gd×1; pets.json×1
emoji_1f4ca,emoji_migration,Existing stock-emoji replacement,📊,256x256,yes,4,inventory,uses=9; files=7; semantic_name=bar_chart; top_files=mg_debate.gd×2; ambition.gd×2; slot_panels.gd×1
emoji_1f3fa,emoji_migration,Existing stock-emoji replacement,🏺,256x256,yes,4,inventory,uses=9; files=7; semantic_name=amphora; top_files=empires.gd×2; expansion.gd×2; slot_panels.gd×1
emoji_1f4c5,emoji_migration,Existing stock-emoji replacement,📅,256x256,yes,4,inventory,uses=9; files=6; semantic_name=calendar; top_files=achievements.json×3; main.gd×2; mg_pr_shakedown.gd×1
emoji_1f94b,emoji_migration,Existing stock-emoji replacement,🥋,256x256,yes,4,inventory,uses=9; files=6; semantic_name=martial_arts_uniform; top_files=daily.gd×3; game_state.gd×2; main.gd×1
emoji_1f422,emoji_migration,Existing stock-emoji replacement,🐢,256x256,yes,4,inventory,uses=9; files=7; semantic_name=turtle; top_files=game_state.gd×2; challenges.json×2; main.gd×1
emoji_1f30a,emoji_migration,Existing stock-emoji replacement,🌊,256x256,yes,4,inventory,uses=9; files=8; semantic_name=water_wave; top_files=world.gd×2; minigame.gd×1; places.gd×1
emoji_1f34e,emoji_migration,Existing stock-emoji replacement,🍎,256x256,yes,4,inventory,uses=9; files=5; semantic_name=red_apple; top_files=bonds.gd×4; jobs.json×2; mg_pet_pounce.gd×1
emoji_2709_fe0f,emoji_migration,Existing stock-emoji replacement,✉️,256x256,yes,4,inventory,uses=9; files=7; semantic_name=envelope__variation_selector-16; top_files=prison.gd×2; prison_life.json×2; mg_pr_shakedown.gd×1
emoji_2600_fe0f,emoji_migration,Existing stock-emoji replacement,☀️,256x256,yes,4,inventory,uses=9; files=6; semantic_name=black_sun_with_rays__variation_selector-16; top_files=pets.gd×3; expansion.gd×2; mg_burglary.gd×1
emoji_1f3a3,emoji_migration,Existing stock-emoji replacement,🎣,256x256,yes,4,inventory,uses=9; files=7; semantic_name=fishing_pole_and_fish; top_files=empires.gd×2; shop.gd×2; mg_fishing.gd×1
emoji_1f6b2,emoji_migration,Existing stock-emoji replacement,🚲,256x256,yes,4,inventory,uses=9; files=5; semantic_name=bicycle; top_files=bonds.gd×3; shop.gd×3; transit.gd×1
emoji_1f510,emoji_migration,Existing stock-emoji replacement,🔐,256x256,yes,4,inventory,uses=9; files=5; semantic_name=closed_lock_with_key; top_files=bonds.gd×3; careers.gd×3; minigames.gd×1
emoji_1f373,emoji_migration,Existing stock-emoji replacement,🍳,256x256,yes,4,inventory,uses=9; files=7; semantic_name=cooking; top_files=jobs.json×3; bonds.gd×1; social.gd×1
emoji_1f574_fe0f,emoji_migration,Existing stock-emoji replacement,🕴️,256x256,yes,4,inventory,uses=9; files=5; semantic_name=man_in_business_suit_levitating__variation_selector-16; top_files=game_state.gd×2; careers.gd×2; challenges.json×2
emoji_1f6a4,emoji_migration,Existing stock-emoji replacement,🚤,256x256,yes,4,inventory,uses=9; files=4; semantic_name=speedboat; top_files=shop.gd×5; empires.gd×2; law.gd×1
emoji_1f5e1_fe0f,emoji_migration,Existing stock-emoji replacement,🗡️,256x256,yes,4,inventory,uses=9; files=5; semantic_name=dagger_knife__variation_selector-16; top_files=lives.gd×2; achievements.json×2; lives.json×2
emoji_1f691,emoji_migration,Existing stock-emoji replacement,🚑,256x256,yes,4,inventory,uses=9; files=5; semantic_name=ambulance; top_files=daily.gd×4; expansion.gd×2; ambition.gd×1
emoji_1f4c2,emoji_migration,Existing stock-emoji replacement,📂,256x256,yes,4,inventory,uses=8; files=5; semantic_name=open_file_folder; top_files=main.gd×3; twists.json×2; slot_panels.gd×1
emoji_25b6,emoji_migration,Existing stock-emoji replacement,▶,256x256,yes,4,inventory,uses=8; files=7; semantic_name=black_right-pointing_triangle; top_files=mg_safecrack.gd×2; slot_panels.gd×1; mg_road.gd×1
emoji_1f6c2,emoji_migration,Existing stock-emoji replacement,🛂,256x256,yes,4,inventory,uses=8; files=5; semantic_name=passport_control; top_files=world.gd×3; empires.gd×2; empire_panels.gd×1
emoji_1f9d1,emoji_migration,Existing stock-emoji replacement,🧑,256x256,yes,4,inventory,uses=8; files=8; semantic_name=adult; top_files=main.gd×1; lives_panels.gd×1; ui_kit.gd×1
emoji_1f4b3,emoji_migration,Existing stock-emoji replacement,💳,256x256,yes,4,inventory,uses=8; files=5; semantic_name=credit_card; top_files=empires.gd×3; achievements.json×2; main.gd×1
emoji_2753,emoji_migration,Existing stock-emoji replacement,❓,256x256,yes,4,inventory,uses=8; files=4; semantic_name=black_question_mark_ornament; top_files=mg_pet_sneak.gd×3; lives.gd×3; main.gd×1
emoji_1f9d8,emoji_migration,Existing stock-emoji replacement,🧘,256x256,yes,4,inventory,uses=8; files=6; semantic_name=person_in_lotus_position; top_files=actions.gd×2; prison.gd×2; main.gd×1
emoji_1f49a,emoji_migration,Existing stock-emoji replacement,💚,256x256,yes,4,inventory,uses=8; files=4; semantic_name=green_heart; top_files=lives.gd×5; main.gd×1; mg_potion.gd×1
emoji_1f9df,emoji_migration,Existing stock-emoji replacement,🧟,256x256,yes,4,inventory,uses=8; files=5; semantic_name=zombie; top_files=lives.gd×3; destiny.gd×2; main.gd×1
emoji_1f39e_fe0f,emoji_migration,Existing stock-emoji replacement,🎞️,256x256,yes,4,inventory,uses=8; files=6; semantic_name=film_frames__variation_selector-16; top_files=new_careers.gd×3; main.gd×1; social.gd×1
emoji_1f3a5,emoji_migration,Existing stock-emoji replacement,🎥,256x256,yes,4,inventory,uses=8; files=7; semantic_name=movie_camera; top_files=achievements.json×2; main.gd×1; mg_onset.gd×1
emoji_1f69a,emoji_migration,Existing stock-emoji replacement,🚚,256x256,yes,4,inventory,uses=8; files=7; semantic_name=delivery_truck; top_files=achievements.json×2; lives_panels.gd×1; actions.gd×1
emoji_1f9d3,emoji_migration,Existing stock-emoji replacement,🧓,256x256,yes,4,inventory,uses=8; files=4; semantic_name=older_adult; top_files=bonds.gd×3; prison_life.json×3; ui_kit.gd×1
emoji_1f45b,emoji_migration,Existing stock-emoji replacement,👛,256x256,yes,4,inventory,uses=8; files=7; semantic_name=purse; top_files=careers.gd×2; mg_pickpocket.gd×1; minigames.gd×1
emoji_23f1_fe0f,emoji_migration,Existing stock-emoji replacement,⏱️,256x256,yes,4,inventory,uses=8; files=7; semantic_name=stopwatch__variation_selector-16; top_files=prison.gd×2; mg_debate.gd×1; minigame.gd×1
emoji_2697_fe0f,emoji_migration,Existing stock-emoji replacement,⚗️,256x256,yes,4,inventory,uses=8; files=4; semantic_name=alembic__variation_selector-16; top_files=lives.gd×4; achievements.json×2; mg_potion.gd×1
emoji_1f52a,emoji_migration,Existing stock-emoji replacement,🔪,256x256,yes,4,inventory,uses=8; files=6; semantic_name=hocho; top_files=ambition.gd×3; mg_surgery.gd×1; minigames.gd×1
emoji_1f9fc,emoji_migration,Existing stock-emoji replacement,🧼,256x256,yes,4,inventory,uses=8; files=4; semantic_name=bar_of_soap; top_files=ambition.gd×3; pets.gd×2; dealer.gd×2
emoji_1f4a1,emoji_migration,Existing stock-emoji replacement,💡,256x256,yes,4,inventory,uses=8; files=7; semantic_name=electric_light_bulb; top_files=bonds.gd×2; mg_burglary.gd×1; mg_onset.gd×1
emoji_1fa9f,emoji_migration,Existing stock-emoji replacement,🪟,256x256,yes,4,inventory,uses=8; files=8; semantic_name=window; top_files=mg_burglary.gd×1; minigames.gd×1; pets.json×1
emoji_2604_fe0f,emoji_migration,Existing stock-emoji replacement,☄️,256x256,yes,4,inventory,uses=8; files=7; semantic_name=comet__variation_selector-16; top_files=empires.gd×2; goals.gd×1; dealer.gd×1
emoji_1f6e4_fe0f,emoji_migration,Existing stock-emoji replacement,🛤️,256x256,yes,4,inventory,uses=8; files=3; semantic_name=railway_track__variation_selector-16; top_files=prison.gd×6; arcs.gd×1; pets.gd×1
emoji_1f3da_fe0f,emoji_migration,Existing stock-emoji replacement,🏚️,256x256,yes,4,inventory,uses=8; files=6; semantic_name=derelict_house_building__variation_selector-16; top_files=pets.gd×2; achievements.json×2; world.gd×1
emoji_1f5ef_fe0f,emoji_migration,Existing stock-emoji replacement,🗯️,256x256,yes,4,inventory,uses=8; files=4; semantic_name=right_anger_bubble__variation_selector-16; top_files=bonds.gd×3; new_careers.gd×2; actions.gd×2
emoji_1f68c,emoji_migration,Existing stock-emoji replacement,🚌,256x256,yes,4,inventory,uses=8; files=7; semantic_name=bus; top_files=careers.gd×2; transit.gd×1; school.json×1
emoji_1f9f1,emoji_migration,Existing stock-emoji replacement,🧱,256x256,yes,4,inventory,uses=8; files=7; semantic_name=brick; top_files=prison.gd×2; grit.gd×1; achievements.json×1
emoji_1f40d,emoji_migration,Existing stock-emoji replacement,🐍,256x256,yes,4,inventory,uses=8; files=4; semantic_name=snake; top_files=lives.gd×4; empires.gd×2; grit.gd×1
emoji_1f9d1_200d_1f3eb,emoji_migration,Existing stock-emoji replacement,🧑‍🏫,256x256,yes,4,inventory,uses=8; files=3; semantic_name=adult__zero_width_joiner__school; top_files=daily.gd×4; bonds.gd×2; prison.gd×2
emoji_1f50d,emoji_migration,Existing stock-emoji replacement,🔍,256x256,yes,4,inventory,uses=8; files=7; semantic_name=left-pointing_magnifying_glass; top_files=prison.gd×2; finance.gd×1; pets.json×1
emoji_1f4be,emoji_migration,Existing stock-emoji replacement,💾,256x256,yes,4,inventory,uses=7; files=2; semantic_name=floppy_disk; top_files=main.gd×6; slot_panels.gd×1
emoji_1fa84,emoji_migration,Existing stock-emoji replacement,🪄,256x256,yes,4,inventory,uses=7; files=4; semantic_name=magic_wand; top_files=lives.gd×4; vfx.gd×1; goals.gd×1
emoji_2699_fe0f,emoji_migration,Existing stock-emoji replacement,⚙️,256x256,yes,4,inventory,uses=7; files=3; semantic_name=gear__variation_selector-16; top_files=main.gd×5; majors.json×1; jobs.json×1
emoji_1f4a3,emoji_migration,Existing stock-emoji replacement,💣,256x256,yes,4,inventory,uses=7; files=5; semantic_name=bomb; top_files=lives.gd×3; main.gd×1; mg_minefield.gd×1
emoji_1f4b2,emoji_migration,Existing stock-emoji replacement,💲,256x256,yes,4,inventory,uses=7; files=3; semantic_name=heavy_dollar_sign; top_files=main.gd×3; finance.gd×2; shop.gd×2
emoji_1f9f0,emoji_migration,Existing stock-emoji replacement,🧰,256x256,yes,4,inventory,uses=7; files=4; semantic_name=toolbox; top_files=expansion.gd×3; prison.gd×2; main.gd×1
emoji_1f475,emoji_migration,Existing stock-emoji replacement,👵,256x256,yes,4,inventory,uses=7; files=7; semantic_name=older_woman; top_files=ui_kit.gd×1; mg_pickpocket.gd×1; achievements.json×1
emoji_1f490,emoji_migration,Existing stock-emoji replacement,💐,256x256,yes,4,inventory,uses=7; files=3; semantic_name=bouquet; top_files=bonds.gd×5; graveyard_view.gd×1; family.json×1
emoji_25c0,emoji_migration,Existing stock-emoji replacement,◀,256x256,yes,4,inventory,uses=7; files=6; semantic_name=black_left-pointing_triangle; top_files=mg_safecrack.gd×2; mg_road.gd×1; mg_pet_pounce.gd×1
emoji_1f442,emoji_migration,Existing stock-emoji replacement,👂,256x256,yes,4,inventory,uses=7; files=7; semantic_name=ear; top_files=mg_pr_standoff.gd×1; care.gd×1; grit.gd×1
emoji_1f440,emoji_migration,Existing stock-emoji replacement,👀,256x256,yes,4,inventory,uses=7; files=5; semantic_name=eyes; top_files=mg_pet_sneak.gd×2; prison.gd×2; mg_pickpocket.gd×1
emoji_1f9d1_200d_1f4bc,emoji_migration,Existing stock-emoji replacement,🧑‍💼,256x256,yes,4,inventory,uses=7; files=4; semantic_name=adult__zero_width_joiner__briefcase; top_files=bonds.gd×3; empires.gd×2; mg_debate.gd×1
emoji_2b05,emoji_migration,Existing stock-emoji replacement,⬅,256x256,yes,4,inventory,uses=7; files=7; semantic_name=leftwards_black_arrow; top_files=mg_runway.gd×1; mg_docking.gd×1; mg_escape.gd×1
emoji_27a1,emoji_migration,Existing stock-emoji replacement,➡,256x256,yes,4,inventory,uses=7; files=7; semantic_name=black_rightwards_arrow; top_files=mg_runway.gd×1; mg_docking.gd×1; mg_escape.gd×1
emoji_1f484,emoji_migration,Existing stock-emoji replacement,💄,256x256,yes,4,inventory,uses=7; files=4; semantic_name=lipstick; top_files=undeath.gd×3; lives.gd×2; mg_potion.gd×1
emoji_1f513,emoji_migration,Existing stock-emoji replacement,🔓,256x256,yes,4,inventory,uses=7; files=5; semantic_name=open_lock; top_files=game_state.gd×2; actions.gd×2; mg_safecrack.gd×1
emoji_1f9e9,emoji_migration,Existing stock-emoji replacement,🧩,256x256,yes,4,inventory,uses=7; files=4; semantic_name=jigsaw_puzzle_piece; top_files=ambition.gd×4; mg_evidence.gd×1; minigames.gd×1
emoji_1f45f,emoji_migration,Existing stock-emoji replacement,👟,256x256,yes,4,inventory,uses=7; files=6; semantic_name=athletic_shoe; top_files=careers.gd×2; mg_pr_shakedown.gd×1; finance.gd×1
emoji_1f4fa,emoji_migration,Existing stock-emoji replacement,📺,256x256,yes,4,inventory,uses=7; files=7; semantic_name=television; top_files=mg_pr_shakedown.gd×1; mg_burglary.gd×1; finance.gd×1
emoji_1f3a1,emoji_migration,Existing stock-emoji replacement,🎡,256x256,yes,4,inventory,uses=7; files=4; semantic_name=ferris_wheel; top_files=daily.gd×3; minigames.gd×2; mg_g_wheel.gd×1
emoji_1f3c0,emoji_migration,Existing stock-emoji replacement,🏀,256x256,yes,4,inventory,uses=7; files=7; semantic_name=basketball_and_hoop; top_files=mg_clutch.gd×1; world.gd×1; social.gd×1
emoji_1f34b,emoji_migration,Existing stock-emoji replacement,🍋,256x256,yes,4,inventory,uses=7; files=4; semantic_name=lemon; top_files=mg_g_slots.gd×3; daily.gd×2; more.json×1
emoji_1f3df_fe0f,emoji_migration,Existing stock-emoji replacement,🏟️,256x256,yes,4,inventory,uses=7; files=5; semantic_name=stadium__variation_selector-16; top_files=achievements.json×2; v08.json×2; world.gd×1
emoji_1f3f7_fe0f,emoji_migration,Existing stock-emoji replacement,🏷️,256x256,yes,4,inventory,uses=7; files=3; semantic_name=label__variation_selector-16; top_files=new_careers.gd×3; careers.gd×3; v07.json×1
emoji_1f37b,emoji_migration,Existing stock-emoji replacement,🍻,256x256,yes,4,inventory,uses=7; files=5; semantic_name=clinking_beer_mugs; top_files=daily.gd×2; expansion.gd×2; bonds.gd×1
emoji_1f377,emoji_migration,Existing stock-emoji replacement,🍷,256x256,yes,4,inventory,uses=7; files=5; semantic_name=wine_glass; top_files=daily.gd×2; actions.gd×2; bonds.gd×1
emoji_1f3cd_fe0f,emoji_migration,Existing stock-emoji replacement,🏍️,256x256,yes,4,inventory,uses=7; files=4; semantic_name=racing_motorcycle__variation_selector-16; top_files=shop.gd×3; empires.gd×2; law.gd×1
emoji_1f93f,emoji_migration,Existing stock-emoji replacement,🤿,256x256,yes,4,inventory,uses=7; files=5; semantic_name=diving_mask; top_files=empires.gd×3; law.gd×1; actions.gd×1
emoji_26b0_fe0f,emoji_migration,Existing stock-emoji replacement,⚰️,256x256,yes,4,inventory,uses=7; files=5; semantic_name=coffin__variation_selector-16; top_files=lives.gd×2; undeath.gd×2; lives.json×1
emoji_1fa7b,emoji_migration,Existing stock-emoji replacement,🩻,256x256,yes,4,inventory,uses=7; files=5; semantic_name=x-ray; top_files=ambition.gd×3; daily.gd×1; expansion.gd×1
emoji_1f6f8,emoji_migration,Existing stock-emoji replacement,🛸,256x256,yes,4,inventory,uses=7; files=4; semantic_name=flying_saucer; top_files=shop.gd×3; prison_life.json×2; daily.gd×1
emoji_1f9fa,emoji_migration,Existing stock-emoji replacement,🧺,256x256,yes,4,inventory,uses=7; files=5; semantic_name=basket; top_files=empires.gd×2; actions.gd×2; daily.gd×1
emoji_1f3f9,emoji_migration,Existing stock-emoji replacement,🏹,256x256,yes,4,inventory,uses=7; files=3; semantic_name=bow_and_arrow; top_files=undeath.gd×4; empires.gd×2; shop.gd×1
emoji_1f6ac,emoji_migration,Existing stock-emoji replacement,🚬,256x256,yes,4,inventory,uses=7; files=2; semantic_name=smoking_symbol; top_files=prison.gd×6; everyday.json×1
emoji_1faa6,emoji_migration,Existing stock-emoji replacement,🪦,256x256,yes,4,inventory,uses=6; files=2; semantic_name=headstone; top_files=main.gd×5; slot_panels.gd×1
emoji_1f45c,emoji_migration,Existing stock-emoji replacement,👜,256x256,yes,4,inventory,uses=6; files=5; semantic_name=handbag; top_files=new_careers.gd×2; empire_panels.gd×1; empires.gd×1
emoji_1f4d3,emoji_migration,Existing stock-emoji replacement,📓,256x256,yes,4,inventory,uses=6; files=4; semantic_name=notebook; top_files=empires.gd×2; achievements.json×2; empire_panels.gd×1
emoji_1f940,emoji_migration,Existing stock-emoji replacement,🥀,256x256,yes,4,inventory,uses=6; files=4; semantic_name=wilted_flower; top_files=vfx.gd×2; bonds.gd×2; mg_potion.gd×1
emoji_1f987,emoji_migration,Existing stock-emoji replacement,🦇,256x256,yes,4,inventory,uses=6; files=6; semantic_name=bat; top_files=vfx.gd×1; tombstone.gd×1; mg_infiltrate.gd×1
emoji_1f50e,emoji_migration,Existing stock-emoji replacement,🔎,256x256,yes,4,inventory,uses=6; files=3; semantic_name=right-pointing_magnifying_glass; top_files=main.gd×3; ambition.gd×2; prison_life.json×1
emoji_1f380,emoji_migration,Existing stock-emoji replacement,🎀,256x256,yes,4,inventory,uses=6; files=3; semantic_name=ribbon; top_files=achievements.json×3; main.gd×2; pets.json×1
emoji_1f4c1,emoji_migration,Existing stock-emoji replacement,📁,256x256,yes,4,inventory,uses=6; files=4; semantic_name=file_folder; top_files=mg_infiltrate.gd×3; main.gd×1; minigames.gd×1
emoji_1f4f7,emoji_migration,Existing stock-emoji replacement,📷,256x256,yes,4,inventory,uses=6; files=6; semantic_name=camera; top_files=main.gd×1; goals.gd×1; careers.gd×1
emoji_1f528,emoji_migration,Existing stock-emoji replacement,🔨,256x256,yes,4,inventory,uses=6; files=5; semantic_name=hammer; top_files=expansion.gd×2; main.gd×1; wanted.gd×1
emoji_1f3b5,emoji_migration,Existing stock-emoji replacement,🎵,256x256,yes,4,inventory,uses=6; files=5; semantic_name=musical_note; top_files=mg_rhythm.gd×2; main.gd×1; bonds.gd×1
emoji_1f932,emoji_migration,Existing stock-emoji replacement,🤲,256x256,yes,4,inventory,uses=6; files=4; semantic_name=palms_up_together; top_files=world.gd×2; game_state.gd×2; lives_panels.gd×1
emoji_1f1fa,emoji_migration,Existing stock-emoji replacement,🇺,256x256,yes,4,inventory,uses=6; files=3; semantic_name=regional_indicator_symbol_letter_u; top_files=world.gd×3; countries.json×2; lives_panels.gd×1
emoji_1f1f3,emoji_migration,Existing stock-emoji replacement,🇳,256x256,yes,4,inventory,uses=6; files=3; semantic_name=regional_indicator_symbol_letter_n; top_files=world.gd×3; countries.json×2; lives_panels.gd×1
emoji_1f99c,emoji_migration,Existing stock-emoji replacement,🦜,256x256,yes,4,inventory,uses=6; files=5; semantic_name=parrot; top_files=pets.gd×2; ui_kit.gd×1; companions.gd×1
emoji_1f988,emoji_migration,Existing stock-emoji replacement,🦈,256x256,yes,4,inventory,uses=6; files=3; semantic_name=shark; top_files=mg_debate.gd×2; lending.gd×2; empires.gd×2
emoji_1f4a8,emoji_migration,Existing stock-emoji replacement,💨,256x256,yes,4,inventory,uses=6; files=6; semantic_name=dash_symbol; top_files=mg_pet_pounce.gd×1; mg_g_slots.gd×1; grit.gd×1
emoji_23f0,emoji_migration,Existing stock-emoji replacement,⏰,256x256,yes,4,inventory,uses=6; files=5; semantic_name=alarm_clock; top_files=achievements.json×2; mg_runway.gd×1; mg_infiltrate.gd×1
emoji_1f6a9,emoji_migration,Existing stock-emoji replacement,🚩,256x256,yes,4,inventory,uses=6; files=3; semantic_name=triangular_flag_on_post; top_files=careers.gd×3; mg_minefield.gd×2; minigames.gd×1
emoji_1f3c8,emoji_migration,Existing stock-emoji replacement,🏈,256x256,yes,4,inventory,uses=6; files=5; semantic_name=american_football; top_files=daily.gd×2; mg_clutch.gd×1; world.gd×1
emoji_2744_fe0f,emoji_migration,Existing stock-emoji replacement,❄️,256x256,yes,4,inventory,uses=6; files=5; semantic_name=snowflake__variation_selector-16; top_files=pets.json×2; climate.gd×1; places.gd×1
emoji_1f9ae,emoji_migration,Existing stock-emoji replacement,🦮,256x256,yes,4,inventory,uses=6; files=5; semantic_name=guide_dog; top_files=bonds.gd×2; pets.gd×1; jobs.json×1
emoji_1f407,emoji_migration,Existing stock-emoji replacement,🐇,256x256,yes,4,inventory,uses=6; files=5; semantic_name=rabbit; top_files=pets.gd×2; companions.gd×1; empires.gd×1
emoji_1f9f2,emoji_migration,Existing stock-emoji replacement,🧲,256x256,yes,4,inventory,uses=6; files=3; semantic_name=magnet; top_files=shop.gd×4; pets.gd×1; empires.json×1
emoji_1f420,emoji_migration,Existing stock-emoji replacement,🐠,256x256,yes,4,inventory,uses=6; files=4; semantic_name=tropical_fish; top_files=empires.gd×3; companions.gd×1; daily.gd×1
emoji_1f457,emoji_migration,Existing stock-emoji replacement,👗,256x256,yes,4,inventory,uses=6; files=5; semantic_name=dress; top_files=social.gd×2; bonds.gd×1; empires.gd×1
emoji_1f552,emoji_migration,Existing stock-emoji replacement,🕒,256x256,yes,4,inventory,uses=6; files=2; semantic_name=clock_face_three_oclock; top_files=bonds.gd×3; actions.gd×3
emoji_1f58b_fe0f,emoji_migration,Existing stock-emoji replacement,🖋️,256x256,yes,4,inventory,uses=6; files=3; semantic_name=lower_left_fountain_pen__variation_selector-16; top_files=bonds.gd×3; prison.gd×2; prison_life.json×1
emoji_1f4d0,emoji_migration,Existing stock-emoji replacement,📐,256x256,yes,4,inventory,uses=6; files=5; semantic_name=triangular_ruler; top_files=bonds.gd×2; social.gd×1; units.gd×1
emoji_1f9d1_200d_1f91d_200d_1f9d1,emoji_migration,Existing stock-emoji replacement,🧑‍🤝‍🧑,256x256,yes,4,inventory,uses=6; files=4; semantic_name=adult__zero_width_joiner__handshake__zero_width_joiner__adult; top_files=tenancy.gd×2; dealer.gd×2; echoes.json×1
emoji_1f4e8,emoji_migration,Existing stock-emoji replacement,📨,256x256,yes,4,inventory,uses=6; files=5; semantic_name=incoming_envelope; top_files=prison.gd×2; market.gd×1; v08.json×1
emoji_1f305,emoji_migration,Existing stock-emoji replacement,🌅,256x256,yes,4,inventory,uses=6; files=6; semantic_name=sunrise; top_files=social.gd×1; lives.gd×1; achievements.json×1
emoji_1fac0,emoji_migration,Existing stock-emoji replacement,🫀,256x256,yes,4,inventory,uses=6; files=5; semantic_name=anatomical_heart; top_files=ambition.gd×2; body.gd×1; decline.gd×1
emoji_1f517,emoji_migration,Existing stock-emoji replacement,🔗,256x256,yes,4,inventory,uses=6; files=3; semantic_name=link_symbol; top_files=prison.gd×4; achievements.json×1; prison_life.json×1
emoji_270f_fe0f,emoji_migration,Existing stock-emoji replacement,✏️,256x256,yes,4,inventory,uses=5; files=4; semantic_name=pencil__variation_selector-16; top_files=bonds.gd×2; slot_panels.gd×1; main.gd×1
emoji_1f9d1_200d_1f33e,emoji_migration,Existing stock-emoji replacement,🧑‍🌾,256x256,yes,4,inventory,uses=5; files=3; semantic_name=adult__zero_width_joiner__ear_of_rice; top_files=empire_panels.gd×2; empires.gd×2; main.gd×1
emoji_1f3de_fe0f,emoji_migration,Existing stock-emoji replacement,🏞️,256x256,yes,4,inventory,uses=5; files=3; semantic_name=national_park__variation_selector-16; top_files=empire_panels.gd×2; empires.gd×2; pets.json×1
emoji_1f388,emoji_migration,Existing stock-emoji replacement,🎈,256x256,yes,4,inventory,uses=5; files=5; semantic_name=balloon; top_files=empire_panels.gd×1; vfx.gd×1; empires.gd×1
emoji_2605,emoji_migration,Existing stock-emoji replacement,★,256x256,yes,4,inventory,uses=5; files=5; semantic_name=black_star; top_files=empire_panels.gd×1; main.gd×1; mg_g_horses.gd×1
emoji_1f5d3_fe0f,emoji_migration,Existing stock-emoji replacement,🗓️,256x256,yes,4,inventory,uses=5; files=4; semantic_name=spiral_calendar_pad__variation_selector-16; top_files=main.gd×2; seeded.gd×1; achievements.json×1
emoji_1fa7c,emoji_migration,Existing stock-emoji replacement,🩼,256x256,yes,4,inventory,uses=5; files=4; semantic_name=crutch; top_files=expansion.gd×2; main.gd×1; actions.gd×1
emoji_1f454,emoji_migration,Existing stock-emoji replacement,👔,256x256,yes,4,inventory,uses=5; files=5; semantic_name=necktie; top_files=main.gd×1; actions.gd×1; shop.gd×1
emoji_1f4ed,emoji_migration,Existing stock-emoji replacement,📭,256x256,yes,4,inventory,uses=5; files=3; semantic_name=open_mailbox_with_lowered_flag; top_files=main.gd×3; market.gd×1; actions.gd×1
emoji_1f9f9,emoji_migration,Existing stock-emoji replacement,🧹,256x256,yes,4,inventory,uses=5; files=4; semantic_name=broom; top_files=undeath.gd×2; main.gd×1; jobs.json×1
emoji_2693,emoji_migration,Existing stock-emoji replacement,⚓,256x256,yes,4,inventory,uses=5; files=4; semantic_name=anchor; top_files=v07.json×2; tombstone.gd×1; world.gd×1
emoji_1f357,emoji_migration,Existing stock-emoji replacement,🍗,256x256,yes,4,inventory,uses=5; files=5; semantic_name=poultry_leg; top_files=mg_pet_sneak.gd×1; pets.gd×1; minigames.gd×1
emoji_1f9d0,emoji_migration,Existing stock-emoji replacement,🧐,256x256,yes,4,inventory,uses=5; files=3; semantic_name=face_with_monocle; top_files=mg_debate.gd×3; pets.gd×1; real.json×1
emoji_1f64f,emoji_migration,Existing stock-emoji replacement,🙏,256x256,yes,4,inventory,uses=5; files=4; semantic_name=person_with_folded_hands; top_files=daily.gd×2; mg_debate.gd×1; bonds.gd×1
emoji_1f610,emoji_migration,Existing stock-emoji replacement,😐,256x256,yes,4,inventory,uses=5; files=3; semantic_name=neutral_face; top_files=game_state.gd×2; prison.gd×2; mg_debate.gd×1
emoji_1f630,emoji_migration,Existing stock-emoji replacement,😰,256x256,yes,4,inventory,uses=5; files=5; semantic_name=face_with_open_mouth_and_cold_sweat; top_files=mg_debate.gd×1; expansion.gd×1; traits.json×1
emoji_1f3c7,emoji_migration,Existing stock-emoji replacement,🏇,256x256,yes,4,inventory,uses=5; files=3; semantic_name=horse_racing; top_files=mg_g_horses.gd×2; daily.gd×2; minigames.gd×1
emoji_1f42d,emoji_migration,Existing stock-emoji replacement,🐭,256x256,yes,4,inventory,uses=5; files=3; semantic_name=mouse_face; top_files=mg_pet_pounce.gd×3; pets.gd×1; minigames.gd×1
emoji_2620_fe0f,emoji_migration,Existing stock-emoji replacement,☠️,256x256,yes,4,inventory,uses=5; files=3; semantic_name=skull_and_crossbones__variation_selector-16; top_files=lives.gd×3; mg_potion.gd×1; achievements.json×1
emoji_2615,emoji_migration,Existing stock-emoji replacement,☕,256x256,yes,4,inventory,uses=5; files=5; semantic_name=hot_beverage; top_files=mg_pr_shakedown.gd×1; workplace.gd×1; jobs.json×1
emoji_1f443,emoji_migration,Existing stock-emoji replacement,👃,256x256,yes,4,inventory,uses=5; files=4; semantic_name=nose; top_files=pets.gd×2; mg_pet_scent.gd×1; minigames.gd×1
emoji_1f3c1,emoji_migration,Existing stock-emoji replacement,🏁,256x256,yes,4,inventory,uses=5; files=4; semantic_name=chequered_flag; top_files=pets.gd×2; mg_minefield.gd×1; more.json×1
emoji_26be,emoji_migration,Existing stock-emoji replacement,⚾,256x256,yes,4,inventory,uses=5; files=5; semantic_name=baseball; top_files=mg_clutch.gd×1; world.gd×1; daily.gd×1
emoji_1f9f5,emoji_migration,Existing stock-emoji replacement,🧵,256x256,yes,4,inventory,uses=5; files=4; semantic_name=spool_of_thread; top_files=life_threads.gd×2; goals.gd×1; social.gd×1
emoji_1f4bf,emoji_migration,Existing stock-emoji replacement,💿,256x256,yes,4,inventory,uses=5; files=4; semantic_name=optical_disc; top_files=careers.gd×2; goals.gd×1; empires.gd×1
emoji_1f33e,emoji_migration,Existing stock-emoji replacement,🌾,256x256,yes,4,inventory,uses=5; files=4; semantic_name=ear_of_rice; top_files=pets.gd×2; climate.gd×1; finance.gd×1
emoji_1f40e,emoji_migration,Existing stock-emoji replacement,🐎,256x256,yes,4,inventory,uses=5; files=3; semantic_name=horse; top_files=pets.gd×2; daily.gd×2; achievements.json×1
emoji_1f644,emoji_migration,Existing stock-emoji replacement,🙄,256x256,yes,4,inventory,uses=5; files=4; semantic_name=face_with_rolling_eyes; top_files=bonds.gd×2; pets.gd×1; work.json×1
emoji_1f9a0,emoji_migration,Existing stock-emoji replacement,🦠,256x256,yes,4,inventory,uses=5; files=4; semantic_name=microbe; top_files=twists.json×2; world.gd×1; lives.json×1
emoji_1f916,emoji_migration,Existing stock-emoji replacement,🤖,256x256,yes,4,inventory,uses=5; files=5; semantic_name=robot_face; top_files=world.gd×1; daily.gd×1; lives.json×1
emoji_1f453,emoji_migration,Existing stock-emoji replacement,👓,256x256,yes,4,inventory,uses=5; files=2; semantic_name=eyeglasses; top_files=daily.gd×3; care.gd×2
emoji_1f6cc,emoji_migration,Existing stock-emoji replacement,🛌,256x256,yes,4,inventory,uses=5; files=4; semantic_name=sleeping_accommodation; top_files=new_careers.gd×2; body.gd×1; achievements.json×1
emoji_1fac1,emoji_migration,Existing stock-emoji replacement,🫁,256x256,yes,4,inventory,uses=5; files=3; semantic_name=lungs; top_files=expansion.gd×3; grit.gd×1; v07.json×1
emoji_1f35d,emoji_migration,Existing stock-emoji replacement,🍝,256x256,yes,4,inventory,uses=5; files=5; semantic_name=spaghetti; top_files=bonds.gd×1; daily.gd×1; family.json×1
emoji_1f4e2,emoji_migration,Existing stock-emoji replacement,📢,256x256,yes,4,inventory,uses=5; files=3; semantic_name=public_address_loudspeaker; top_files=bonds.gd×2; empires.gd×2; empires.json×1
emoji_2702_fe0f,emoji_migration,Existing stock-emoji replacement,✂️,256x256,yes,4,inventory,uses=5; files=2; semantic_name=black_scissors__variation_selector-16; top_files=bonds.gd×4; prison_life.json×1
emoji_1f93c,emoji_migration,Existing stock-emoji replacement,🤼,256x256,yes,4,inventory,uses=5; files=3; semantic_name=wrestlers; top_files=bonds.gd×2; daily.gd×2; fights.gd×1
emoji_1f91e,emoji_migration,Existing stock-emoji replacement,🤞,256x256,yes,4,inventory,uses=5; files=2; semantic_name=hand_with_index_and_middle_fingers_crossed; top_files=bonds.gd×3; actions.gd×2
emoji_1f6c1,emoji_migration,Existing stock-emoji replacement,🛁,256x256,yes,4,inventory,uses=5; files=3; semantic_name=bathtub; top_files=bonds.gd×3; expansion.gd×1; everyday.json×1
emoji_1f392,emoji_migration,Existing stock-emoji replacement,🎒,256x256,yes,4,inventory,uses=5; files=4; semantic_name=school_satchel; top_files=shop.gd×2; bonds.gd×1; daily.gd×1
emoji_1f468_200d_1f373,emoji_migration,Existing stock-emoji replacement,👨‍🍳,256x256,yes,4,inventory,uses=5; files=5; semantic_name=man__zero_width_joiner__cooking; top_files=social.gd×1; majors.json×1; jobs.json×1
emoji_1f3a9,emoji_migration,Existing stock-emoji replacement,🎩,256x256,yes,4,inventory,uses=5; files=4; semantic_name=top_hat; top_files=expansion.gd×2; social.gd×1; achievements.json×1
emoji_1f692,emoji_migration,Existing stock-emoji replacement,🚒,256x256,yes,4,inventory,uses=5; files=3; semantic_name=fire_engine; top_files=lives.gd×3; jobs.json×1; connections.json×1
emoji_1f3f0,emoji_migration,Existing stock-emoji replacement,🏰,256x256,yes,4,inventory,uses=5; files=4; semantic_name=european_castle; top_files=lives.gd×2; achievements.json×1; twists.json×1
emoji_1f957,emoji_migration,Existing stock-emoji replacement,🥗,256x256,yes,4,inventory,uses=5; files=4; semantic_name=green_salad; top_files=daily.gd×2; keeping.gd×1; actions.gd×1
emoji_1f9ca,emoji_migration,Existing stock-emoji replacement,🧊,256x256,yes,4,inventory,uses=5; files=2; semantic_name=ice_cube; top_files=ambition.gd×4; prison.gd×1
emoji_1f487,emoji_migration,Existing stock-emoji replacement,💇,256x256,yes,4,inventory,uses=5; files=4; semantic_name=haircut; top_files=daily.gd×2; items.gd×1; actions.gd×1
emoji_1fa95,emoji_migration,Existing stock-emoji replacement,🪕,256x256,yes,4,inventory,uses=5; files=2; semantic_name=banjo; top_files=careers.gd×4; shop.gd×1
emoji_1f52b,emoji_migration,Existing stock-emoji replacement,🔫,256x256,yes,4,inventory,uses=5; files=4; semantic_name=pistol; top_files=careers.gd×2; dealer.gd×1; shop.gd×1
emoji_1fa91,emoji_migration,Existing stock-emoji replacement,🪑,256x256,yes,4,inventory,uses=5; files=3; semantic_name=chair; top_files=prison.gd×2; prison_life.json×2; empires.gd×1
emoji_1f32a_fe0f,emoji_migration,Existing stock-emoji replacement,🌪️,256x256,yes,4,inventory,uses=5; files=5; semantic_name=cloud_with_tornado__variation_selector-16; top_files=expansion.gd×1; places.gd×1; lives.json×1
emoji_1f702,emoji_migration,Existing stock-emoji replacement,🜂,256x256,yes,4,inventory,uses=5; files=1; semantic_name=alchemical_symbol_for_fire; top_files=undeath.gd×5
emoji_1f9bf,emoji_migration,Existing stock-emoji replacement,🦿,256x256,yes,4,inventory,uses=5; files=1; semantic_name=mechanical_leg; top_files=undeath.gd×5
emoji_2606,emoji_migration,Existing stock-emoji replacement,☆,256x256,yes,4,inventory,uses=4; files=4; semantic_name=white_star; top_files=slot_panels.gd×1; main.gd×1; mg_haggle.gd×1
emoji_1f5d1_fe0f,emoji_migration,Existing stock-emoji replacement,🗑️,256x256,yes,4,inventory,uses=4; files=3; semantic_name=wastebasket__variation_selector-16; top_files=social.gd×2; slot_panels.gd×1; pets.gd×1
emoji_1f339,emoji_migration,Existing stock-emoji replacement,🌹,256x256,yes,4,inventory,uses=4; files=4; semantic_name=rose; top_files=vfx.gd×1; mg_potion.gd×1; social.gd×1
emoji_1f912,emoji_migration,Existing stock-emoji replacement,🤒,256x256,yes,4,inventory,uses=4; files=3; semantic_name=face_with_thermometer; top_files=main.gd×2; pets.gd×1; expansion.gd×1
emoji_2764_fe0f_200d_1fa79,emoji_migration,Existing stock-emoji replacement,❤️‍🩹,256x256,yes,4,inventory,uses=4; files=4; semantic_name=heavy_black_heart__variation_selector-16__zero_width_joiner__adhesive_bandage; top_files=main.gd×1; grit.gd×1; life_threads.gd×1
emoji_1f4a2,emoji_migration,Existing stock-emoji replacement,💢,256x256,yes,4,inventory,uses=4; files=4; semantic_name=anger_symbol; top_files=main.gd×1; mg_debate.gd×1; npc_world.gd×1
emoji_1f354,emoji_migration,Existing stock-emoji replacement,🍔,256x256,yes,4,inventory,uses=4; files=3; semantic_name=hamburger; top_files=main.gd×2; daily.gd×1; everyday.json×1
emoji_1f4d8,emoji_migration,Existing stock-emoji replacement,📘,256x256,yes,4,inventory,uses=4; files=4; semantic_name=blue_book; top_files=main.gd×1; shop.gd×1; fame.json×1
emoji_1f534,emoji_migration,Existing stock-emoji replacement,🔴,256x256,yes,4,inventory,uses=4; files=3; semantic_name=large_red_circle; top_files=main.gd×2; daily.gd×1; careers.gd×1
emoji_1f699,emoji_migration,Existing stock-emoji replacement,🚙,256x256,yes,4,inventory,uses=4; files=4; semantic_name=recreational_vehicle; top_files=main.gd×1; expansion.gd×1; more.json×1
emoji_2b06_fe0f,emoji_migration,Existing stock-emoji replacement,⬆️,256x256,yes,4,inventory,uses=4; files=4; semantic_name=upwards_black_arrow__variation_selector-16; top_files=main.gd×1; daily.gd×1; expansion.gd×1
emoji_2601_fe0f,emoji_migration,Existing stock-emoji replacement,☁️,256x256,yes,4,inventory,uses=4; files=3; semantic_name=cloud__variation_selector-16; top_files=prison.gd×2; ui_kit.gd×1; pets.gd×1
emoji_1f467,emoji_migration,Existing stock-emoji replacement,👧,256x256,yes,4,inventory,uses=4; files=4; semantic_name=girl; top_files=ui_kit.gd×1; twists.json×1; empires.json×1
emoji_1f535,emoji_migration,Existing stock-emoji replacement,🔵,256x256,yes,4,inventory,uses=4; files=3; semantic_name=large_blue_circle; top_files=mg_g_plinko.gd×2; minigames.gd×1; daily.gd×1
emoji_1f647,emoji_migration,Existing stock-emoji replacement,🙇,256x256,yes,4,inventory,uses=4; files=2; semantic_name=person_bowing_deeply; top_files=bonds.gd×3; mg_runway.gd×1
emoji_1f933,emoji_migration,Existing stock-emoji replacement,🤳,256x256,yes,4,inventory,uses=4; files=4; semantic_name=selfie; top_files=mg_runway.gd×1; social.gd×1; everyday.json×1
emoji_1f0a0,emoji_migration,Existing stock-emoji replacement,🂠,256x256,yes,4,inventory,uses=4; files=4; semantic_name=playing_card_back; top_files=mg_blackjack.gd×1; mg_g_highlow.gd×1; minigames.gd×1
emoji_1f631,emoji_migration,Existing stock-emoji replacement,😱,256x256,yes,4,inventory,uses=4; files=4; semantic_name=face_screaming_in_fear; top_files=mg_escape.gd×1; mg_burglary.gd×1; mg_infiltrate.gd×1
emoji_1f4fb,emoji_migration,Existing stock-emoji replacement,📻,256x256,yes,4,inventory,uses=4; files=4; semantic_name=radio; top_files=mg_pr_shakedown.gd×1; mg_minefield.gd×1; actions.gd×1
emoji_1f96b,emoji_migration,Existing stock-emoji replacement,🥫,256x256,yes,4,inventory,uses=4; files=3; semantic_name=canned_food; top_files=pets.gd×2; mg_pr_shakedown.gd×1; v07.json×1
emoji_1f602,emoji_migration,Existing stock-emoji replacement,😂,256x256,yes,4,inventory,uses=4; files=4; semantic_name=face_with_tears_of_joy; top_files=mg_audition.gd×1; social.gd×1; daily.gd×1
emoji_1f5ff,emoji_migration,Existing stock-emoji replacement,🗿,256x256,yes,4,inventory,uses=4; files=4; semantic_name=moyai; top_files=goals.gd×1; daily.gd×1; finance.gd×1
emoji_1f3bb,emoji_migration,Existing stock-emoji replacement,🎻,256x256,yes,4,inventory,uses=4; files=4; semantic_name=violin; top_files=goals.gd×1; social.gd×1; empires.gd×1
emoji_1f327_fe0f,emoji_migration,Existing stock-emoji replacement,🌧️,256x256,yes,4,inventory,uses=4; files=4; semantic_name=cloud_with_rain__variation_selector-16; top_files=climate.gd×1; expansion.gd×1; pets.json×1
emoji_1f608,emoji_migration,Existing stock-emoji replacement,😈,256x256,yes,4,inventory,uses=4; files=2; semantic_name=smiling_face_with_horns; top_files=pets.gd×2; achievements.json×2
emoji_1f938,emoji_migration,Existing stock-emoji replacement,🤸,256x256,yes,4,inventory,uses=4; files=3; semantic_name=person_doing_cartwheel; top_files=actions.gd×2; care.gd×1; social.gd×1
emoji_26fa,emoji_migration,Existing stock-emoji replacement,⛺,256x256,yes,4,inventory,uses=4; files=3; semantic_name=tent; top_files=new_careers.gd×2; shop.gd×1; everyday.json×1
emoji_1f9af,emoji_migration,Existing stock-emoji replacement,🦯,256x256,yes,4,inventory,uses=4; files=4; semantic_name=probing_cane; top_files=grit.gd×1; everyday.json×1; workbody.json×1
emoji_1f64c,emoji_migration,Existing stock-emoji replacement,🙌,256x256,yes,4,inventory,uses=4; files=1; semantic_name=person_raising_both_hands_in_celebration; top_files=bonds.gd×4
emoji_1f96a,emoji_migration,Existing stock-emoji replacement,🥪,256x256,yes,4,inventory,uses=4; files=1; semantic_name=sandwich; top_files=bonds.gd×4
emoji_1f468_200d_1f469_200d_1f467_200d_1f466,emoji_migration,Existing stock-emoji replacement,👨‍👩‍👧‍👦,256x256,yes,4,inventory,uses=4; files=3; semantic_name=man__zero_width_joiner__woman__zero_width_joiner__girl__zero_width_joiner__boy; top_files=game_state.gd×2; challenges.json×1; achievements.json×1
emoji_1f311,emoji_migration,Existing stock-emoji replacement,🌑,256x256,yes,4,inventory,uses=4; files=3; semantic_name=new_moon_symbol; top_files=game_state.gd×2; decline.gd×1; prison.gd×1
emoji_1f3c4,emoji_migration,Existing stock-emoji replacement,🏄,256x256,yes,4,inventory,uses=4; files=2; semantic_name=surfer; top_files=shop.gd×3; social.gd×1
emoji_2714_fe0f,emoji_migration,Existing stock-emoji replacement,✔️,256x256,yes,4,inventory,uses=4; files=1; semantic_name=heavy_check_mark__variation_selector-16; top_files=social.gd×4
emoji_1f985,emoji_migration,Existing stock-emoji replacement,🦅,256x256,yes,4,inventory,uses=4; files=4; semantic_name=eagle; top_files=lives.gd×1; empires.gd×1; connections.json×1
emoji_1f312,emoji_migration,Existing stock-emoji replacement,🌒,256x256,yes,4,inventory,uses=4; files=1; semantic_name=waxing_crescent_moon_symbol; top_files=lives.gd×4
emoji_1f6df,emoji_migration,Existing stock-emoji replacement,🛟,256x256,yes,4,inventory,uses=4; files=4; semantic_name=ring_buoy; top_files=ambition.gd×1; jobs.json×1; pets.json×1
emoji_1f485,emoji_migration,Existing stock-emoji replacement,💅,256x256,yes,4,inventory,uses=4; files=3; semantic_name=nail_polish; top_files=daily.gd×2; actions.gd×1; careers2.json×1
emoji_1f3aa,emoji_migration,Existing stock-emoji replacement,🎪,256x256,yes,4,inventory,uses=4; files=4; semantic_name=circus_tent; top_files=daily.gd×1; journeys.json×1; everyday.json×1
emoji_1f306,emoji_migration,Existing stock-emoji replacement,🌆,256x256,yes,4,inventory,uses=4; files=4; semantic_name=cityscape_at_dusk; top_files=daily.gd×1; finance.gd×1; achievements.json×1
emoji_1f3ba,emoji_migration,Existing stock-emoji replacement,🎺,256x256,yes,4,inventory,uses=4; files=2; semantic_name=trumpet; top_files=daily.gd×2; shop.gd×2
emoji_1faac,emoji_migration,Existing stock-emoji replacement,🪬,256x256,yes,4,inventory,uses=4; files=1; semantic_name=hamsa; top_files=daily.gd×4
emoji_1f522,emoji_migration,Existing stock-emoji replacement,🔢,256x256,yes,4,inventory,uses=4; files=2; semantic_name=input_symbol_for_numbers; top_files=daily.gd×2; expansion.gd×2
emoji_1f9eb,emoji_migration,Existing stock-emoji replacement,🧫,256x256,yes,4,inventory,uses=4; files=1; semantic_name=petri_dish; top_files=daily.gd×4
emoji_1f930,emoji_migration,Existing stock-emoji replacement,🤰,256x256,yes,4,inventory,uses=4; files=1; semantic_name=pregnant_woman; top_files=daily.gd×4
emoji_1f6e9_fe0f,emoji_migration,Existing stock-emoji replacement,🛩️,256x256,yes,4,inventory,uses=4; files=2; semantic_name=small_airplane__variation_selector-16; top_files=shop.gd×3; finance.gd×1
emoji_1f1ec,emoji_migration,Existing stock-emoji replacement,🇬,256x256,yes,4,inventory,uses=4; files=2; semantic_name=regional_indicator_symbol_letter_g; top_files=countries.json×3; units.gd×1
emoji_1f43b,emoji_migration,Existing stock-emoji replacement,🐻,256x256,yes,4,inventory,uses=4; files=2; semantic_name=bear_face; top_files=empires.gd×3; connections.json×1
emoji_1f405,emoji_migration,Existing stock-emoji replacement,🐅,256x256,yes,4,inventory,uses=4; files=3; semantic_name=tiger; top_files=connections.json×2; empires.gd×1; empires.json×1
emoji_1faab,emoji_migration,Existing stock-emoji replacement,🪫,256x256,yes,4,inventory,uses=4; files=4; semantic_name=low_battery; top_files=expansion.gd×1; v08.json×1; workbody.json×1
emoji_1f307,emoji_migration,Existing stock-emoji replacement,🌇,256x256,yes,4,inventory,uses=4; files=2; semantic_name=sunset_over_buildings; top_files=undeath.gd×3; pets.json×1
emoji_260e_fe0f,emoji_migration,Existing stock-emoji replacement,☎️,256x256,yes,4,inventory,uses=4; files=3; semantic_name=black_telephone__variation_selector-16; top_files=prison.gd×2; everyday.json×1; elder.json×1
emoji_1f4d1,emoji_migration,Existing stock-emoji replacement,📑,256x256,yes,4,inventory,uses=4; files=4; semantic_name=bookmark_tabs; top_files=jobs.json×1; more.json×1; connections.json×1
emoji_1f3f4,emoji_migration,Existing stock-emoji replacement,🏴,256x256,yes,4,inventory,uses=4; files=3; semantic_name=waving_black_flag; top_files=achievements.json×2; lives.json×1; prison_life.json×1
emoji_1f4b7,emoji_migration,Existing stock-emoji replacement,💷,256x256,yes,4,inventory,uses=4; files=3; semantic_name=banknote_with_pound_sign; top_files=prison_life.json×2; achievements.json×1; pets.json×1
emoji_1f4ec,emoji_migration,Existing stock-emoji replacement,📬,256x256,yes,4,inventory,uses=4; files=4; semantic_name=open_mailbox_with_raised_flag; top_files=v08.json×1; teen.json×1; workbody.json×1
emoji_25cf,emoji_migration,Existing stock-emoji replacement,●,256x256,yes,4,inventory,uses=3; files=3; semantic_name=black_circle; top_files=slot_panels.gd×1; main.gd×1; mg_safecrack.gd×1
emoji_1f332,emoji_migration,Existing stock-emoji replacement,🌲,256x256,yes,4,inventory,uses=3; files=3; semantic_name=evergreen_tree; top_files=empire_panels.gd×1; goals.gd×1; actions.gd×1
emoji_1f495,emoji_migration,Existing stock-emoji replacement,💕,256x256,yes,4,inventory,uses=3; files=3; semantic_name=two_hearts; top_files=vfx.gd×1; daily.gd×1; achievements.json×1
emoji_1f3ce_fe0f,emoji_migration,Existing stock-emoji replacement,🏎️,256x256,yes,4,inventory,uses=3; files=3; semantic_name=racing_car__variation_selector-16; top_files=main.gd×1; become.gd×1; adult.json×1
emoji_1f4c0,emoji_migration,Existing stock-emoji replacement,📀,256x256,yes,4,inventory,uses=3; files=2; semantic_name=dvd; top_files=careers.gd×2; main.gd×1
emoji_2717,emoji_migration,Existing stock-emoji replacement,✗,256x256,yes,4,inventory,uses=3; files=2; semantic_name=ballot_x; top_files=main.gd×2; fights.gd×1
emoji_2b07_fe0f,emoji_migration,Existing stock-emoji replacement,⬇️,256x256,yes,4,inventory,uses=3; files=3; semantic_name=downwards_black_arrow__variation_selector-16; top_files=main.gd×1; daily.gd×1; expansion.gd×1
emoji_1f5a5_fe0f,emoji_migration,Existing stock-emoji replacement,🖥️,256x256,yes,4,inventory,uses=3; files=3; semantic_name=desktop_computer__variation_selector-16; top_files=main.gd×1; shop.gd×1; v07.json×1
emoji_1f60a,emoji_migration,Existing stock-emoji replacement,😊,256x256,yes,4,inventory,uses=3; files=3; semantic_name=smiling_face_with_smiling_eyes; top_files=ui_kit.gd×1; pets.gd×1; bonds.gd×1
emoji_1f634,emoji_migration,Existing stock-emoji replacement,😴,256x256,yes,4,inventory,uses=3; files=3; semantic_name=sleeping_face; top_files=mg_pickpocket.gd×1; mg_burglary.gd×1; everyday.json×1
emoji_1f913,emoji_migration,Existing stock-emoji replacement,🤓,256x256,yes,4,inventory,uses=3; files=2; semantic_name=nerd_face; top_files=mg_debate.gd×2; daily.gd×1
emoji_1f97a,emoji_migration,Existing stock-emoji replacement,🥺,256x256,yes,4,inventory,uses=3; files=1; semantic_name=face_with_pleading_eyes; top_files=mg_debate.gd×3
emoji_1f622,emoji_migration,Existing stock-emoji replacement,😢,256x256,yes,4,inventory,uses=3; files=2; semantic_name=crying_face; top_files=mg_debate.gd×2; mg_audition.gd×1
emoji_1f9ee,emoji_migration,Existing stock-emoji replacement,🧮,256x256,yes,4,inventory,uses=3; files=3; semantic_name=abacus; top_files=mg_debate.gd×1; jobs.json×1; empires.json×1
emoji_1f4ad,emoji_migration,Existing stock-emoji replacement,💭,256x256,yes,4,inventory,uses=3; files=2; semantic_name=thought_balloon; top_files=bonds.gd×2; mg_debate.gd×1
emoji_1f612,emoji_migration,Existing stock-emoji replacement,😒,256x256,yes,4,inventory,uses=3; files=3; semantic_name=unamused_face; top_files=mg_debate.gd×1; family.json×1; more.json×1
emoji_1f43f_fe0f,emoji_migration,Existing stock-emoji replacement,🐿️,256x256,yes,4,inventory,uses=3; files=3; semantic_name=chipmunk__variation_selector-16; top_files=mg_pet_pounce.gd×1; empires.gd×1; pets.json×1
emoji_1f62c,emoji_migration,Existing stock-emoji replacement,😬,256x256,yes,4,inventory,uses=3; files=3; semantic_name=grimacing_face; top_files=mg_runway.gd×1; pets.gd×1; empires.json×1
emoji_1f6f0_fe0f,emoji_migration,Existing stock-emoji replacement,🛰️,256x256,yes,4,inventory,uses=3; files=3; semantic_name=satellite__variation_selector-16; top_files=mg_docking.gd×1; careers2.json×1; v07.json×1
emoji_1fab6,emoji_migration,Existing stock-emoji replacement,🪶,256x256,yes,4,inventory,uses=3; files=3; semantic_name=feather; top_files=mg_potion.gd×1; prison.gd×1; pets.json×1
emoji_1f336_fe0f,emoji_migration,Existing stock-emoji replacement,🌶️,256x256,yes,4,inventory,uses=3; files=3; semantic_name=hot_pepper__variation_selector-16; top_files=mg_potion.gd×1; social.gd×1; shop.gd×1
emoji_1f9f4,emoji_migration,Existing stock-emoji replacement,🧴,256x256,yes,4,inventory,uses=3; files=2; semantic_name=lotion_bottle; top_files=lives.gd×2; mg_pr_shakedown.gd×1
emoji_1f9e2,emoji_migration,Existing stock-emoji replacement,🧢,256x256,yes,4,inventory,uses=3; files=3; semantic_name=billed_cap; top_files=mg_pr_shakedown.gd×1; v08.json×1; echoes.json×1
emoji_1f36b,emoji_migration,Existing stock-emoji replacement,🍫,256x256,yes,4,inventory,uses=3; files=3; semantic_name=chocolate_bar; top_files=mg_pr_shakedown.gd×1; bonds.gd×1; prison.gd×1
emoji_1f944,emoji_migration,Existing stock-emoji replacement,🥄,256x256,yes,4,inventory,uses=3; files=3; semantic_name=spoon; top_files=mg_pr_shakedown.gd×1; goals.gd×1; dealer.gd×1
emoji_1f621,emoji_migration,Existing stock-emoji replacement,😡,256x256,yes,4,inventory,uses=3; files=3; semantic_name=pouting_face; top_files=mg_audition.gd×1; social.gd×1; traits.json×1
emoji_1fa96,emoji_migration,Existing stock-emoji replacement,🪖,256x256,yes,4,inventory,uses=3; files=3; semantic_name=military_helmet; top_files=mg_minefield.gd×1; actions.gd×1; achievements.json×1
emoji_1f3d2,emoji_migration,Existing stock-emoji replacement,🏒,256x256,yes,4,inventory,uses=3; files=3; semantic_name=ice_hockey_stick_and_puck; top_files=mg_clutch.gd×1; world.gd×1; careers.gd×1
emoji_26f3,emoji_migration,Existing stock-emoji replacement,⛳,256x256,yes,4,inventory,uses=3; files=3; semantic_name=flag_in_hole; top_files=mg_clutch.gd×1; daily.gd×1; careers.gd×1
emoji_1f4d5,emoji_migration,Existing stock-emoji replacement,📕,256x256,yes,4,inventory,uses=3; files=2; semantic_name=closed_book; top_files=life_threads.gd×2; goals.gd×1
emoji_1faa8,emoji_migration,Existing stock-emoji replacement,🪨,256x256,yes,4,inventory,uses=3; files=3; semantic_name=rock; top_files=pets.gd×1; empires.gd×1; expansion.gd×1
emoji_1f4cd,emoji_migration,Existing stock-emoji replacement,📍,256x256,yes,4,inventory,uses=3; files=1; semantic_name=round_pushpin; top_files=pets.gd×3
emoji_1f63e,emoji_migration,Existing stock-emoji replacement,😾,256x256,yes,4,inventory,uses=3; files=1; semantic_name=pouting_cat_face; top_files=pets.gd×3
emoji_1f637,emoji_migration,Existing stock-emoji replacement,😷,256x256,yes,4,inventory,uses=3; files=3; semantic_name=face_with_medical_mask; top_files=world.gd×1; expansion.gd×1; lives.json×1
emoji_1f324_fe0f,emoji_migration,Existing stock-emoji replacement,🌤️,256x256,yes,4,inventory,uses=3; files=3; semantic_name=white_sun_with_small_cloud__variation_selector-16; top_files=world.gd×1; grit.gd×1; pets.json×1
emoji_1f6a6,emoji_migration,Existing stock-emoji replacement,🚦,256x256,yes,4,inventory,uses=3; files=3; semantic_name=vertical_traffic_light; top_files=minigames.gd×1; law.gd×1; dealer.gd×1
emoji_1f439,emoji_migration,Existing stock-emoji replacement,🐹,256x256,yes,4,inventory,uses=3; files=2; semantic_name=hamster_face; top_files=companions.gd×2; companions.json×1
emoji_1f98e,emoji_migration,Existing stock-emoji replacement,🦎,256x256,yes,4,inventory,uses=3; files=2; semantic_name=lizard; top_files=empires.gd×2; companions.gd×1
emoji_1f36d,emoji_migration,Existing stock-emoji replacement,🍭,256x256,yes,4,inventory,uses=3; files=2; semantic_name=lollipop; top_files=bonds.gd×2; childhood.json×1
emoji_1f386,emoji_migration,Existing stock-emoji replacement,🎆,256x256,yes,4,inventory,uses=3; files=3; semantic_name=fireworks; top_files=bonds.gd×1; achievements.json×1; lives.json×1
emoji_1f92a,emoji_migration,Existing stock-emoji replacement,🤪,256x256,yes,4,inventory,uses=3; files=1; semantic_name=grinning_face_with_one_large_and_one_small_eye; top_files=bonds.gd×3
emoji_1f46b,emoji_migration,Existing stock-emoji replacement,👫,256x256,yes,4,inventory,uses=3; files=2; semantic_name=man_and_woman_holding_hands; top_files=bonds.gd×2; echoes.json×1
emoji_1f983,emoji_migration,Existing stock-emoji replacement,🦃,256x256,yes,4,inventory,uses=3; files=3; semantic_name=turkey; top_files=bonds.gd×1; empires.gd×1; pets.json×1
emoji_1f6e5_fe0f,emoji_migration,Existing stock-emoji replacement,🛥️,256x256,yes,4,inventory,uses=3; files=3; semantic_name=motor_boat__variation_selector-16; top_files=become.gd×1; finance.gd×1; shop.gd×1
emoji_1f426,emoji_migration,Existing stock-emoji replacement,🐦,256x256,yes,4,inventory,uses=3; files=2; semantic_name=bird; top_files=pets.json×2; social.gd×1
emoji_1f5a4,emoji_migration,Existing stock-emoji replacement,🖤,256x256,yes,4,inventory,uses=3; files=3; semantic_name=black_heart; top_files=social.gd×1; daily.gd×1; achievements.json×1
emoji_2795,emoji_migration,Existing stock-emoji replacement,➕,256x256,yes,4,inventory,uses=3; files=2; semantic_name=heavy_plus_sign; top_files=ambition.gd×2; social.gd×1
emoji_1f464,emoji_migration,Existing stock-emoji replacement,👤,256x256,yes,4,inventory,uses=3; files=3; semantic_name=bust_in_silhouette; top_files=origins.gd×1; twists.json×1; prison_life.json×1
emoji_2b1b,emoji_migration,Existing stock-emoji replacement,⬛,256x256,yes,4,inventory,uses=3; files=2; semantic_name=black_large_square; top_files=lives.gd×2; lives.json×1
emoji_1f9d1_200d_2695_fe0f,emoji_migration,Existing stock-emoji replacement,🧑‍⚕️,256x256,yes,4,inventory,uses=3; files=2; semantic_name=adult__zero_width_joiner__staff_of_aesculapius__variation_selector-16; top_files=ambition.gd×2; v07.json×1
emoji_1f3ea,emoji_migration,Existing stock-emoji replacement,🏪,256x256,yes,4,inventory,uses=3; files=1; semantic_name=convenience_store; top_files=ambition.gd×3
emoji_1f3d7_fe0f,emoji_migration,Existing stock-emoji replacement,🏗️,256x256,yes,4,inventory,uses=3; files=2; semantic_name=building_construction__variation_selector-16; top_files=ambition.gd×2; empires.gd×1
emoji_1f993,emoji_migration,Existing stock-emoji replacement,🦓,256x256,yes,4,inventory,uses=3; files=3; semantic_name=zebra_face; top_files=daily.gd×1; empires.gd×1; empires.json×1
emoji_1f30c,emoji_migration,Existing stock-emoji replacement,🌌,256x256,yes,4,inventory,uses=3; files=3; semantic_name=milky_way; top_files=daily.gd×1; achievements.json×1; arcs.json×1
emoji_1f33b,emoji_migration,Existing stock-emoji replacement,🌻,256x256,yes,4,inventory,uses=3; files=3; semantic_name=sunflower; top_files=daily.gd×1; expansion.gd×1; actions.gd×1
emoji_1f922,emoji_migration,Existing stock-emoji replacement,🤢,256x256,yes,4,inventory,uses=3; files=3; semantic_name=nauseated_face; top_files=daily.gd×1; everyday.json×1; empires.json×1
emoji_1f3ec,emoji_migration,Existing stock-emoji replacement,🏬,256x256,yes,4,inventory,uses=3; files=2; semantic_name=department_store; top_files=jobs.json×2; finance.gd×1
emoji_1f1e7,emoji_migration,Existing stock-emoji replacement,🇧,256x256,yes,4,inventory,uses=3; files=2; semantic_name=regional_indicator_symbol_letter_b; top_files=countries.json×2; units.gd×1
emoji_270d_fe0f,emoji_migration,Existing stock-emoji replacement,✍️,256x256,yes,4,inventory,uses=3; files=2; semantic_name=writing_hand__variation_selector-16; top_files=careers.gd×2; everyday.json×1
emoji_1f694,emoji_migration,Existing stock-emoji replacement,🚔,256x256,yes,4,inventory,uses=3; files=3; semantic_name=oncoming_police_car; top_files=dealer.gd×1; twists.json×1; empires.json×1
emoji_1f98a,emoji_migration,Existing stock-emoji replacement,🦊,256x256,yes,4,inventory,uses=3; files=2; semantic_name=fox_face; top_files=empires.gd×2; pets.json×1
emoji_1fa9a,emoji_migration,Existing stock-emoji replacement,🪚,256x256,yes,4,inventory,uses=3; files=2; semantic_name=carpentry_saw; top_files=expansion.gd×2; jobs.json×1
emoji_1f9d1_200d_1f680,emoji_migration,Existing stock-emoji replacement,🧑‍🚀,256x256,yes,4,inventory,uses=3; files=2; semantic_name=adult__zero_width_joiner__rocket; top_files=expansion.gd×2; careers2.json×1
emoji_1f982,emoji_migration,Existing stock-emoji replacement,🦂,256x256,yes,4,inventory,uses=3; files=1; semantic_name=scorpion; top_files=actions.gd×3
emoji_26c8_fe0f,emoji_migration,Existing stock-emoji replacement,⛈️,256x256,yes,4,inventory,uses=3; files=2; semantic_name=thunder_cloud_and_rain__variation_selector-16; top_files=pets.json×2; places.gd×1
emoji_1f941,emoji_migration,Existing stock-emoji replacement,🥁,256x256,yes,4,inventory,uses=3; files=3; semantic_name=drum_with_drumsticks; top_files=shop.gd×1; more.json×1; adult.json×1
emoji_1f455,emoji_migration,Existing stock-emoji replacement,👕,256x256,yes,4,inventory,uses=3; files=3; semantic_name=t-shirt; top_files=shop.gd×1; everyday.json×1; teen.json×1
emoji_1f3b1,emoji_migration,Existing stock-emoji replacement,🎱,256x256,yes,4,inventory,uses=3; files=2; semantic_name=billiards; top_files=shop.gd×2; everyday.json×1
emoji_1f4d9,emoji_migration,Existing stock-emoji replacement,📙,256x256,yes,4,inventory,uses=3; files=1; semantic_name=orange_book; top_files=shop.gd×3
emoji_1fa9b,emoji_migration,Existing stock-emoji replacement,🪛,256x256,yes,4,inventory,uses=3; files=1; semantic_name=screwdriver; top_files=prison.gd×3
emoji_1f329_fe0f,emoji_migration,Existing stock-emoji replacement,🌩️,256x256,yes,4,inventory,uses=3; files=2; semantic_name=cloud_with_lightning__variation_selector-16; top_files=prison.gd×2; pets.json×1
emoji_1f1f7,emoji_migration,Existing stock-emoji replacement,🇷,256x256,yes,4,inventory,uses=3; files=1; semantic_name=regional_indicator_symbol_letter_r; top_files=countries.json×3
emoji_1f500,emoji_migration,Existing stock-emoji replacement,🔀,256x256,yes,4,inventory,uses=3; files=1; semantic_name=twisted_rightwards_arrows; top_files=achievements.json×3
emoji_267e_fe0f,emoji_migration,Existing stock-emoji replacement,♾️,256x256,yes,4,inventory,uses=3; files=1; semantic_name=permanent_paper_sign__variation_selector-16; top_files=achievements.json×3
emoji_1f947,emoji_migration,Existing stock-emoji replacement,🥇,256x256,yes,4,inventory,uses=3; files=2; semantic_name=first_place_medal; top_files=achievements.json×2; careers.json×1
emoji_270a,emoji_migration,Existing stock-emoji replacement,✊,256x256,yes,4,inventory,uses=3; files=3; semantic_name=raised_fist; top_files=workplace.json×1; prison_life.json×1; workbody.json×1
emoji_1f558,emoji_migration,Existing stock-emoji replacement,🕘,256x256,yes,4,inventory,uses=2; files=2; semantic_name=clock_face_nine_oclock; top_files=slot_panels.gd×1; v08.json×1
emoji_1f4ab,emoji_migration,Existing stock-emoji replacement,💫,256x256,yes,4,inventory,uses=2; files=2; semantic_name=dizzy_symbol; top_files=vfx.gd×1; careers2.json×1
emoji_1f90d,emoji_migration,Existing stock-emoji replacement,🤍,256x256,yes,4,inventory,uses=2; files=2; semantic_name=white_heart; top_files=vfx.gd×1; mg_pet_sneak.gd×1
emoji_1f7e2,emoji_migration,Existing stock-emoji replacement,🟢,256x256,yes,4,inventory,uses=2; files=1; semantic_name=large_green_circle; top_files=main.gd×2
emoji_1f579_fe0f,emoji_migration,Existing stock-emoji replacement,🕹️,256x256,yes,4,inventory,uses=2; files=2; semantic_name=joystick__variation_selector-16; top_files=main.gd×1; daily.gd×1
emoji_1f4cc,emoji_migration,Existing stock-emoji replacement,📌,256x256,yes,4,inventory,uses=2; files=2; semantic_name=pushpin; top_files=main.gd×1; mg_evidence.gd×1
emoji_1f337,emoji_migration,Existing stock-emoji replacement,🌷,256x256,yes,4,inventory,uses=2; files=1; semantic_name=tulip; top_files=main.gd×2
emoji_1f33c,emoji_migration,Existing stock-emoji replacement,🌼,256x256,yes,4,inventory,uses=2; files=2; semantic_name=blossom; top_files=main.gd×1; mg_pet_pounce.gd×1
emoji_1f480,emoji_migration,Existing stock-emoji replacement,💀,256x256,yes,4,inventory,uses=2; files=2; semantic_name=skull; top_files=main.gd×1; empires.gd×1
emoji_2665,emoji_migration,Existing stock-emoji replacement,♥,256x256,yes,4,inventory,uses=2; files=2; semantic_name=black_heart_suit; top_files=family_tree_view.gd×1; mg_blackjack.gd×1
emoji_1f4a0,emoji_migration,Existing stock-emoji replacement,💠,256x256,yes,4,inventory,uses=2; files=2; semantic_name=diamond_shape_with_a_dot_inside; top_files=tombstone.gd×1; finance.gd×1
emoji_1f3fb,emoji_migration,Existing stock-emoji replacement,🏻,256x256,yes,4,inventory,uses=2; files=2; semantic_name=emoji_modifier_fitzpatrick_type-1-2; top_files=ui_kit.gd×1; avatar.gd×1
emoji_1f3fd,emoji_migration,Existing stock-emoji replacement,🏽,256x256,yes,4,inventory,uses=2; files=2; semantic_name=emoji_modifier_fitzpatrick_type-4; top_files=ui_kit.gd×1; avatar.gd×1
emoji_1f3fe,emoji_migration,Existing stock-emoji replacement,🏾,256x256,yes,4,inventory,uses=2; files=2; semantic_name=emoji_modifier_fitzpatrick_type-5; top_files=ui_kit.gd×1; avatar.gd×1
emoji_1f3ff,emoji_migration,Existing stock-emoji replacement,🏿,256x256,yes,4,inventory,uses=2; files=2; semantic_name=emoji_modifier_fitzpatrick_type-6; top_files=ui_kit.gd×1; avatar.gd×1
emoji_1f468,emoji_migration,Existing stock-emoji replacement,👨,256x256,yes,4,inventory,uses=2; files=2; semantic_name=man; top_files=ui_kit.gd×1; avatar.gd×1
emoji_1f469,emoji_migration,Existing stock-emoji replacement,👩,256x256,yes,4,inventory,uses=2; files=2; semantic_name=woman; top_files=ui_kit.gd×1; avatar.gd×1
emoji_1f431,emoji_migration,Existing stock-emoji replacement,🐱,256x256,yes,4,inventory,uses=2; files=2; semantic_name=cat_face; top_files=ui_kit.gd×1; pets.gd×1
emoji_1f430,emoji_migration,Existing stock-emoji replacement,🐰,256x256,yes,4,inventory,uses=2; files=2; semantic_name=rabbit_face; top_files=ui_kit.gd×1; pets.gd×1
emoji_1f9d4,emoji_migration,Existing stock-emoji replacement,🧔,256x256,yes,4,inventory,uses=2; files=2; semantic_name=bearded_person; top_files=mg_pickpocket.gd×1; avatar.gd×1
emoji_1f469_200d_1f9b0,emoji_migration,Existing stock-emoji replacement,👩‍🦰,256x256,yes,4,inventory,uses=2; files=2; semantic_name=woman__zero_width_joiner__emoji_component_red_hair; top_files=mg_pickpocket.gd×1; prison.gd×1
emoji_1f9d1_200d_1f3a4,emoji_migration,Existing stock-emoji replacement,🧑‍🎤,256x256,yes,4,inventory,uses=2; files=2; semantic_name=adult__zero_width_joiner__microphone; top_files=mg_pickpocket.gd×1; mg_audition.gd×1
emoji_1f471,emoji_migration,Existing stock-emoji replacement,👱,256x256,yes,4,inventory,uses=2; files=2; semantic_name=person_with_blond_hair; top_files=mg_pickpocket.gd×1; avatar.gd×1
emoji_270b,emoji_migration,Existing stock-emoji replacement,✋,256x256,yes,4,inventory,uses=2; files=2; semantic_name=raised_hand; top_files=mg_pickpocket.gd×1; grit.gd×1
emoji_1f642,emoji_migration,Existing stock-emoji replacement,🙂,256x256,yes,4,inventory,uses=2; files=2; semantic_name=slightly_smiling_face; top_files=mg_pickpocket.gd×1; npc_world.gd×1
emoji_1f60f,emoji_migration,Existing stock-emoji replacement,😏,256x256,yes,4,inventory,uses=2; files=2; semantic_name=smirking_face; top_files=mg_debate.gd×1; traits.json×1
emoji_274c,emoji_migration,Existing stock-emoji replacement,❌,256x256,yes,4,inventory,uses=2; files=2; semantic_name=cross_mark; top_files=mg_blackjack.gd×1; mg_clutch.gd×1
emoji_1f497,emoji_migration,Existing stock-emoji replacement,💗,256x256,yes,4,inventory,uses=2; files=2; semantic_name=growing_heart; top_files=mg_potion.gd×1; bond_stats.gd×1
emoji_1f344,emoji_migration,Existing stock-emoji replacement,🍄,256x256,yes,4,inventory,uses=2; files=2; semantic_name=mushroom; top_files=mg_potion.gd×1; real.json×1
emoji_1f438,emoji_migration,Existing stock-emoji replacement,🐸,256x256,yes,4,inventory,uses=2; files=2; semantic_name=frog_face; top_files=mg_potion.gd×1; empires.gd×1
emoji_1f7e8,emoji_migration,Existing stock-emoji replacement,🟨,256x256,yes,4,inventory,uses=2; files=2; semantic_name=large_yellow_square; top_files=mg_potion.gd×1; expansion.gd×1
emoji_21ba,emoji_migration,Existing stock-emoji replacement,↺,256x256,yes,4,inventory,uses=2; files=1; semantic_name=anticlockwise_open_circle_arrow; top_files=mg_potion.gd×2
emoji_21bb,emoji_migration,Existing stock-emoji replacement,↻,256x256,yes,4,inventory,uses=2; files=1; semantic_name=clockwise_open_circle_arrow; top_files=mg_potion.gd×2
emoji_1fad7,emoji_migration,Existing stock-emoji replacement,🫗,256x256,yes,4,inventory,uses=2; files=2; semantic_name=pouring_liquid; top_files=mg_potion.gd×1; lives.gd×1
emoji_23f8,emoji_migration,Existing stock-emoji replacement,⏸,256x256,yes,4,inventory,uses=2; files=2; semantic_name=double_vertical_bar; top_files=mg_escape.gd×1; mg_infiltrate.gd×1
emoji_1f3b6,emoji_migration,Existing stock-emoji replacement,🎶,256x256,yes,4,inventory,uses=2; files=1; semantic_name=multiple_musical_notes; top_files=mg_rhythm.gd×2
emoji_1f411,emoji_migration,Existing stock-emoji replacement,🐑,256x256,yes,4,inventory,uses=2; files=2; semantic_name=sheep; top_files=mg_pet_herd.gd×1; minigames.gd×1
emoji_1f9e6,emoji_migration,Existing stock-emoji replacement,🧦,256x256,yes,4,inventory,uses=2; files=2; semantic_name=socks; top_files=mg_pr_shakedown.gd×1; everyday.json×1
emoji_1f4d4,emoji_migration,Existing stock-emoji replacement,📔,256x256,yes,4,inventory,uses=2; files=2; semantic_name=notebook_with_decorative_cover; top_files=mg_pr_shakedown.gd×1; elder.json×1
emoji_1f9fb,emoji_migration,Existing stock-emoji replacement,🧻,256x256,yes,4,inventory,uses=2; files=2; semantic_name=roll_of_paper; top_files=mg_pr_shakedown.gd×1; lives.json×1
emoji_1f4ff,emoji_migration,Existing stock-emoji replacement,📿,256x256,yes,4,inventory,uses=2; files=2; semantic_name=prayer_beads; top_files=mg_burglary.gd×1; goals.gd×1
emoji_1f635,emoji_migration,Existing stock-emoji replacement,😵,256x256,yes,4,inventory,uses=2; files=1; semantic_name=dizzy_face; top_files=mg_fight.gd×2
emoji_1f616,emoji_migration,Existing stock-emoji replacement,😖,256x256,yes,4,inventory,uses=2; files=2; semantic_name=confounded_face; top_files=mg_fight.gd×1; more.json×1
emoji_1f478,emoji_migration,Existing stock-emoji replacement,👸,256x256,yes,4,inventory,uses=2; files=2; semantic_name=princess; top_files=goals.gd×1; avatar.gd×1
emoji_1f342,emoji_migration,Existing stock-emoji replacement,🍂,256x256,yes,4,inventory,uses=2; files=2; semantic_name=fallen_leaf; top_files=climate.gd×1; pets.json×1
emoji_26f0_fe0f,emoji_migration,Existing stock-emoji replacement,⛰️,256x256,yes,4,inventory,uses=2; files=2; semantic_name=mountain__variation_selector-16; top_files=climate.gd×1; places.gd×1
emoji_1f434,emoji_migration,Existing stock-emoji replacement,🐴,256x256,yes,4,inventory,uses=2; files=2; semantic_name=horse_face; top_files=pets.gd×1; companions.gd×1
emoji_1faa2,emoji_migration,Existing stock-emoji replacement,🪢,256x256,yes,4,inventory,uses=2; files=2; semantic_name=knot; top_files=pets.gd×1; achievements.json×1
emoji_1faae,emoji_migration,Existing stock-emoji replacement,🪮,256x256,yes,4,inventory,uses=2; files=1; semantic_name=hair_pick; top_files=pets.gd×2
emoji_1f686,emoji_migration,Existing stock-emoji replacement,🚆,256x256,yes,4,inventory,uses=2; files=2; semantic_name=train; top_files=transit.gd×1; real.json×1
emoji_1f9b5,emoji_migration,Existing stock-emoji replacement,🦵,256x256,yes,4,inventory,uses=2; files=2; semantic_name=leg; top_files=grit.gd×1; expansion.gd×1
emoji_1f9fd,emoji_migration,Existing stock-emoji replacement,🧽,256x256,yes,4,inventory,uses=2; files=2; semantic_name=sponge; top_files=grit.gd×1; law.json×1
emoji_1f5c3_fe0f,emoji_migration,Existing stock-emoji replacement,🗃️,256x256,yes,4,inventory,uses=2; files=2; semantic_name=card_file_box__variation_selector-16; top_files=grit.gd×1; twists.json×1
emoji_1f9f6,emoji_migration,Existing stock-emoji replacement,🧶,256x256,yes,4,inventory,uses=2; files=2; semantic_name=ball_of_yarn; top_files=life_threads.gd×1; everyday.json×1
emoji_1f3a7,emoji_migration,Existing stock-emoji replacement,🎧,256x256,yes,4,inventory,uses=2; files=2; semantic_name=headphone; top_files=bonds.gd×1; social.gd×1
emoji_1f937,emoji_migration,Existing stock-emoji replacement,🤷,256x256,yes,4,inventory,uses=2; files=1; semantic_name=shrug; top_files=bonds.gd×2
emoji_1f371,emoji_migration,Existing stock-emoji replacement,🍱,256x256,yes,4,inventory,uses=2; files=1; semantic_name=bento_box; top_files=bonds.gd×2
emoji_1f9e5,emoji_migration,Existing stock-emoji replacement,🧥,256x256,yes,4,inventory,uses=2; files=1; semantic_name=coat; top_files=tenancy.gd×2
emoji_1faa3,emoji_migration,Existing stock-emoji replacement,🪣,256x256,yes,4,inventory,uses=2; files=1; semantic_name=bucket; top_files=game_state.gd×2
emoji_1f3d4_fe0f,emoji_migration,Existing stock-emoji replacement,🏔️,256x256,yes,4,inventory,uses=2; files=2; semantic_name=snow_capped_mountain__variation_selector-16; top_files=become.gd×1; lives.json×1
emoji_1f3b9,emoji_migration,Existing stock-emoji replacement,🎹,256x256,yes,4,inventory,uses=2; files=2; semantic_name=musical_keyboard; top_files=social.gd×1; shop.gd×1
emoji_1f920,emoji_migration,Existing stock-emoji replacement,🤠,256x256,yes,4,inventory,uses=2; files=2; semantic_name=face_with_cowboy_hat; top_files=social.gd×1; avatar.gd×1
emoji_1f39b_fe0f,emoji_migration,Existing stock-emoji replacement,🎛️,256x256,yes,4,inventory,uses=2; files=2; semantic_name=control_knobs__variation_selector-16; top_files=social.gd×1; shop.gd×1
emoji_1fa9c,emoji_migration,Existing stock-emoji replacement,🪜,256x256,yes,4,inventory,uses=2; files=2; semantic_name=ladder; top_files=body.gd×1; pets.json×1
emoji_1f44b,emoji_migration,Existing stock-emoji replacement,👋,256x256,yes,4,inventory,uses=2; files=1; semantic_name=waving_hand_sign; top_files=lives.gd×2
emoji_1f372,emoji_migration,Existing stock-emoji replacement,🍲,256x256,yes,4,inventory,uses=2; files=2; semantic_name=pot_of_food; top_files=keeping.gd×1; actions.gd×1
emoji_26b1_fe0f,emoji_migration,Existing stock-emoji replacement,⚱️,256x256,yes,4,inventory,uses=2; files=1; semantic_name=funeral_urn__variation_selector-16; top_files=keeping.gd×2
emoji_1f9e4,emoji_migration,Existing stock-emoji replacement,🧤,256x256,yes,4,inventory,uses=2; files=2; semantic_name=gloves; top_files=ambition.gd×1; pets.json×1
emoji_1f9b6,emoji_migration,Existing stock-emoji replacement,🦶,256x256,yes,4,inventory,uses=2; files=2; semantic_name=foot; top_files=daily.gd×1; expansion.gd×1
emoji_1f966,emoji_migration,Existing stock-emoji replacement,🥦,256x256,yes,4,inventory,uses=2; files=2; semantic_name=broccoli; top_files=daily.gd×1; more.json×1
emoji_1f488,emoji_migration,Existing stock-emoji replacement,💈,256x256,yes,4,inventory,uses=2; files=2; semantic_name=barber_pole; top_files=daily.gd×1; prison.gd×1
emoji_1f486,emoji_migration,Existing stock-emoji replacement,💆,256x256,yes,4,inventory,uses=2; files=2; semantic_name=face_massage; top_files=daily.gd×1; items.gd×1
emoji_1f9d1_200d_1f9b2,emoji_migration,Existing stock-emoji replacement,🧑‍🦲,256x256,yes,4,inventory,uses=2; files=2; semantic_name=adult__zero_width_joiner__emoji_component_bald; top_files=daily.gd×1; prison.gd×1
emoji_1f601,emoji_migration,Existing stock-emoji replacement,😁,256x256,yes,4,inventory,uses=2; files=2; semantic_name=grinning_face_with_smiling_eyes; top_files=daily.gd×1; achievements.json×1
emoji_1f37a,emoji_migration,Existing stock-emoji replacement,🍺,256x256,yes,4,inventory,uses=2; files=2; semantic_name=beer_mug; top_files=daily.gd×1; places.gd×1
emoji_1f378,emoji_migration,Existing stock-emoji replacement,🍸,256x256,yes,4,inventory,uses=2; files=2; semantic_name=cocktail_glass; top_files=daily.gd×1; careers2.json×1
emoji_1f3b3,emoji_migration,Existing stock-emoji replacement,🎳,256x256,yes,4,inventory,uses=2; files=1; semantic_name=bowling; top_files=daily.gd×2
emoji_1f6f3_fe0f,emoji_migration,Existing stock-emoji replacement,🛳️,256x256,yes,4,inventory,uses=2; files=2; semantic_name=passenger_ship__variation_selector-16; top_files=daily.gd×1; more.json×1
emoji_1f6f9,emoji_migration,Existing stock-emoji replacement,🛹,256x256,yes,4,inventory,uses=2; files=2; semantic_name=skateboard; top_files=daily.gd×1; shop.gd×1
emoji_1f3ca,emoji_migration,Existing stock-emoji replacement,🏊,256x256,yes,4,inventory,uses=2; files=2; semantic_name=swimmer; top_files=daily.gd×1; expansion.gd×1
emoji_1f3ab,emoji_migration,Existing stock-emoji replacement,🎫,256x256,yes,4,inventory,uses=2; files=2; semantic_name=ticket; top_files=daily.gd×1; items.gd×1
emoji_1f3bc,emoji_migration,Existing stock-emoji replacement,🎼,256x256,yes,4,inventory,uses=2; files=1; semantic_name=musical_score; top_files=careers.gd×2
emoji_1f43c,emoji_migration,Existing stock-emoji replacement,🐼,256x256,yes,4,inventory,uses=2; files=2; semantic_name=panda_face; top_files=empires.gd×1; empires.json×1
emoji_1f989,emoji_migration,Existing stock-emoji replacement,🦉,256x256,yes,4,inventory,uses=2; files=2; semantic_name=owl; top_files=empires.gd×1; more.json×1
emoji_1f98b,emoji_migration,Existing stock-emoji replacement,🦋,256x256,yes,4,inventory,uses=2; files=2; semantic_name=butterfly; top_files=empires.gd×1; expansion.gd×1
emoji_1f417,emoji_migration,Existing stock-emoji replacement,🐗,256x256,yes,4,inventory,uses=2; files=1; semantic_name=boar; top_files=empires.gd×2
emoji_1f986,emoji_migration,Existing stock-emoji replacement,🦆,256x256,yes,4,inventory,uses=2; files=1; semantic_name=duck; top_files=empires.gd×2
emoji_1f421,emoji_migration,Existing stock-emoji replacement,🐡,256x256,yes,4,inventory,uses=2; files=1; semantic_name=blowfish; top_files=empires.gd×2
emoji_1f645,emoji_migration,Existing stock-emoji replacement,🙅,256x256,yes,4,inventory,uses=2; files=1; semantic_name=face_with_no_good_gesture; top_files=empires.gd×2
emoji_1f97e,emoji_migration,Existing stock-emoji replacement,🥾,256x256,yes,4,inventory,uses=2; files=2; semantic_name=hiking_boot; top_files=empires.gd×1; actions.gd×1
emoji_1f976,emoji_migration,Existing stock-emoji replacement,🥶,256x256,yes,4,inventory,uses=2; files=2; semantic_name=freezing_face; top_files=expansion.gd×1; real.json×1
emoji_1f493,emoji_migration,Existing stock-emoji replacement,💓,256x256,yes,4,inventory,uses=2; files=2; semantic_name=beating_heart; top_files=expansion.gd×1; v07.json×1
emoji_1f0a1,emoji_migration,Existing stock-emoji replacement,🂡,256x256,yes,4,inventory,uses=2; files=1; semantic_name=playing_card_ace_of_spades; top_files=expansion.gd×2
emoji_1f590_fe0f,emoji_migration,Existing stock-emoji replacement,🖐️,256x256,yes,4,inventory,uses=2; files=2; semantic_name=raised_hand_with_fingers_splayed__variation_selector-16; top_files=undeath.gd×1; pets.json×1
emoji_1f978,emoji_migration,Existing stock-emoji replacement,🥸,256x256,yes,4,inventory,uses=2; files=2; semantic_name=disguised_face; top_files=actions.gd×1; shop.gd×1
emoji_1f30b,emoji_migration,Existing stock-emoji replacement,🌋,256x256,yes,4,inventory,uses=2; files=2; semantic_name=volcano; top_files=places.gd×1; everyday.json×1
emoji_1f97d,emoji_migration,Existing stock-emoji replacement,🥽,256x256,yes,4,inventory,uses=2; files=1; semantic_name=goggles; top_files=shop.gd×2
emoji_1f3cc_fe0f,emoji_migration,Existing stock-emoji replacement,🏌️,256x256,yes,4,inventory,uses=2; files=1; semantic_name=golfer__variation_selector-16; top_files=shop.gd×2
emoji_1f935,emoji_migration,Existing stock-emoji replacement,🤵,256x256,yes,4,inventory,uses=2; files=2; semantic_name=man_in_tuxedo; top_files=shop.gd×1; careers.json×1
emoji_1f52d,emoji_migration,Existing stock-emoji replacement,🔭,256x256,yes,4,inventory,uses=2; files=1; semantic_name=telescope; top_files=shop.gd×2
emoji_1f4d7,emoji_migration,Existing stock-emoji replacement,📗,256x256,yes,4,inventory,uses=2; files=1; semantic_name=green_book; top_files=shop.gd×2
emoji_1fa82,emoji_migration,Existing stock-emoji replacement,🪂,256x256,yes,4,inventory,uses=2; files=2; semantic_name=parachute; top_files=shop.gd×1; life.json×1
emoji_1f529,emoji_migration,Existing stock-emoji replacement,🔩,256x256,yes,4,inventory,uses=2; files=2; semantic_name=nut_and_bolt; top_files=prison.gd×1; jobs.json×1
emoji_1f648,emoji_migration,Existing stock-emoji replacement,🙈,256x256,yes,4,inventory,uses=2; files=1; semantic_name=see-no-evil_monkey; top_files=prison.gd×2
emoji_1f50c,emoji_migration,Existing stock-emoji replacement,🔌,256x256,yes,4,inventory,uses=2; files=2; semantic_name=electric_plug; top_files=jobs.json×1; pets.json×1
emoji_1f1ea,emoji_migration,Existing stock-emoji replacement,🇪,256x256,yes,4,inventory,uses=2; files=1; semantic_name=regional_indicator_symbol_letter_e; top_files=countries.json×2
emoji_1f1f5,emoji_migration,Existing stock-emoji replacement,🇵,256x256,yes,4,inventory,uses=2; files=1; semantic_name=regional_indicator_symbol_letter_p; top_files=countries.json×2
emoji_1f1e6,emoji_migration,Existing stock-emoji replacement,🇦,256x256,yes,4,inventory,uses=2; files=1; semantic_name=regional_indicator_symbol_letter_a; top_files=countries.json×2
emoji_1f4af,emoji_migration,Existing stock-emoji replacement,💯,256x256,yes,4,inventory,uses=2; files=1; semantic_name=hundred_points_symbol; top_files=achievements.json×2
emoji_1f308,emoji_migration,Existing stock-emoji replacement,🌈,256x256,yes,4,inventory,uses=2; files=2; semantic_name=rainbow; top_files=achievements.json×1; companions.json×1
emoji_1f6d1,emoji_migration,Existing stock-emoji replacement,🛑,256x256,yes,4,inventory,uses=2; files=2; semantic_name=octagonal_sign; top_files=pets.json×1; v08.json×1
emoji_1f41d,emoji_migration,Existing stock-emoji replacement,🐝,256x256,yes,4,inventory,uses=2; files=2; semantic_name=honeybee; top_files=more.json×1; everyday.json×1
emoji_1f4e7,emoji_migration,Existing stock-emoji replacement,📧,256x256,yes,4,inventory,uses=2; files=2; semantic_name=e-mail_symbol; top_files=more.json×1; adult.json×1
emoji_1f4f9,emoji_migration,Existing stock-emoji replacement,📹,256x256,yes,4,inventory,uses=2; files=2; semantic_name=video_camera; top_files=v08.json×1; everyday.json×1
emoji_1f463,emoji_migration,Existing stock-emoji replacement,👣,256x256,yes,4,inventory,uses=2; files=2; semantic_name=footprints; top_files=childhood.json×1; everyday.json×1
emoji_1f58d_fe0f,emoji_migration,Existing stock-emoji replacement,🖍️,256x256,yes,4,inventory,uses=2; files=1; semantic_name=lower_left_crayon__variation_selector-16; top_files=everyday.json×2
emoji_1f17f_fe0f,emoji_migration,Existing stock-emoji replacement,🅿️,256x256,yes,4,inventory,uses=2; files=2; semantic_name=negative_squared_latin_capital_letter_p__variation_selector-16; top_files=everyday.json×1; real.json×1
emoji_1f961,emoji_migration,Existing stock-emoji replacement,🥡,256x256,yes,4,inventory,uses=2; files=1; semantic_name=takeout_box; top_files=real.json×2
emoji_1faa7,emoji_migration,Existing stock-emoji replacement,🪧,256x256,yes,4,inventory,uses=2; files=1; semantic_name=placard; top_files=empires.json×2
emoji_1f9f7,emoji_migration,Existing stock-emoji replacement,🧷,256x256,yes,4,inventory,uses=2; files=1; semantic_name=safety_pin; top_files=prison_life.json×2
emoji_1f955,emoji_migration,Existing stock-emoji replacement,🥕,256x256,yes,4,inventory,uses=1; files=1; semantic_name=carrot; top_files=empire_panels.gd×1
emoji_1f38a,emoji_migration,Existing stock-emoji replacement,🎊,256x256,yes,4,inventory,uses=1; files=1; semantic_name=confetti_ball; top_files=vfx.gd×1
emoji_1f496,emoji_migration,Existing stock-emoji replacement,💖,256x256,yes,4,inventory,uses=1; files=1; semantic_name=sparkling_heart; top_files=vfx.gd×1
emoji_23ef_fe0f,emoji_migration,Existing stock-emoji replacement,⏯️,256x256,yes,4,inventory,uses=1; files=1; semantic_name=black_right-pointing_triangle_with_double_vertical_bar__variation_selector-16; top_files=main.gd×1
emoji_1f39a_fe0f,emoji_migration,Existing stock-emoji replacement,🎚️,256x256,yes,4,inventory,uses=1; files=1; semantic_name=level_slider__variation_selector-16; top_files=main.gd×1
emoji_2b1c,emoji_migration,Existing stock-emoji replacement,⬜,256x256,yes,4,inventory,uses=1; files=1; semantic_name=white_large_square; top_files=main.gd×1
emoji_1fa76,emoji_migration,Existing stock-emoji replacement,🩶,256x256,yes,4,inventory,uses=1; files=1; semantic_name=grey_heart; top_files=main.gd×1
emoji_1f50a,emoji_migration,Existing stock-emoji replacement,🔊,256x256,yes,4,inventory,uses=1; files=1; semantic_name=speaker_with_three_sound_waves; top_files=main.gd×1
emoji_1f5b1_fe0f,emoji_migration,Existing stock-emoji replacement,🖱️,256x256,yes,4,inventory,uses=1; files=1; semantic_name=three_button_mouse__variation_selector-16; top_files=main.gd×1
emoji_1f4b1,emoji_migration,Existing stock-emoji replacement,💱,256x256,yes,4,inventory,uses=1; files=1; semantic_name=currency_exchange; top_files=main.gd×1
emoji_1f4f3,emoji_migration,Existing stock-emoji replacement,📳,256x256,yes,4,inventory,uses=1; files=1; semantic_name=vibration_mode; top_files=main.gd×1
emoji_1f533,emoji_migration,Existing stock-emoji replacement,🔳,256x256,yes,4,inventory,uses=1; files=1; semantic_name=white_square_button; top_files=main.gd×1
emoji_271d,emoji_migration,Existing stock-emoji replacement,✝,256x256,yes,4,inventory,uses=1; files=1; semantic_name=latin_cross; top_files=family_tree_view.gd×1
emoji_25b8,emoji_migration,Existing stock-emoji replacement,▸,256x256,yes,4,inventory,uses=1; files=1; semantic_name=black_right-pointing_small_triangle; top_files=ui_kit.gd×1
emoji_1f466,emoji_migration,Existing stock-emoji replacement,👦,256x256,yes,4,inventory,uses=1; files=1; semantic_name=boy; top_files=ui_kit.gd×1
emoji_1f474,emoji_migration,Existing stock-emoji replacement,👴,256x256,yes,4,inventory,uses=1; files=1; semantic_name=older_man; top_files=ui_kit.gd×1
emoji_1f468_200d_1f4bc,emoji_migration,Existing stock-emoji replacement,👨‍💼,256x256,yes,4,inventory,uses=1; files=1; semantic_name=man__zero_width_joiner__briefcase; top_files=mg_pickpocket.gd×1
emoji_1f928,emoji_migration,Existing stock-emoji replacement,🤨,256x256,yes,4,inventory,uses=1; files=1; semantic_name=face_with_one_eyebrow_raised; top_files=mg_pickpocket.gd×1
emoji_1f9d1_200d_1f373,emoji_migration,Existing stock-emoji replacement,🧑‍🍳,256x256,yes,4,inventory,uses=1; files=1; semantic_name=adult__zero_width_joiner__cooking; top_files=mg_pet_sneak.gd×1
emoji_1f914,emoji_migration,Existing stock-emoji replacement,🤔,256x256,yes,4,inventory,uses=1; files=1; semantic_name=thinking_face; top_files=mg_debate.gd×1
emoji_1f917,emoji_migration,Existing stock-emoji replacement,🤗,256x256,yes,4,inventory,uses=1; files=1; semantic_name=hugging_face; top_files=mg_debate.gd×1
emoji_1f628,emoji_migration,Existing stock-emoji replacement,😨,256x256,yes,4,inventory,uses=1; files=1; semantic_name=fearful_face; top_files=mg_debate.gd×1
emoji_1f44f,emoji_migration,Existing stock-emoji replacement,👏,256x256,yes,4,inventory,uses=1; files=1; semantic_name=clapping_hands_sign; top_files=mg_debate.gd×1
emoji_1f603,emoji_migration,Existing stock-emoji replacement,😃,256x256,yes,4,inventory,uses=1; files=1; semantic_name=smiling_face_with_open_mouth; top_files=mg_debate.gd×1
emoji_1f330,emoji_migration,Existing stock-emoji replacement,🌰,256x256,yes,4,inventory,uses=1; files=1; semantic_name=chestnut; top_files=mg_pet_pounce.gd×1
emoji_25bc,emoji_migration,Existing stock-emoji replacement,▼,256x256,yes,4,inventory,uses=1; files=1; semantic_name=black_down-pointing_triangle; top_files=mg_pet_pounce.gd×1
emoji_1f481,emoji_migration,Existing stock-emoji replacement,💁,256x256,yes,4,inventory,uses=1; files=1; semantic_name=information_desk_person; top_files=mg_runway.gd×1
emoji_2660,emoji_migration,Existing stock-emoji replacement,♠,256x256,yes,4,inventory,uses=1; files=1; semantic_name=black_spade_suit; top_files=mg_blackjack.gd×1
emoji_2666,emoji_migration,Existing stock-emoji replacement,♦,256x256,yes,4,inventory,uses=1; files=1; semantic_name=black_diamond_suit; top_files=mg_blackjack.gd×1
emoji_2663,emoji_migration,Existing stock-emoji replacement,♣,256x256,yes,4,inventory,uses=1; files=1; semantic_name=black_club_suit; top_files=mg_blackjack.gd×1
emoji_2934,emoji_migration,Existing stock-emoji replacement,⤴,256x256,yes,4,inventory,uses=1; files=1; semantic_name=arrow_pointing_rightwards_then_curving_upwards; top_files=mg_pet_agility.gd×1
emoji_2935,emoji_migration,Existing stock-emoji replacement,⤵,256x256,yes,4,inventory,uses=1; files=1; semantic_name=arrow_pointing_rightwards_then_curving_downwards; top_files=mg_pet_agility.gd×1
emoji_2618_fe0f,emoji_migration,Existing stock-emoji replacement,☘️,256x256,yes,4,inventory,uses=1; files=1; semantic_name=shamrock__variation_selector-16; top_files=mg_potion.gd×1
emoji_1fad5,emoji_migration,Existing stock-emoji replacement,🫕,256x256,yes,4,inventory,uses=1; files=1; semantic_name=fondue; top_files=mg_potion.gd×1
emoji_1f4a6,emoji_migration,Existing stock-emoji replacement,💦,256x256,yes,4,inventory,uses=1; files=1; semantic_name=splashing_sweat_symbol; top_files=mg_potion.gd×1
emoji_1fae7,emoji_migration,Existing stock-emoji replacement,🫧,256x256,yes,4,inventory,uses=1; files=1; semantic_name=bubbles; top_files=mg_potion.gd×1
emoji_1fae0,emoji_migration,Existing stock-emoji replacement,🫠,256x256,yes,4,inventory,uses=1; files=1; semantic_name=melting_face; top_files=mg_potion.gd×1
emoji_25cb,emoji_migration,Existing stock-emoji replacement,○,256x256,yes,4,inventory,uses=1; files=1; semantic_name=white_circle; top_files=mg_safecrack.gd×1
emoji_1faa5,emoji_migration,Existing stock-emoji replacement,🪥,256x256,yes,4,inventory,uses=1; files=1; semantic_name=toothbrush; top_files=mg_pr_shakedown.gd×1
emoji_1fa92,emoji_migration,Existing stock-emoji replacement,🪒,256x256,yes,4,inventory,uses=1; files=1; semantic_name=razor; top_files=mg_pr_shakedown.gd×1
emoji_1f58a_fe0f,emoji_migration,Existing stock-emoji replacement,🖊️,256x256,yes,4,inventory,uses=1; files=1; semantic_name=lower_left_ballpoint_pen__variation_selector-16; top_files=mg_pr_shakedown.gd×1
emoji_25b2,emoji_migration,Existing stock-emoji replacement,▲,256x256,yes,4,inventory,uses=1; files=1; semantic_name=black_up-pointing_triangle; top_files=mg_pet_scent.gd×1
emoji_2716,emoji_migration,Existing stock-emoji replacement,✖,256x256,yes,4,inventory,uses=1; files=1; semantic_name=heavy_multiplication_x; top_files=mg_g_wheel.gd×1
emoji_1f482,emoji_migration,Existing stock-emoji replacement,💂,256x256,yes,4,inventory,uses=1; files=1; semantic_name=guardsman; top_files=mg_infiltrate.gd×1
emoji_1f95a,emoji_migration,Existing stock-emoji replacement,🥚,256x256,yes,4,inventory,uses=1; files=1; semantic_name=egg; top_files=goals.gd×1
emoji_1f437,emoji_migration,Existing stock-emoji replacement,🐷,256x256,yes,4,inventory,uses=1; files=1; semantic_name=pig_face; top_files=meta.gd×1
emoji_1f31e,emoji_migration,Existing stock-emoji replacement,🌞,256x256,yes,4,inventory,uses=1; files=1; semantic_name=sun_with_face; top_files=climate.gd×1
emoji_1f334,emoji_migration,Existing stock-emoji replacement,🌴,256x256,yes,4,inventory,uses=1; files=1; semantic_name=palm_tree; top_files=climate.gd×1
emoji_1f33a,emoji_migration,Existing stock-emoji replacement,🌺,256x256,yes,4,inventory,uses=1; files=1; semantic_name=hibiscus; top_files=climate.gd×1
emoji_1f3dc_fe0f,emoji_migration,Existing stock-emoji replacement,🏜️,256x256,yes,4,inventory,uses=1; files=1; semantic_name=desert__variation_selector-16; top_files=climate.gd×1
emoji_1f326_fe0f,emoji_migration,Existing stock-emoji replacement,🌦️,256x256,yes,4,inventory,uses=1; files=1; semantic_name=white_sun_behind_cloud_with_rain__variation_selector-16; top_files=climate.gd×1
emoji_1f4fc,emoji_migration,Existing stock-emoji replacement,📼,256x256,yes,4,inventory,uses=1; files=1; semantic_name=videocassette; top_files=romance.gd×1
emoji_1f63a,emoji_migration,Existing stock-emoji replacement,😺,256x256,yes,4,inventory,uses=1; files=1; semantic_name=smiling_cat_face_with_open_mouth; top_files=pets.gd×1
emoji_1f423,emoji_migration,Existing stock-emoji replacement,🐣,256x256,yes,4,inventory,uses=1; files=1; semantic_name=hatching_chick; top_files=pets.gd×1
emoji_1f640,emoji_migration,Existing stock-emoji replacement,🙀,256x256,yes,4,inventory,uses=1; files=1; semantic_name=weary_cat_face; top_files=pets.gd×1
emoji_1f636_200d_1f32b_fe0f,emoji_migration,Existing stock-emoji replacement,😶‍🌫️,256x256,yes,4,inventory,uses=1; files=1; semantic_name=face_without_mouth__zero_width_joiner__fog__variation_selector-16; top_files=pets.gd×1
emoji_1f649,emoji_migration,Existing stock-emoji replacement,🙉,256x256,yes,4,inventory,uses=1; files=1; semantic_name=hear-no-evil_monkey; top_files=pets.gd×1
emoji_1f99f,emoji_migration,Existing stock-emoji replacement,🦟,256x256,yes,4,inventory,uses=1; files=1; semantic_name=mosquito; top_files=world.gd×1
emoji_1f37f,emoji_migration,Existing stock-emoji replacement,🍿,256x256,yes,4,inventory,uses=1; files=1; semantic_name=popcorn; top_files=new_careers.gd×1
emoji_1f9a6,emoji_migration,Existing stock-emoji replacement,🦦,256x256,yes,4,inventory,uses=1; files=1; semantic_name=otter; top_files=companions.gd×1
emoji_1f9d1_200d_1f4bb,emoji_migration,Existing stock-emoji replacement,🧑‍💻,256x256,yes,4,inventory,uses=1; files=1; semantic_name=adult__zero_width_joiner__personal_computer; top_files=workplace.gd×1
emoji_1f198,emoji_migration,Existing stock-emoji replacement,🆘,256x256,yes,4,inventory,uses=1; files=1; semantic_name=squared_sos; top_files=bonds.gd×1
emoji_1f384,emoji_migration,Existing stock-emoji replacement,🎄,256x256,yes,4,inventory,uses=1; files=1; semantic_name=christmas_tree; top_files=bonds.gd×1
emoji_25b6_fe0f,emoji_migration,Existing stock-emoji replacement,▶️,256x256,yes,4,inventory,uses=1; files=1; semantic_name=black_right-pointing_triangle__variation_selector-16; top_files=social.gd×1
emoji_1f7e3,emoji_migration,Existing stock-emoji replacement,🟣,256x256,yes,4,inventory,uses=1; files=1; semantic_name=large_purple_circle; top_files=social.gd×1
emoji_1f35c,emoji_migration,Existing stock-emoji replacement,🍜,256x256,yes,4,inventory,uses=1; files=1; semantic_name=steaming_bowl; top_files=social.gd×1
emoji_1f491,emoji_migration,Existing stock-emoji replacement,💑,256x256,yes,4,inventory,uses=1; files=1; semantic_name=couple_with_heart; top_files=social.gd×1
emoji_1f355,emoji_migration,Existing stock-emoji replacement,🍕,256x256,yes,4,inventory,uses=1; files=1; semantic_name=slice_of_pizza; top_files=keeping.gd×1
emoji_1fad2,emoji_migration,Existing stock-emoji replacement,🫒,256x256,yes,4,inventory,uses=1; files=1; semantic_name=olive; top_files=daily.gd×1
emoji_1f953,emoji_migration,Existing stock-emoji replacement,🥓,256x256,yes,4,inventory,uses=1; files=1; semantic_name=bacon; top_files=daily.gd×1
emoji_1f9d6,emoji_migration,Existing stock-emoji replacement,🧖,256x256,yes,4,inventory,uses=1; files=1; semantic_name=person_in_steamy_room; top_files=daily.gd×1
emoji_1f409,emoji_migration,Existing stock-emoji replacement,🐉,256x256,yes,4,inventory,uses=1; files=1; semantic_name=dragon; top_files=daily.gd×1
emoji_1fae5,emoji_migration,Existing stock-emoji replacement,🫥,256x256,yes,4,inventory,uses=1; files=1; semantic_name=dotted_line_face; top_files=daily.gd×1
emoji_1f3a2,emoji_migration,Existing stock-emoji replacement,🎢,256x256,yes,4,inventory,uses=1; files=1; semantic_name=roller_coaster; top_files=daily.gd×1
emoji_2668_fe0f,emoji_migration,Existing stock-emoji replacement,♨️,256x256,yes,4,inventory,uses=1; files=1; semantic_name=hot_springs__variation_selector-16; top_files=daily.gd×1
emoji_26f7_fe0f,emoji_migration,Existing stock-emoji replacement,⛷️,256x256,yes,4,inventory,uses=1; files=1; semantic_name=skier__variation_selector-16; top_files=daily.gd×1
emoji_1f3ef,emoji_migration,Existing stock-emoji replacement,🏯,256x256,yes,4,inventory,uses=1; files=1; semantic_name=japanese_castle; top_files=daily.gd×1
emoji_265f_fe0f,emoji_migration,Existing stock-emoji replacement,♟️,256x256,yes,4,inventory,uses=1; files=1; semantic_name=black_chess_pawn__variation_selector-16; top_files=daily.gd×1
emoji_1f3d0,emoji_migration,Existing stock-emoji replacement,🏐,256x256,yes,4,inventory,uses=1; files=1; semantic_name=volleyball; top_files=daily.gd×1
emoji_26ab,emoji_migration,Existing stock-emoji replacement,⚫,256x256,yes,4,inventory,uses=1; files=1; semantic_name=medium_black_circle; top_files=daily.gd×1
emoji_2642_fe0f,emoji_migration,Existing stock-emoji replacement,♂️,256x256,yes,4,inventory,uses=1; files=1; semantic_name=male_sign__variation_selector-16; top_files=daily.gd×1
emoji_2640_fe0f,emoji_migration,Existing stock-emoji replacement,♀️,256x256,yes,4,inventory,uses=1; files=1; semantic_name=female_sign__variation_selector-16; top_files=daily.gd×1
emoji_26a7_fe0f,emoji_migration,Existing stock-emoji replacement,⚧️,256x256,yes,4,inventory,uses=1; files=1; semantic_name=male_with_stroke_and_male_and_female_sign__variation_selector-16; top_files=daily.gd×1
emoji_1f3e8,emoji_migration,Existing stock-emoji replacement,🏨,256x256,yes,4,inventory,uses=1; files=1; semantic_name=hotel; top_files=daily.gd×1
emoji_1f376,emoji_migration,Existing stock-emoji replacement,🍶,256x256,yes,4,inventory,uses=1; files=1; semantic_name=sake_bottle_and_cup; top_files=items.gd×1
emoji_1f698,emoji_migration,Existing stock-emoji replacement,🚘,256x256,yes,4,inventory,uses=1; files=1; semantic_name=oncoming_automobile; top_files=finance.gd×1
emoji_1f3fc,emoji_migration,Existing stock-emoji replacement,🏼,256x256,yes,4,inventory,uses=1; files=1; semantic_name=emoji_modifier_fitzpatrick_type-3; top_files=avatar.gd×1
emoji_1f9b0,emoji_migration,Existing stock-emoji replacement,🦰,256x256,yes,4,inventory,uses=1; files=1; semantic_name=emoji_component_red_hair; top_files=avatar.gd×1
emoji_1f9b1,emoji_migration,Existing stock-emoji replacement,🦱,256x256,yes,4,inventory,uses=1; files=1; semantic_name=emoji_component_curly_hair; top_files=avatar.gd×1
emoji_1f9b3,emoji_migration,Existing stock-emoji replacement,🦳,256x256,yes,4,inventory,uses=1; files=1; semantic_name=emoji_component_white_hair; top_files=avatar.gd×1
emoji_1f9b2,emoji_migration,Existing stock-emoji replacement,🦲,256x256,yes,4,inventory,uses=1; files=1; semantic_name=emoji_component_bald; top_files=avatar.gd×1
emoji_1f473,emoji_migration,Existing stock-emoji replacement,👳,256x256,yes,4,inventory,uses=1; files=1; semantic_name=man_with_turban; top_files=avatar.gd×1
emoji_1f9d5,emoji_migration,Existing stock-emoji replacement,🧕,256x256,yes,4,inventory,uses=1; files=1; semantic_name=person_with_headscarf; top_files=avatar.gd×1
emoji_1f472,emoji_migration,Existing stock-emoji replacement,👲,256x256,yes,4,inventory,uses=1; files=1; semantic_name=man_with_gua_pi_mao; top_files=avatar.gd×1
emoji_1f477,emoji_migration,Existing stock-emoji replacement,👷,256x256,yes,4,inventory,uses=1; files=1; semantic_name=construction_worker; top_files=avatar.gd×1
emoji_1f575,emoji_migration,Existing stock-emoji replacement,🕵,256x256,yes,4,inventory,uses=1; files=1; semantic_name=sleuth_or_spy; top_files=avatar.gd×1
emoji_1f934,emoji_migration,Existing stock-emoji replacement,🤴,256x256,yes,4,inventory,uses=1; files=1; semantic_name=prince; top_files=avatar.gd×1
emoji_1f9dd,emoji_migration,Existing stock-emoji replacement,🧝,256x256,yes,4,inventory,uses=1; files=1; semantic_name=elf; top_files=avatar.gd×1
emoji_1f4cf,emoji_migration,Existing stock-emoji replacement,📏,256x256,yes,4,inventory,uses=1; files=1; semantic_name=straight_ruler; top_files=units.gd×1
emoji_1f9da,emoji_migration,Existing stock-emoji replacement,🧚,256x256,yes,4,inventory,uses=1; files=1; semantic_name=fairy; top_files=dealer.gd×1
emoji_1f9c2,emoji_migration,Existing stock-emoji replacement,🧂,256x256,yes,4,inventory,uses=1; files=1; semantic_name=salt_shaker; top_files=dealer.gd×1
emoji_1f410,emoji_migration,Existing stock-emoji replacement,🐐,256x256,yes,4,inventory,uses=1; files=1; semantic_name=goat; top_files=empires.gd×1
emoji_1f9a9,emoji_migration,Existing stock-emoji replacement,🦩,256x256,yes,4,inventory,uses=1; files=1; semantic_name=flamingo; top_files=empires.gd×1
emoji_1f427,emoji_migration,Existing stock-emoji replacement,🐧,256x256,yes,4,inventory,uses=1; files=1; semantic_name=penguin; top_files=empires.gd×1
emoji_1f992,emoji_migration,Existing stock-emoji replacement,🦒,256x256,yes,4,inventory,uses=1; files=1; semantic_name=giraffe_face; top_files=empires.gd×1
emoji_1f98d,emoji_migration,Existing stock-emoji replacement,🦍,256x256,yes,4,inventory,uses=1; files=1; semantic_name=gorilla; top_files=empires.gd×1
emoji_1f418,emoji_migration,Existing stock-emoji replacement,🐘,256x256,yes,4,inventory,uses=1; files=1; semantic_name=elephant; top_files=empires.gd×1
emoji_1f412,emoji_migration,Existing stock-emoji replacement,🐒,256x256,yes,4,inventory,uses=1; files=1; semantic_name=monkey; top_files=empires.gd×1
emoji_1f98f,emoji_migration,Existing stock-emoji replacement,🦏,256x256,yes,4,inventory,uses=1; files=1; semantic_name=rhinoceros; top_files=empires.gd×1
emoji_1f43a,emoji_migration,Existing stock-emoji replacement,🐺,256x256,yes,4,inventory,uses=1; files=1; semantic_name=wolf_face; top_files=empires.gd×1
emoji_1f9ab,emoji_migration,Existing stock-emoji replacement,🦫,256x256,yes,4,inventory,uses=1; files=1; semantic_name=beaver; top_files=empires.gd×1
emoji_1f99d,emoji_migration,Existing stock-emoji replacement,🦝,256x256,yes,4,inventory,uses=1; files=1; semantic_name=raccoon; top_files=empires.gd×1
emoji_1f994,emoji_migration,Existing stock-emoji replacement,🦔,256x256,yes,4,inventory,uses=1; files=1; semantic_name=hedgehog; top_files=empires.gd×1
emoji_1f9a1,emoji_migration,Existing stock-emoji replacement,🦡,256x256,yes,4,inventory,uses=1; files=1; semantic_name=badger; top_files=empires.gd×1
emoji_1f9ac,emoji_migration,Existing stock-emoji replacement,🦬,256x256,yes,4,inventory,uses=1; files=1; semantic_name=bison; top_files=empires.gd×1
emoji_1f9a8,emoji_migration,Existing stock-emoji replacement,🦨,256x256,yes,4,inventory,uses=1; files=1; semantic_name=skunk; top_files=empires.gd×1
emoji_1f406,emoji_migration,Existing stock-emoji replacement,🐆,256x256,yes,4,inventory,uses=1; files=1; semantic_name=leopard; top_files=empires.gd×1
emoji_1face,emoji_migration,Existing stock-emoji replacement,🫎,256x256,yes,4,inventory,uses=1; files=1; semantic_name=moose; top_files=empires.gd×1
emoji_267f,emoji_migration,Existing stock-emoji replacement,♿,256x256,yes,4,inventory,uses=1; files=1; semantic_name=wheelchair_symbol; top_files=expansion.gd×1
emoji_2660_fe0f,emoji_migration,Existing stock-emoji replacement,♠️,256x256,yes,4,inventory,uses=1; files=1; semantic_name=black_spade_suit__variation_selector-16; top_files=expansion.gd×1
emoji_26f5,emoji_migration,Existing stock-emoji replacement,⛵,256x256,yes,4,inventory,uses=1; files=1; semantic_name=sailboat; top_files=expansion.gd×1
emoji_1fab5,emoji_migration,Existing stock-emoji replacement,🪵,256x256,yes,4,inventory,uses=1; files=1; semantic_name=wood; top_files=expansion.gd×1
emoji_1f4a7,emoji_migration,Existing stock-emoji replacement,💧,256x256,yes,4,inventory,uses=1; files=1; semantic_name=droplet; top_files=expansion.gd×1
emoji_1f7e6,emoji_migration,Existing stock-emoji replacement,🟦,256x256,yes,4,inventory,uses=1; files=1; semantic_name=large_blue_square; top_files=expansion.gd×1
emoji_1f7e5,emoji_migration,Existing stock-emoji replacement,🟥,256x256,yes,4,inventory,uses=1; files=1; semantic_name=large_red_square; top_files=expansion.gd×1
emoji_1f51f,emoji_migration,Existing stock-emoji replacement,🔟,256x256,yes,4,inventory,uses=1; files=1; semantic_name=keycap_ten; top_files=expansion.gd×1
emoji_1f50b,emoji_migration,Existing stock-emoji replacement,🔋,256x256,yes,4,inventory,uses=1; files=1; semantic_name=battery; top_files=expansion.gd×1
emoji_1f47d,emoji_migration,Existing stock-emoji replacement,👽,256x256,yes,4,inventory,uses=1; files=1; semantic_name=extraterrestrial_alien; top_files=expansion.gd×1
emoji_1f9be,emoji_migration,Existing stock-emoji replacement,🦾,256x256,yes,4,inventory,uses=1; files=1; semantic_name=mechanical_arm; top_files=fights.gd×1
emoji_1f74a,emoji_migration,Existing stock-emoji replacement,🝊,256x256,yes,4,inventory,uses=1; files=1; semantic_name=alchemical_symbol_for_wax; top_files=undeath.gd×1
emoji_1f703,emoji_migration,Existing stock-emoji replacement,🜃,256x256,yes,4,inventory,uses=1; files=1; semantic_name=alchemical_symbol_for_earth; top_files=undeath.gd×1
emoji_1f704,emoji_migration,Existing stock-emoji replacement,🜄,256x256,yes,4,inventory,uses=1; files=1; semantic_name=alchemical_symbol_for_water; top_files=undeath.gd×1
emoji_1f975,emoji_migration,Existing stock-emoji replacement,🥵,256x256,yes,4,inventory,uses=1; files=1; semantic_name=overheated_face; top_files=places.gd×1
emoji_1f687,emoji_migration,Existing stock-emoji replacement,🚇,256x256,yes,4,inventory,uses=1; files=1; semantic_name=metro; top_files=places.gd×1
emoji_1f9aa,emoji_migration,Existing stock-emoji replacement,🦪,256x256,yes,4,inventory,uses=1; files=1; semantic_name=oyster; top_files=shop.gd×1
emoji_1f3b7,emoji_migration,Existing stock-emoji replacement,🎷,256x256,yes,4,inventory,uses=1; files=1; semantic_name=saxophone; top_files=shop.gd×1
emoji_1f470,emoji_migration,Existing stock-emoji replacement,👰,256x256,yes,4,inventory,uses=1; files=1; semantic_name=bride_with_veil; top_files=shop.gd×1
emoji_1f6f5,emoji_migration,Existing stock-emoji replacement,🛵,256x256,yes,4,inventory,uses=1; files=1; semantic_name=motor_scooter; top_files=shop.gd×1
emoji_1f6f6,emoji_migration,Existing stock-emoji replacement,🛶,256x256,yes,4,inventory,uses=1; files=1; semantic_name=canoe; top_files=shop.gd×1
emoji_1f681,emoji_migration,Existing stock-emoji replacement,🚁,256x256,yes,4,inventory,uses=1; files=1; semantic_name=helicopter; top_files=shop.gd×1
emoji_1fad9,emoji_migration,Existing stock-emoji replacement,🫙,256x256,yes,4,inventory,uses=1; files=1; semantic_name=jar; top_files=shop.gd×1
emoji_1f46e_200d_2640_fe0f,emoji_migration,Existing stock-emoji replacement,👮‍♀️,256x256,yes,4,inventory,uses=1; files=1; semantic_name=police_officer__zero_width_joiner__female_sign__variation_selector-16; top_files=prison.gd×1
emoji_1f69b,emoji_migration,Existing stock-emoji replacement,🚛,256x256,yes,4,inventory,uses=1; files=1; semantic_name=articulated_lorry; top_files=jobs.json×1
emoji_1f1f8,emoji_migration,Existing stock-emoji replacement,🇸,256x256,yes,4,inventory,uses=1; files=1; semantic_name=regional_indicator_symbol_letter_s; top_files=countries.json×1
emoji_1f1e9,emoji_migration,Existing stock-emoji replacement,🇩,256x256,yes,4,inventory,uses=1; files=1; semantic_name=regional_indicator_symbol_letter_d; top_files=countries.json×1
emoji_1f1eb,emoji_migration,Existing stock-emoji replacement,🇫,256x256,yes,4,inventory,uses=1; files=1; semantic_name=regional_indicator_symbol_letter_f; top_files=countries.json×1
emoji_1f1ef,emoji_migration,Existing stock-emoji replacement,🇯,256x256,yes,4,inventory,uses=1; files=1; semantic_name=regional_indicator_symbol_letter_j; top_files=countries.json×1
emoji_1f1f2,emoji_migration,Existing stock-emoji replacement,🇲,256x256,yes,4,inventory,uses=1; files=1; semantic_name=regional_indicator_symbol_letter_m; top_files=countries.json×1
emoji_1f1fd,emoji_migration,Existing stock-emoji replacement,🇽,256x256,yes,4,inventory,uses=1; files=1; semantic_name=regional_indicator_symbol_letter_x; top_files=countries.json×1
emoji_1f1ed,emoji_migration,Existing stock-emoji replacement,🇭,256x256,yes,4,inventory,uses=1; files=1; semantic_name=regional_indicator_symbol_letter_h; top_files=countries.json×1
emoji_1f1ee,emoji_migration,Existing stock-emoji replacement,🇮,256x256,yes,4,inventory,uses=1; files=1; semantic_name=regional_indicator_symbol_letter_i; top_files=countries.json×1
emoji_1f1f0,emoji_migration,Existing stock-emoji replacement,🇰,256x256,yes,4,inventory,uses=1; files=1; semantic_name=regional_indicator_symbol_letter_k; top_files=countries.json×1
emoji_1f1e8,emoji_migration,Existing stock-emoji replacement,🇨,256x256,yes,4,inventory,uses=1; files=1; semantic_name=regional_indicator_symbol_letter_c; top_files=countries.json×1
emoji_1f46f,emoji_migration,Existing stock-emoji replacement,👯,256x256,yes,4,inventory,uses=1; files=1; semantic_name=woman_with_bunny_ears; top_files=achievements.json×1
emoji_1f320,emoji_migration,Existing stock-emoji replacement,🌠,256x256,yes,4,inventory,uses=1; files=1; semantic_name=shooting_star; top_files=achievements.json×1
emoji_1f49b,emoji_migration,Existing stock-emoji replacement,💛,256x256,yes,4,inventory,uses=1; files=1; semantic_name=yellow_heart; top_files=traits.json×1
emoji_1f918,emoji_migration,Existing stock-emoji replacement,🤘,256x256,yes,4,inventory,uses=1; files=1; semantic_name=sign_of_the_horns; top_files=traits.json×1
emoji_1f401,emoji_migration,Existing stock-emoji replacement,🐁,256x256,yes,4,inventory,uses=1; files=1; semantic_name=mouse; top_files=pets.json×1
emoji_1f6e3_fe0f,emoji_migration,Existing stock-emoji replacement,🛣️,256x256,yes,4,inventory,uses=1; files=1; semantic_name=motorway__variation_selector-16; top_files=pets.json×1
emoji_1f945,emoji_migration,Existing stock-emoji replacement,🥅,256x256,yes,4,inventory,uses=1; files=1; semantic_name=goal_net; top_files=pets.json×1
emoji_1f969,emoji_migration,Existing stock-emoji replacement,🥩,256x256,yes,4,inventory,uses=1; files=1; semantic_name=cut_of_meat; top_files=pets.json×1
emoji_1f415_200d_1f9ba,emoji_migration,Existing stock-emoji replacement,🐕‍🦺,256x256,yes,4,inventory,uses=1; files=1; semantic_name=dog__zero_width_joiner__safety_vest; top_files=pets.json×1
emoji_1f9e3,emoji_migration,Existing stock-emoji replacement,🧣,256x256,yes,4,inventory,uses=1; files=1; semantic_name=scarf; top_files=pets.json×1
emoji_1f927,emoji_migration,Existing stock-emoji replacement,🤧,256x256,yes,4,inventory,uses=1; files=1; semantic_name=sneezing_face; top_files=pets.json×1
emoji_1f3bd,emoji_migration,Existing stock-emoji replacement,🎽,256x256,yes,4,inventory,uses=1; files=1; semantic_name=running_shirt_with_sash; top_files=pets.json×1
emoji_1f69c,emoji_migration,Existing stock-emoji replacement,🚜,256x256,yes,4,inventory,uses=1; files=1; semantic_name=tractor; top_files=pets.json×1
emoji_1f4ee,emoji_migration,Existing stock-emoji replacement,📮,256x256,yes,4,inventory,uses=1; files=1; semantic_name=postbox; top_files=pets.json×1
emoji_1f633,emoji_migration,Existing stock-emoji replacement,😳,256x256,yes,4,inventory,uses=1; files=1; semantic_name=flushed_face; top_files=work.json×1
emoji_1f469_200d_1f3eb,emoji_migration,Existing stock-emoji replacement,👩‍🏫,256x256,yes,4,inventory,uses=1; files=1; semantic_name=woman__zero_width_joiner__school; top_files=school.json×1
emoji_26fd,emoji_migration,Existing stock-emoji replacement,⛽,256x256,yes,4,inventory,uses=1; files=1; semantic_name=fuel_pump; top_files=lives.json×1
emoji_1f46c,emoji_migration,Existing stock-emoji replacement,👬,256x256,yes,4,inventory,uses=1; files=1; semantic_name=two_men_holding_hands; top_files=more.json×1
emoji_1f9d7,emoji_migration,Existing stock-emoji replacement,🧗,256x256,yes,4,inventory,uses=1; files=1; semantic_name=person_climbing; top_files=more.json×1
emoji_1f310,emoji_migration,Existing stock-emoji replacement,🌐,256x256,yes,4,inventory,uses=1; files=1; semantic_name=globe_with_meridians; top_files=more.json×1
emoji_1f6eb,emoji_migration,Existing stock-emoji replacement,🛫,256x256,yes,4,inventory,uses=1; files=1; semantic_name=airplane_departure; top_files=estates.json×1
emoji_1f3ed,emoji_migration,Existing stock-emoji replacement,🏭,256x256,yes,4,inventory,uses=1; files=1; semantic_name=factory; top_files=estates.json×1
emoji_1f32e,emoji_migration,Existing stock-emoji replacement,🌮,256x256,yes,4,inventory,uses=1; files=1; semantic_name=taco; top_files=adult.json×1
emoji_1f5de_fe0f,emoji_migration,Existing stock-emoji replacement,🗞️,256x256,yes,4,inventory,uses=1; files=1; semantic_name=rolled-up_newspaper__variation_selector-16; top_files=adult.json×1
emoji_1fad8,emoji_migration,Existing stock-emoji replacement,🫘,256x256,yes,4,inventory,uses=1; files=1; semantic_name=beans; top_files=twists.json×1
emoji_1f690,emoji_migration,Existing stock-emoji replacement,🚐,256x256,yes,4,inventory,uses=1; files=1; semantic_name=minibus; top_files=twists.json×1
emoji_1f6bd,emoji_migration,Existing stock-emoji replacement,🚽,256x256,yes,4,inventory,uses=1; files=1; semantic_name=toilet; top_files=everyday.json×1
emoji_1f6dd,emoji_migration,Existing stock-emoji replacement,🛝,256x256,yes,4,inventory,uses=1; files=1; semantic_name=playground_slide; top_files=everyday.json×1
emoji_1f623,emoji_migration,Existing stock-emoji replacement,😣,256x256,yes,4,inventory,uses=1; files=1; semantic_name=persevering_face; top_files=everyday.json×1
emoji_1f6de,emoji_migration,Existing stock-emoji replacement,🛞,256x256,yes,4,inventory,uses=1; files=1; semantic_name=wheel; top_files=everyday.json×1
emoji_1f345,emoji_migration,Existing stock-emoji replacement,🍅,256x256,yes,4,inventory,uses=1; files=1; semantic_name=tomato; top_files=everyday.json×1
emoji_1f973,emoji_migration,Existing stock-emoji replacement,🥳,256x256,yes,4,inventory,uses=1; files=1; semantic_name=face_with_party_horn_and_party_hat; top_files=real.json×1
emoji_1f4f5,emoji_migration,Existing stock-emoji replacement,📵,256x256,yes,4,inventory,uses=1; files=1; semantic_name=no_mobile_phones; top_files=real.json×1
emoji_1f36a,emoji_migration,Existing stock-emoji replacement,🍪,256x256,yes,4,inventory,uses=1; files=1; semantic_name=cookie; top_files=money.json×1
emoji_1f468_200d_1f680,emoji_migration,Existing stock-emoji replacement,👨‍🚀,256x256,yes,4,inventory,uses=1; files=1; semantic_name=man__zero_width_joiner__rocket; top_files=careers2.json×1
emoji_1f929,emoji_migration,Existing stock-emoji replacement,🤩,256x256,yes,4,inventory,uses=1; files=1; semantic_name=grinning_face_with_star_eyes; top_files=empires.json×1
emoji_1f6bf,emoji_migration,Existing stock-emoji replacement,🚿,256x256,yes,4,inventory,uses=1; files=1; semantic_name=shower; top_files=prison_life.json×1
emoji_1f578_fe0f,emoji_migration,Existing stock-emoji replacement,🕸️,256x256,yes,4,inventory,uses=1; files=1; semantic_name=spider_web__variation_selector-16; top_files=prison_life.json×1
emoji_1f9d1_200d_1f393,emoji_migration,Existing stock-emoji replacement,🧑‍🎓,256x256,yes,4,inventory,uses=1; files=1; semantic_name=adult__zero_width_joiner__graduation_cap; top_files=prison_life.json×1
emoji_1f321_fe0f,emoji_migration,Existing stock-emoji replacement,🌡️,256x256,yes,4,inventory,uses=1; files=1; semantic_name=thermometer__variation_selector-16; top_files=prison_life.json×1
emoji_1f36c,emoji_migration,Existing stock-emoji replacement,🍬,256x256,yes,4,inventory,uses=1; files=1; semantic_name=candy; top_files=prison_life.json×1
emoji_1f636,emoji_migration,Existing stock-emoji replacement,😶,256x256,yes,4,inventory,uses=1; files=1; semantic_name=face_without_mouth; top_files=arcs.json×1
emoji_1f366,emoji_migration,Existing stock-emoji replacement,🍦,256x256,yes,4,inventory,uses=1; files=1; semantic_name=soft_ice_cream; top_files=teen.json×1
emoji_1f6b0,emoji_migration,Existing stock-emoji replacement,🚰,256x256,yes,4,inventory,uses=1; files=1; semantic_name=potable_water_symbol; top_files=v07.json×1
emoji_1fab4,emoji_migration,Existing stock-emoji replacement,🪴,256x256,yes,4,inventory,uses=1; files=1; semantic_name=potted_plant; top_files=v07.json×1
emoji_1f4f6,emoji_migration,Existing stock-emoji replacement,📶,256x256,yes,4,inventory,uses=1; files=1; semantic_name=antenna_with_bars; top_files=v07.json×1
emoji_1f468_200d_1f469_200d_1f467,emoji_migration,Existing stock-emoji replacement,👨‍👩‍👧,256x256,yes,4,inventory,uses=1; files=1; semantic_name=man__zero_width_joiner__woman__zero_width_joiner__girl; top_files=elder.json×1
